year,subject,level,position,school_id,school_name,slug,city,voivodeship,score,voivodeship_position,voivodeship_total,is_public
2021,overall,rozszerzony,1,019c23dc-2668-7cf6-9536-25ec03b8c5be,III LICEUM OGÓLNOKSZTAŁCĄCE Z ODDZ. DWUJĘZYCZNYMI IM. MARYNARKI WOJENNEJ RP,gdynia/liceum-ogolnoksztalcace/iii-liceum-ogolnoksztalcace-z-oddz-dwujezycznymi-im-marynarki-wojennej-rp-29583,Gdynia,POMORSKIE,80.27,3,230,True
2021,overall,rozszerzony,2,019c23e4-6770-765b-aa7a-25649e616a45,LICEUM AKADEMII DOBREJ EDUKACJI IM. MACIEJA PŁAŻYŃSKIEGO,gdansk/liceum-ogolnoksztalcace/liceum-akademii-dobrej-edukacji-im-macieja-plazynskiego-122271,Gdańsk,POMORSKIE,79.8,4,230,False
2021,overall,rozszerzony,3,019c23e1-616e-74f1-adca-e1dedd7eaa21,GDAŃSKIE SZKOŁY AUTONOMICZNE GDAŃSKIE LICEUM AUTONOMICZNE,gdansk/liceum-ogolnoksztalcace/gdanskie-szkoly-autonomiczne-gdanskie-liceum-autonomiczne-86002,Gdańsk,POMORSKIE,76.23,5,230,False
2021,overall,rozszerzony,4,019c23e2-8cfe-7032-91a5-33ece1af3438,OGÓLNOKSZTAŁCĄCA SZKOŁA MUZYCZNA II ST. W GDAŃSKU,gdansk/ogolnoksztalcaca-szkola-muzyczna-ii-stopnia/ogolnoksztalcaca-szkola-muzyczna-ii-st-w-gdansku-103727,Gdańsk,POMORSKIE,72.28,7,230,True
2021,overall,rozszerzony,5,019c23d8-ae37-7bc1-a2a8-f92b0f783fb8,V LICEUM OGÓLNOKSZTAŁCĄCE IM. STEFANA ŻEROMSKIEGO W GDAŃSKU,gdansk/liceum-ogolnoksztalcace/v-liceum-ogolnoksztalcace-im-stefana-zeromskiego-w-gdansku-7051,Gdańsk,POMORSKIE,70.84,8,230,True
2021,overall,rozszerzony,6,019c23d8-cacf-7d04-b631-09a030bf5a2c,I LICEUM OGÓLNOKSZTAŁCĄCE IM. MIKOŁAJA KOPERNIKA W GDAŃSKU,gdansk/liceum-ogolnoksztalcace/i-liceum-ogolnoksztalcace-im-mikolaja-kopernika-w-gdansku-7753,Gdańsk,POMORSKIE,69.13,9,230,True
2021,overall,rozszerzony,7,019c23e0-37ae-7ea3-9fbf-da9c7dee8e1a,II LICEUM OGÓLNOKSZTAŁCĄCE IM. DR. WŁADYSŁAWA PNIEWSKIEGO W GDAŃSKU,gdansk/liceum-ogolnoksztalcace/ii-liceum-ogolnoksztalcace-im-dr-wladyslawa-pniewskiego-w-gdansku-74772,Gdańsk,POMORSKIE,68.32,10,230,True
2021,overall,rozszerzony,8,019c23a3-5615-78cb-abcc-4d7104553fe0,VI LICEUM OGÓLNOKSZTAŁCĄCE IM. WACŁAWA SIERPIŃSKIEGO,gdynia/liceum-ogolnoksztalcace/vi-liceum-ogolnoksztalcace-im-waclawa-sierpinskiego-3640,Gdynia,POMORSKIE,67.86,11,230,True
2021,overall,rozszerzony,9,019c23d8-b1fe-75d8-acac-8d2487fd86af,III LICEUM OGÓLNOKSZTAŁCĄCE Z ODDZIAŁAMI DWUJĘZYCZNYMI IM. BOHATERÓW WESTERPLATTE W GDAŃSKU,gdansk/liceum-ogolnoksztalcace/iii-liceum-ogolnoksztalcace-z-oddzialami-dwujezycznymi-im-bohaterow-westerplatte-w-gdansku-7099,Gdańsk,POMORSKIE,65.61,13,230,True
2021,overall,rozszerzony,10,019c23dc-6645-7e40-85b7-27f86cbc5d5e,KATOLICKIE LICEUM OGÓLNOKSZTAŁCĄCE IM. ŚW. JANA PAWŁA II W GDYNI,gdynia/liceum-ogolnoksztalcace/katolickie-liceum-ogolnoksztalcace-im-sw-jana-pawla-ii-w-gdyni-31207,Gdynia,POMORSKIE,65.56,14,230,True
2021,overall,rozszerzony,11,019c23a3-560a-7f50-9455-d335ba48b0d2,X LICEUM OGÓLNOKSZTAŁCĄCE IM. GDYŃSKICH NAUCZYCIELI BOHATERÓW II WOJNY ŚWIATOWEJ,gdynia/liceum-ogolnoksztalcace/x-liceum-ogolnoksztalcace-im-gdynskich-nauczycieli-bohaterow-ii-wojny-swiatowej-3620,Gdynia,POMORSKIE,65.35,15,230,True
2021,overall,rozszerzony,12,019c23dc-f7d3-7885-a255-3ec8ba03b3c8,ZESPÓŁ SZKÓŁ KREOWANIA WIZERUNKU W GDAŃSKU - TECHNIKUM NR 9 IM.XYMENY ZANIEWSKIEJ,gdansk/technikum/zespol-szkol-kreowania-wizerunku-w-gdansku-technikum-nr-9-im-xymeny-zaniewskiej-40819,Gdańsk,POMORSKIE,64.93,17,230,True
2021,overall,rozszerzony,13,019c23e0-d61c-7be4-8f69-e856f05c746a,GDAŃSKIE LICEUM OGÓLNOKSZTAŁCĄCE,gdansk/liceum-ogolnoksztalcace/gdanskie-liceum-ogolnoksztalcace-81755,Gdańsk,POMORSKIE,64.29,19,230,False
2021,overall,rozszerzony,14,019c23d8-a94f-7be1-9898-adc018e38fc9,XX LICEUM OGÓLNOKSZTAŁCĄCE Z ODDZIAŁAMI DWUJĘZYCZNYMI IM. ZBIGNIEWA HERBERTA W GDAŃSKU,gdansk/liceum-ogolnoksztalcace/zespol-szkol-ogolnoksztalcacych-nr-12-xx-liceum-ogolnoksztalcace-z-oddzialami-dwujezycznymi-im-zbigniewa-herberta-w-gdansku-6968,Gdańsk,POMORSKIE,63.14,22,230,True
2021,overall,rozszerzony,15,019c23da-16ab-75a4-b435-e6a7fa58f81b,ZESPÓŁ SZKÓŁ SAMOCHODOWYCH IM. BRYGADY PANCERNEJ IM BOHATERÓW WESTERPLATTE TECHNIKUM NR 12 W GDAŃSKU,gdansk/technikum/zespol-szkol-samochodowych-im-brygady-pancernej-im-bohaterow-westerplatte-technikum-nr-12-w-gdansku-16180,Gdańsk,POMORSKIE,61,25,230,True
2021,overall,rozszerzony,16,019c23d9-4d0f-7ef0-868b-44892ed81157,VIII LICEUM OGÓLNOKSZTAŁCĄCE IM. KOMISJI EDUKACJI NARODOWEJ W GDAŃSKU,gdansk/liceum-ogolnoksztalcace/viii-liceum-ogolnoksztalcace-im-komisji-edukacji-narodowej-w-gdansku-11182,Gdańsk,POMORSKIE,60.1,26,230,True
2021,overall,rozszerzony,17,019c23e2-91c5-71d4-aa66-fb9ad3116922,PAŃSTWOWE LICEUM SZTUK PLASTYCZNYCH IM. MAGDALENY ABAKANOWICZ W GDYNI,gdynia/liceum-sztuk-plastycznych/panstwowe-liceum-sztuk-plastycznych-im-magdaleny-abakanowicz-w-gdyni-103759,Gdynia,POMORSKIE,59.62,29,230,True
2021,overall,rozszerzony,18,019c23e5-5028-773c-99fc-afb25060cad1,CENTRUM KSZTAŁCENIA ZAWODOWEGO I USTAWICZNEGO NR 1 - TECHNIKUM NR 2 IM. MARSZAŁKA JÓZEFA PIŁSUDSKIEGO W GDAŃSKU,gdansk/technikum/centrum-ksztalcenia-zawodowego-i-ustawicznego-nr-1-technikum-nr-2-im-marszalka-jozefa-pilsudskiego-w-gdansku-127924,Gdańsk,POMORSKIE,58.63,30,230,True
2021,overall,rozszerzony,19,019c23db-377c-75c2-9891-7d0c9cfefc2b,II LICEUM OGÓLNOKSZTAŁCĄCE Z ODDZIAŁAMI DWUJĘZYCZNYMI IM. ADAMA MICKIEWICZA,gdynia/liceum-ogolnoksztalcace/ii-liceum-ogolnoksztalcace-z-oddzialami-dwujezycznymi-im-adama-mickiewicza-23199,Gdynia,POMORSKIE,56.88,33,230,True
2021,overall,rozszerzony,20,019c23e0-d61d-7005-9ad8-e8d19919c411,OGÓLNOKSZTAŁCĄCE LICEUM PROGRAMÓW INDYWIDUALNYCH IM. ADMIRAŁA JÓZEFA UNRUGA,gdansk/liceum-ogolnoksztalcace/ogolnoksztalcace-liceum-programow-indywidualnych-im-admirala-jozefa-unruga-81759,Gdańsk,POMORSKIE,56.65,35,230,False
2021,overall,rozszerzony,21,019c23e6-c8f3-737d-b553-ea99ebca200f,LICEUM OGÓLNOKSZTAŁCĄCE THINKING ZONE,gdansk/liceum-ogolnoksztalcace/liceum-ogolnoksztalcace-thinking-zone-265997,Gdańsk,POMORSKIE,56.42,38,230,False
2021,overall,rozszerzony,22,019c23e6-6dcf-7b7f-85cb-c3cc5403ee1d,PIERWSZE SPOŁECZNE LICEUM OGÓLNOKSZTAŁCĄCE SZKOŁA MISTRZOSTWA SPORTOWEGO W GDYNI,gdynia/liceum-ogolnoksztalcace/pierwsze-spoleczne-liceum-ogolnoksztalcace-szkola-mistrzostwa-sportowego-w-gdyni-262373,Gdynia,POMORSKIE,56.32,39,230,False
2021,overall,rozszerzony,23,019c23d9-553d-71bd-a3b7-b4e4d2e59bf0,TECHNIKUM CHŁODNICZE IM. PROF. M.T. HUBERA,gdynia/technikum/technikum-chlodnicze-im-prof-m-t-hubera-11366,Gdynia,POMORSKIE,56.2,40,230,True
2021,overall,rozszerzony,24,019c23d9-72dc-72b3-b20b-c4daa45ae9a9,TECHNIKUM NR 3,gdynia/technikum/technikum-nr-3-12154,Gdynia,POMORSKIE,56,41,230,True
2021,overall,rozszerzony,25,019c23d9-4d0c-7036-bb0c-c4296cb32b21,ZESPÓŁ SZKÓŁ OGÓLNOKSZTAŁCĄCYCH NR 2 XXIV LICEUM OGÓLNOKSZTAŁCĄCE IM. STEFANA BANACHA W GDAŃSKU,gdansk/liceum-ogolnoksztalcace/zespol-szkol-ogolnoksztalcacych-nr-2-xxiv-liceum-ogolnoksztalcace-im-stefana-banacha-w-gdansku-11174,Gdańsk,POMORSKIE,54.98,45,230,True
2021,overall,rozszerzony,26,019c23db-8d8f-78b7-a0f6-bd29e0c30b18,OGÓLNOKSZTAŁCĄCA SZKOŁA BALETOWA IM. JANINY JARZYNÓWNY-SOBCZAK W GDAŃSKU,gdansk/ogolnoksztalcaca-szkola-baletowa/ogolnoksztalcaca-szkola-baletowa-im-janiny-jarzynowny-sobczak-w-gdansku-25362,Gdańsk,POMORSKIE,54.5,46,230,True
2021,overall,rozszerzony,27,019c23d8-a94a-7758-bba6-59d67f1da167,XIX LICEUM OGÓLNOKSZTAŁCĄCE IM. MARIANA MOKWY W GDAŃSKU,gdansk/liceum-ogolnoksztalcace/xix-liceum-ogolnoksztalcace-im-mariana-mokwy-w-gdansku-6954,Gdańsk,POMORSKIE,54.39,47,230,True
2021,overall,rozszerzony,28,019c23de-8063-742b-9069-c3dffc9b8149,AKADEMICKIE LICEUM OGÓLNOKSZTAŁCĄCE DLA MŁODZIEŻY W GDAŃSKU,gdansk/liceum-ogolnoksztalcace/akademickie-liceum-ogolnoksztalcace-dla-mlodziezy-w-gdansku-57154,Gdańsk,POMORSKIE,53.5,48,230,False
2021,overall,rozszerzony,29,019c23e6-6337-7693-b82e-ab2a9ded4f58,XVII LICEUM OGÓLNOKSZTAŁCĄCE W GDYNI,gdynia/liceum-ogolnoksztalcace/xvii-liceum-ogolnoksztalcace-w-gdyni-196346,Gdynia,POMORSKIE,53,51,230,True
2021,overall,rozszerzony,30,019c23dd-3a9d-76f5-830d-79a0b5935977,"AKADEMICKIE LICEUM OGÓLNOKSZTAŁCĄCE ""LINGWISTA"" IM. HYMNU NARODOWEGO",gdansk/liceum-ogolnoksztalcace/akademickie-liceum-ogolnoksztalcace-lingwista-im-hymnu-narodowego-43407,Gdańsk,POMORSKIE,52.38,56,230,False
2021,overall,rozszerzony,31,019c23da-8981-7b25-9261-e24d871a0c6d,XIV LICEUM OGÓLNOKSZTAŁCĄCE Z ODDZIAŁAMI DWUJĘZYCZNYMI IM. MIKOŁAJA KOPERNIKA W GDYNI,gdynia/liceum-ogolnoksztalcace/xiv-liceum-ogolnoksztalcace-z-oddzialami-dwujezycznymi-im-mikolaja-kopernika-w-gdyni-18942,Gdynia,POMORSKIE,52.33,57,230,True
2021,overall,rozszerzony,32,019c23dd-3a9d-76f5-830d-79a0b7845f8f,"LICEUM OGÓLNOKSZTAŁCĄCE ""COLLEGIUM GEDANENSE""",gdansk/liceum-ogolnoksztalcace/liceum-ogolnoksztalcace-collegium-gedanense-43409,Gdańsk,POMORSKIE,52.03,59,230,False
2021,overall,rozszerzony,33,019c23e1-6623-7b0f-8d24-485bee86e88c,HIGH INTERNATIONAL SCHOOL OF GDANSK/MIĘDZYNARODOWE LICEUM OGÓLNOKSZTAŁCĄCE W GDAŃSKU,gdansk/liceum-ogolnoksztalcace/high-international-school-of-gdansk-miedzynarodowe-liceum-ogolnoksztalcace-w-gdansku-86065,Gdańsk,POMORSKIE,50.87,63,230,False
2021,overall,rozszerzony,34,019c23d9-4d0f-7ef0-868b-44892d94e2f2,ZESPÓŁ SZKÓŁ OGÓLNOKSZTAŁCĄCYCH NR 1 IX LICEUM OGÓLNOKSZTAŁCĄCE IM. KRZYSZTOFA KOLBERGERA W GDAŃSKU,gdansk/liceum-ogolnoksztalcace/zespol-szkol-ogolnoksztalcacych-nr-1-ix-liceum-ogolnoksztalcace-im-krzysztofa-kolbergera-w-gdansku-11181,Gdańsk,POMORSKIE,50.48,64,230,True
2021,overall,rozszerzony,35,019c23a3-5e8a-7225-b133-a53baf2bca13,IX LICEUM OGÓLNOKSZTAŁCĄCE IM. MARSZAŁKA JÓZEFA PIŁSUDSKIEGO,gdynia/liceum-ogolnoksztalcace/ix-liceum-ogolnoksztalcace-im-marszalka-jozefa-pilsudskiego-3957,Gdynia,POMORSKIE,50.43,65,230,True
2021,overall,rozszerzony,36,019c23c2-580b-7835-9e2f-61dcc854cebd,OGÓLNOKSZTAŁCĄCE LICEUM JEZUITÓW Z ODDZIAŁAMI DWUJĘZYCZNYMI IM ŚW. STANISŁAWA KOSTKI W GDYNI,gdynia/liceum-ogolnoksztalcace/ogolnoksztalcace-liceum-jezuitow-z-oddzialami-dwujezycznymi-im-sw-stanislawa-kostki-w-gdyni-6128,Gdynia,POMORSKIE,50.09,68,230,False
2021,overall,rozszerzony,37,019c23a3-6389-77b0-bbab-b575b9909f02,I AKADEMICKIE LICEUM OGÓLNOKSZTAŁCĄCE IM. ZASŁUŻONYCH LUDZI MORZA,gdynia/liceum-ogolnoksztalcace/i-akademickie-liceum-ogolnoksztalcace-im-zasluzonych-ludzi-morza-4045,Gdynia,POMORSKIE,49.72,69,230,True
2021,overall,rozszerzony,38,019c23e6-684c-7a8a-9df3-393682b13dce,X LICEUM OGÓLNOKSZTAŁCĄCE DWUJĘZYCZNE IM. LECHA BĄDKOWSKIEGO W GDAŃSKU,gdansk/liceum-ogolnoksztalcace/x-liceum-ogolnoksztalcace-dwujezyczne-im-lecha-badkowskiego-w-gdansku-262211,Gdańsk,POMORSKIE,49.44,70,230,True
2021,overall,rozszerzony,39,019c23da-51b8-7b2c-9a48-37d06c0c170a,ZESPÓŁ SZKÓŁ OGÓLNOKSZTAŁCĄCYCH NR 10 IM. EUGENIUSZA KWIATKOWSKIEGO W GDAŃSKU - XXIII LICEUM OGÓLNOKSZTAŁCĄCE,gdansk/liceum-ogolnoksztalcace/zespol-szkol-ogolnoksztalcacych-nr-10-im-eugeniusza-kwiatkowskiego-w-gdansku-xxiii-liceum-ogolnoksztalcace-17601,Gdańsk,POMORSKIE,49.05,72,230,True
2021,overall,rozszerzony,40,019c23d8-d32e-7359-a061-3acf1e0b89c3,ZESPÓŁ SZKÓŁ OGÓLNOKSZTAŁCĄCYCH NR 7 VII LICEUM OGÓLNOKSZTAŁCĄCE IM. JÓZEFA WYBICKIEGO W GDAŃSKU,gdansk/liceum-ogolnoksztalcace/zespol-szkol-ogolnoksztalcacych-nr-7-vii-liceum-ogolnoksztalcace-im-jozefa-wybickiego-w-gdansku-7982,Gdańsk,POMORSKIE,47.04,82,230,True
2021,overall,rozszerzony,41,019c23d9-12ab-7942-b898-bb330282a0a8,ZESPÓŁ SZKÓŁ ŁĄCZNOŚCI IM. OBROŃCÓW POCZTY POLSKIEJ - TECHNIKUM ŁĄCZNOŚCI NR 4 IM. OBROŃCÓW POCZTY POLSKIEJ W GDAŃSKU,gdansk/technikum/zespol-szkol-lacznosci-im-obroncow-poczty-polskiej-technikum-lacznosci-nr-4-im-obroncow-poczty-polskiej-w-gdansku-9647,Gdańsk,POMORSKIE,44.88,92,230,True
2021,overall,rozszerzony,42,019c23d8-a940-7b2e-9a33-c0ed54ec5110,XV LICEUM OGÓLNOKSZTAŁCĄCE Z ODDZIAŁAMI DWUJĘZYCZNYMI IM. ZJEDNOCZONEJ EUROPY W GDAŃSKU,gdansk/liceum-ogolnoksztalcace/xv-liceum-ogolnoksztalcace-z-oddzialami-dwujezycznymi-im-zjednoczonej-europy-w-gdansku-6934,Gdańsk,POMORSKIE,44.72,93,230,True
2021,overall,rozszerzony,43,019c23da-a9b0-7934-a348-c175b55badc8,TECHNIKUM TEB EDUKACJA W GDYNI,gdynia/technikum/technikum-teb-edukacja-w-gdyni-19685,Gdynia,POMORSKIE,44.34,95,230,False
2021,overall,rozszerzony,44,019c23da-9298-720d-bdfa-d666dc985180,SZKOŁY EKONOMICZNO-HANDLOWE IM. MACIERZY SZKOLNEJ W GDAŃSKU TECHNIKUM NR 11 W GDAŃSKU,gdansk/technikum/szkoly-ekonomiczno-handlowe-im-macierzy-szkolnej-w-gdansku-technikum-nr-11-w-gdansku-19174,Gdańsk,POMORSKIE,43.58,98,230,True
2021,overall,rozszerzony,45,019c23d9-f4c0-712c-8c74-3454772e219d,ZESPÓŁ SZKÓŁ OGÓLNOKSZTAŁCĄCYCH NR 8 IM. W GDAŃSKU - XIV LICEUM OGÓLNOKSZTAŁCĄCE IM. JANA PAWŁA II,gdansk/liceum-ogolnoksztalcace/zespol-szkol-ogolnoksztalcacych-nr-8-im-w-gdansku-xiv-liceum-ogolnoksztalcace-im-jana-pawla-ii-15300,Gdańsk,POMORSKIE,43.4,99,230,True
2021,overall,rozszerzony,46,019c23e1-6bcb-79c5-bccb-bb23588b7c14,TECHNIKUM NR 1 IM. WIESŁAWA SZAJDY W GDAŃSKU,gdansk/technikum/technikum-nr-1-im-wieslawa-szajdy-w-gdansku-86228,Gdańsk,POMORSKIE,40.73,111,230,True
2021,overall,rozszerzony,47,019c23da-5a02-74bd-bf5a-a781ef7b076b,ZESPÓŁ SZKÓŁ SPORTOWYCH I MISTRZOSTWA SPORTOWEGO IM. JANUSZA KUSOCIŃSKIEGO XII SPORTOWE LICEUM OGÓLNOKSZTAŁCĄCE Z ODDZIAŁAMI MISTRZOSTWA SPORTOWEGO W GDAŃSKU,gdansk/liceum-ogolnoksztalcace/zespol-szkol-sportowych-i-mistrzostwa-sportowego-im-janusza-kusocinskiego-xii-sportowe-liceum-ogolnoksztalcace-z-oddzialami-mistrzostwa-sportowego-w-gdansku-17730,Gdańsk,POMORSKIE,38.52,125,230,True
2021,overall,rozszerzony,48,019c23d9-6673-780a-b5ca-50d0fb5aeca4,TECHNIKUM TEB EDUKACJA W GDAŃSKU,gdansk/technikum/technikum-teb-edukacja-w-gdansku-11821,Gdańsk,POMORSKIE,38.05,129,230,False
2021,overall,rozszerzony,49,019c23da-7ce6-7b22-ad9a-b52d1abb2924,ZESPÓŁ SZKÓŁ OGÓLNOKSZTAŁCĄCYCH NR 6 - VI LICEUM OGÓLNOKSZTAŁCĄCE W GDAŃSKU,gdansk/liceum-ogolnoksztalcace/zespol-szkol-ogolnoksztalcacych-nr-6-vi-liceum-ogolnoksztalcace-w-gdansku-18579,Gdańsk,POMORSKIE,37.65,130,230,True
2021,overall,rozszerzony,50,019c23db-332e-7bc8-a496-8e09aa0b10fe,TECHNIKUM EKONOMICZNE Z ODDZIAŁAMI DWUJĘZYCZNYMI IM. ROTMISTRZA WITOLDA PILECKIEGO,gdynia/technikum/technikum-ekonomiczne-z-oddzialami-dwujezycznymi-im-rotmistrza-witolda-pileckiego-23054,Gdynia,POMORSKIE,37.28,133,230,True
2021,overall,rozszerzony,51,019c23da-a515-7f40-a640-6232b2df783f,ZESPÓŁ SZKÓŁ ENERGETYCZNYCH W GDAŃSKU TECHNIKUM NR 13 W GDAŃSKU,gdansk/technikum/zespol-szkol-energetycznych-w-gdansku-technikum-nr-13-w-gdansku-19648,Gdańsk,POMORSKIE,37.14,134,230,True
2021,overall,rozszerzony,52,019c23e6-3ad4-7823-adaf-22f6d55ac238,SZKOŁA MISTRZOSTWA SPORTOWEGO LICEUM OGÓLNOKSZTAŁCĄCE MARCINA GORTATA W GDAŃSKU,gdansk/liceum-ogolnoksztalcace/szkola-mistrzostwa-sportowego-liceum-ogolnoksztalcace-marcina-gortata-w-gdansku-133201,Gdańsk,POMORSKIE,36.78,136,230,False
2021,overall,rozszerzony,53,019c23da-0e7a-7f98-aa91-1f19100006d0,ZESPÓŁ SZKÓŁ GASTRONOMICZNO-HOTELARSKICH - TECHNIKUM NR 3 W GDAŃSKU,gdansk/technikum/zespol-szkol-gastronomiczno-hotelarskich-technikum-nr-3-w-gdansku-15976,Gdańsk,POMORSKIE,36.55,137,230,True
2021,overall,rozszerzony,54,019c23da-8e7c-7223-bb54-530012f985d4,ZESPÓŁ SZKÓŁ ARCHITEKTONICZNO-PROJEKTOWYCH IM. WŁADYSŁAWA SZAFERA TECHNIKUM NR 7 W GDAŃSKU,gdansk/technikum/zespol-szkol-architektoniczno-projektowych-im-wladyslawa-szafera-technikum-nr-7-w-gdansku-19119,Gdańsk,POMORSKIE,35.44,147,230,True
2021,overall,rozszerzony,55,019c23d9-553d-71bd-a3b7-b4e4d22df6b3,TECHNIKUM ELEKTRONICZNE NR 1 Z ODDZIAŁAMI DWUJĘZYCZNYMI,gdynia/technikum/technikum-elektroniczne-nr-1-z-oddzialami-dwujezycznymi-11365,Gdynia,POMORSKIE,35.1,156,230,True
2021,overall,rozszerzony,56,019c23da-6f34-7ee2-b2af-76fcc5140265,IV LICEUM OGÓLNOKSZTAŁCĄCE Z ODDZIAŁAMI MISTRZOSTWA SPORTOWEGO IM. MARYNARZY WOJSK OCHRONY POGRANICZA W GDAŃSKU,gdansk/liceum-ogolnoksztalcace/iv-liceum-ogolnoksztalcace-z-oddzialami-mistrzostwa-sportowego-im-marynarzy-wojsk-ochrony-pogranicza-w-gdansku-18356,Gdańsk,POMORSKIE,34.55,160,230,True
2021,overall,rozszerzony,57,019c23d9-6657-788a-99a2-2acc34ac748e,TECHNIKUM HOTELARSKIE,gdynia/technikum/technikum-hotelarskie-11767,Gdynia,POMORSKIE,34.01,164,230,True
2021,overall,rozszerzony,58,019c23d9-6ea3-7aad-9003-dc3f978d82ed,TECHNIKUM BUDOWY OKRĘTÓW,gdynia/technikum/technikum-budowy-okretow-12039,Gdynia,POMORSKIE,33.56,168,230,True
2021,overall,rozszerzony,59,019c23db-9e95-7f98-90d3-da4885c55e9f,V LICEUM OGÓLNOKSZTAŁCĄCE IM.PŁK.STANISŁAWA DĄBKA,gdynia/liceum-ogolnoksztalcace/v-liceum-ogolnoksztalcace-im-plk-stanislawa-dabka-25697,Gdynia,POMORSKIE,33.11,172,230,True
2021,overall,rozszerzony,60,019c23da-3e88-75b2-8824-cc370fd5609c,ZESPÓŁ SZKÓŁ MORSKICH IM. BOHATERSKICH OBROŃCÓW WESTERPLATTE TECHNIKUM NR 16 W GDAŃSKU,gdansk/technikum/zespol-szkol-morskich-im-bohaterskich-obroncow-westerplatte-technikum-nr-16-w-gdansku-17095,Gdańsk,POMORSKIE,33.09,174,230,True
2021,overall,rozszerzony,61,019c23dc-4b2e-7781-ac51-95a77447e7c9,GDYŃSKIE LICEUM AUTORSKIE SPOŁECZNEGO TOWARZYSTWA OŚWIATOWEGO,gdynia/liceum-ogolnoksztalcace/gdynskie-liceum-autorskie-spolecznego-towarzystwa-oswiatowego-30451,Gdynia,POMORSKIE,33.04,175,230,False
2021,overall,rozszerzony,62,019c23da-e7d8-7efc-a7ea-07b74d229f4c,VII SPORTOWE LICEUM OGÓLNOKSZTAŁCĄCE IM. JÓZEFA WYBICKIEGO,gdynia/liceum-ogolnoksztalcace/vii-sportowe-liceum-ogolnoksztalcace-im-jozefa-wybickiego-21211,Gdynia,POMORSKIE,32.63,178,230,True
2021,overall,rozszerzony,63,019c23da-47e6-7a0f-9007-884a441f1b2a,CENTRUM KSZTAŁCENIA ZAWODOWEGO I USTAWICZNEGO NR 2 TECHNIKUM NR 14 W GDAŃSKU,gdansk/technikum/centrum-ksztalcenia-zawodowego-i-ustawicznego-nr-2-technikum-nr-14-w-gdansku-17295,Gdańsk,POMORSKIE,32.35,179,230,True
2021,overall,rozszerzony,64,019c23a3-7a45-7f57-9ac8-166079b9a1d1,TECHNIKUM TRANSPORTOWE,gdynia/technikum/technikum-transportowe-4616,Gdynia,POMORSKIE,31.96,183,230,True
2021,overall,rozszerzony,65,019c23d9-6659-7852-9cd9-4401dc0988d6,TECHNIKUM GASTRONOMICZNE,gdynia/technikum/technikum-gastronomiczne-11768,Gdynia,POMORSKIE,31.34,186,230,True
2021,overall,rozszerzony,66,019c23da-e7eb-7490-856b-9f5b20dbc5da,"SZKOŁY OKRĘTOWE I TECHNICZNE ""CONRADINUM"" W GDAŃSKU TECHNIKUM NR 18",gdansk/technikum/szkoly-okretowe-i-techniczne-conradinum-w-gdansku-technikum-nr-18-21236,Gdańsk,POMORSKIE,31,187,230,True
2021,overall,rozszerzony,67,019c23e5-d285-7cf9-a0a4-434421a0965c,I LICEUM OGÓLNOKSZTAŁCĄCE CN-B IM. POLSKICH SPADOCHRONIARZY W GDAŃSKU,gdansk/liceum-ogolnoksztalcace/i-liceum-ogolnoksztalcace-cn-b-im-polskich-spadochroniarzy-w-gdansku-130828,Gdańsk,POMORSKIE,30.76,189,230,False
2021,overall,rozszerzony,68,019c23e4-ee02-7254-8822-55d8e451bc9b,LICEUM OGÓLNOKSZTAŁCĄCE MUNDUROWE SPARTAKUS IM. MIECZYSŁAWA JAŁOWIECKIEGO W GDAŃSKU,gdansk/liceum-ogolnoksztalcace/liceum-ogolnoksztalcace-mundurowe-spartakus-im-mieczyslawa-jalowieckiego-w-gdansku-125432,Gdańsk,POMORSKIE,30,192,230,False
2021,overall,rozszerzony,69,019c23dd-35ae-745a-99dd-454f5d47de25,PAŃSTWOWE SZKOŁY BUDOWNICTWA W GDAŃSKU - TECHNIKUM NR 5,gdansk/technikum/panstwowe-szkoly-budownictwa-w-gdansku-technikum-nr-5-42893,Gdańsk,POMORSKIE,29.41,197,230,True
2021,overall,rozszerzony,70,019c23d8-d32f-7372-8928-c2e4ce1db270,XXI LICEUM OGÓLNOKSZTAŁCĄCE Z ODDZIAŁAMI SPORTOWYMI,gdansk/liceum-ogolnoksztalcace/xxi-liceum-ogolnoksztalcace-z-oddzialami-sportowymi-7983,Gdańsk,POMORSKIE,24.91,210,230,True
2021,overall,rozszerzony,71,019c23d9-f4c1-72b6-a67a-da8c66f48adb,CENTRUM KSZTAŁCENIA ZAWODOWEGO I USTAWICZNEGO NR 2 TECHNIKUM NR 8 W GDAŃSKU,gdansk/technikum/centrum-ksztalcenia-zawodowego-i-ustawicznego-nr-2-technikum-nr-8-w-gdansku-15302,Gdańsk,POMORSKIE,24.35,213,230,True
2021,overall,rozszerzony,72,019c23d9-667e-7225-a2c3-60be050a9ccd,TECHNIKUM MECHANICZNE NR 1,gdynia/technikum/technikum-mechaniczne-nr-1-11852,Gdynia,POMORSKIE,21.48,217,230,True
2021,overall,rozszerzony,73,019c23dc-6650-7133-9b6a-c33198ad2616,NIEPUBLICZNE LICEUM OGÓLNOKSZTALCĄCE SZKOŁA MISTRZOSTWA SPORTOWEGO ZWIĄZKU PIŁKI RĘCZNEJ W POLSCE,gdansk/liceum-ogolnoksztalcace/niepubliczne-liceum-ogolnoksztalcace-szkola-mistrzostwa-sportowego-zwiazku-pilki-recznej-w-polsce-31240,Gdańsk,POMORSKIE,19.17,220,230,False
2022,overall,rozszerzony,1,019c23e1-6623-7b0f-8d24-485bee86e88c,HIGH INTERNATIONAL SCHOOL OF GDANSK/MIĘDZYNARODOWE LICEUM OGÓLNOKSZTAŁCĄCE W GDAŃSKU,gdansk/liceum-ogolnoksztalcace/high-international-school-of-gdansk-miedzynarodowe-liceum-ogolnoksztalcace-w-gdansku-86065,Gdańsk,POMORSKIE,83.2,1,265,False
2022,overall,rozszerzony,2,019c23dc-2668-7cf6-9536-25ec03b8c5be,III LICEUM OGÓLNOKSZTAŁCĄCE Z ODDZ. DWUJĘZYCZNYMI IM. MARYNARKI WOJENNEJ RP,gdynia/liceum-ogolnoksztalcace/iii-liceum-ogolnoksztalcace-z-oddz-dwujezycznymi-im-marynarki-wojennej-rp-29583,Gdynia,POMORSKIE,81.51,2,265,True
2022,overall,rozszerzony,3,019c23e1-616e-74f1-adca-e1dedd7eaa21,GDAŃSKIE SZKOŁY AUTONOMICZNE GDAŃSKIE LICEUM AUTONOMICZNE,gdansk/liceum-ogolnoksztalcace/gdanskie-szkoly-autonomiczne-gdanskie-liceum-autonomiczne-86002,Gdańsk,POMORSKIE,80.24,4,265,False
2022,overall,rozszerzony,4,019c23d8-ae37-7bc1-a2a8-f92b0f783fb8,V LICEUM OGÓLNOKSZTAŁCĄCE IM. STEFANA ŻEROMSKIEGO W GDAŃSKU,gdansk/liceum-ogolnoksztalcace/v-liceum-ogolnoksztalcace-im-stefana-zeromskiego-w-gdansku-7051,Gdańsk,POMORSKIE,77.43,5,265,True
2022,overall,rozszerzony,5,019c23d8-cacf-7d04-b631-09a030bf5a2c,I LICEUM OGÓLNOKSZTAŁCĄCE IM. MIKOŁAJA KOPERNIKA W GDAŃSKU,gdansk/liceum-ogolnoksztalcace/i-liceum-ogolnoksztalcace-im-mikolaja-kopernika-w-gdansku-7753,Gdańsk,POMORSKIE,77,6,265,True
2022,overall,rozszerzony,6,019c23d8-b1fe-75d8-acac-8d2487fd86af,III LICEUM OGÓLNOKSZTAŁCĄCE Z ODDZIAŁAMI DWUJĘZYCZNYMI IM. BOHATERÓW WESTERPLATTE W GDAŃSKU,gdansk/liceum-ogolnoksztalcace/iii-liceum-ogolnoksztalcace-z-oddzialami-dwujezycznymi-im-bohaterow-westerplatte-w-gdansku-7099,Gdańsk,POMORSKIE,74.49,8,265,True
2022,overall,rozszerzony,7,019c23e0-37ae-7ea3-9fbf-da9c7dee8e1a,II LICEUM OGÓLNOKSZTAŁCĄCE IM. DR. WŁADYSŁAWA PNIEWSKIEGO W GDAŃSKU,gdansk/liceum-ogolnoksztalcace/ii-liceum-ogolnoksztalcace-im-dr-wladyslawa-pniewskiego-w-gdansku-74772,Gdańsk,POMORSKIE,69.5,11,265,True
2022,overall,rozszerzony,8,019c23e6-c8f3-737d-b553-ea99ebca200f,LICEUM OGÓLNOKSZTAŁCĄCE THINKING ZONE,gdansk/liceum-ogolnoksztalcace/liceum-ogolnoksztalcace-thinking-zone-265997,Gdańsk,POMORSKIE,68.53,12,265,False
2022,overall,rozszerzony,9,019c23d8-a94f-7be1-9898-adc018e38fc9,XX LICEUM OGÓLNOKSZTAŁCĄCE Z ODDZIAŁAMI DWUJĘZYCZNYMI IM. ZBIGNIEWA HERBERTA W GDAŃSKU,gdansk/liceum-ogolnoksztalcace/zespol-szkol-ogolnoksztalcacych-nr-12-xx-liceum-ogolnoksztalcace-z-oddzialami-dwujezycznymi-im-zbigniewa-herberta-w-gdansku-6968,Gdańsk,POMORSKIE,68.23,13,265,True
2022,overall,rozszerzony,10,019c23a3-5615-78cb-abcc-4d7104553fe0,VI LICEUM OGÓLNOKSZTAŁCĄCE IM. WACŁAWA SIERPIŃSKIEGO,gdynia/liceum-ogolnoksztalcace/vi-liceum-ogolnoksztalcace-im-waclawa-sierpinskiego-3640,Gdynia,POMORSKIE,67.05,14,265,True
2022,overall,rozszerzony,11,019c23d9-4d0f-7ef0-868b-44892ed81157,VIII LICEUM OGÓLNOKSZTAŁCĄCE IM. KOMISJI EDUKACJI NARODOWEJ W GDAŃSKU,gdansk/liceum-ogolnoksztalcace/viii-liceum-ogolnoksztalcace-im-komisji-edukacji-narodowej-w-gdansku-11182,Gdańsk,POMORSKIE,67.02,15,265,True
2022,overall,rozszerzony,12,019c23db-377c-75c2-9891-7d0c9cfefc2b,II LICEUM OGÓLNOKSZTAŁCĄCE Z ODDZIAŁAMI DWUJĘZYCZNYMI IM. ADAMA MICKIEWICZA,gdynia/liceum-ogolnoksztalcace/ii-liceum-ogolnoksztalcace-z-oddzialami-dwujezycznymi-im-adama-mickiewicza-23199,Gdynia,POMORSKIE,66.33,18,265,True
2022,overall,rozszerzony,13,019c23a3-560a-7f50-9455-d335ba48b0d2,X LICEUM OGÓLNOKSZTAŁCĄCE IM. GDYŃSKICH NAUCZYCIELI BOHATERÓW II WOJNY ŚWIATOWEJ,gdynia/liceum-ogolnoksztalcace/x-liceum-ogolnoksztalcace-im-gdynskich-nauczycieli-bohaterow-ii-wojny-swiatowej-3620,Gdynia,POMORSKIE,65.86,19,265,True
2022,overall,rozszerzony,14,019c23e2-91c5-71d4-aa66-fb9ad3116922,PAŃSTWOWE LICEUM SZTUK PLASTYCZNYCH IM. MAGDALENY ABAKANOWICZ W GDYNI,gdynia/liceum-sztuk-plastycznych/panstwowe-liceum-sztuk-plastycznych-im-magdaleny-abakanowicz-w-gdyni-103759,Gdynia,POMORSKIE,64.68,25,265,True
2022,overall,rozszerzony,15,019c23e6-684c-7a8a-9df3-393682b13dce,X LICEUM OGÓLNOKSZTAŁCĄCE DWUJĘZYCZNE IM. LECHA BĄDKOWSKIEGO W GDAŃSKU,gdansk/liceum-ogolnoksztalcace/x-liceum-ogolnoksztalcace-dwujezyczne-im-lecha-badkowskiego-w-gdansku-262211,Gdańsk,POMORSKIE,63.73,27,265,True
2022,overall,rozszerzony,16,019c23e6-6337-7693-b82e-ab2a9ded4f58,XVII LICEUM OGÓLNOKSZTAŁCĄCE W GDYNI,gdynia/liceum-ogolnoksztalcace/xvii-liceum-ogolnoksztalcace-w-gdyni-196346,Gdynia,POMORSKIE,62.44,30,265,True
2022,overall,rozszerzony,17,019c23db-7802-7114-abe3-d7935a896425,LICEUM SZTUK PLASTYCZNYCH IM. JACKA MYDLARSKIEGO W GDAŃSKU,gdansk/liceum-sztuk-plastycznych/liceum-sztuk-plastycznych-im-jacka-mydlarskiego-w-gdansku-24789,Gdańsk,POMORSKIE,61.8,33,265,False
2022,overall,rozszerzony,18,019c23d8-a94a-7758-bba6-59d67f1da167,XIX LICEUM OGÓLNOKSZTAŁCĄCE IM. MARIANA MOKWY W GDAŃSKU,gdansk/liceum-ogolnoksztalcace/xix-liceum-ogolnoksztalcace-im-mariana-mokwy-w-gdansku-6954,Gdańsk,POMORSKIE,61.69,34,265,True
2022,overall,rozszerzony,19,019c23d9-4d0f-7ef0-868b-44892d94e2f2,ZESPÓŁ SZKÓŁ OGÓLNOKSZTAŁCĄCYCH NR 1 IX LICEUM OGÓLNOKSZTAŁCĄCE IM. KRZYSZTOFA KOLBERGERA W GDAŃSKU,gdansk/liceum-ogolnoksztalcace/zespol-szkol-ogolnoksztalcacych-nr-1-ix-liceum-ogolnoksztalcace-im-krzysztofa-kolbergera-w-gdansku-11181,Gdańsk,POMORSKIE,61.65,35,265,True
2022,overall,rozszerzony,20,019c23e0-d61d-7005-9ad8-e8d19919c411,OGÓLNOKSZTAŁCĄCE LICEUM PROGRAMÓW INDYWIDUALNYCH IM. ADMIRAŁA JÓZEFA UNRUGA,gdansk/liceum-ogolnoksztalcace/ogolnoksztalcace-liceum-programow-indywidualnych-im-admirala-jozefa-unruga-81759,Gdańsk,POMORSKIE,61.43,36,265,False
2022,overall,rozszerzony,21,019c23e7-3b1a-78e7-bed0-bd667639e560,UNIWERSYTECKIE LICEUM OGÓLNOKSZTAŁCĄCE Z ODDZIAŁAMI DWUJĘZYCZNYMI IM. PAWŁA ADAMOWICZA W GDAŃSKU,gdansk/liceum-ogolnoksztalcace/uniwersyteckie-liceum-ogolnoksztalcace-z-oddzialami-dwujezycznymi-im-pawla-adamowicza-w-gdansku-271870,Gdańsk,POMORSKIE,60.34,38,265,True
2022,overall,rozszerzony,22,019c23dc-6645-7e40-85b7-27f86cbc5d5e,KATOLICKIE LICEUM OGÓLNOKSZTAŁCĄCE IM. ŚW. JANA PAWŁA II W GDYNI,gdynia/liceum-ogolnoksztalcace/katolickie-liceum-ogolnoksztalcace-im-sw-jana-pawla-ii-w-gdyni-31207,Gdynia,POMORSKIE,60.19,39,265,True
2022,overall,rozszerzony,23,019c23e0-d61c-7be4-8f69-e856f05c746a,GDAŃSKIE LICEUM OGÓLNOKSZTAŁCĄCE,gdansk/liceum-ogolnoksztalcace/gdanskie-liceum-ogolnoksztalcace-81755,Gdańsk,POMORSKIE,59.5,41,265,False
2022,overall,rozszerzony,24,019c23da-8981-7b25-9261-e24d871a0c6d,XIV LICEUM OGÓLNOKSZTAŁCĄCE Z ODDZIAŁAMI DWUJĘZYCZNYMI IM. MIKOŁAJA KOPERNIKA W GDYNI,gdynia/liceum-ogolnoksztalcace/xiv-liceum-ogolnoksztalcace-z-oddzialami-dwujezycznymi-im-mikolaja-kopernika-w-gdyni-18942,Gdynia,POMORSKIE,58.76,46,265,True
2022,overall,rozszerzony,25,019c23e2-8cfe-7032-91a5-33ece1af3438,OGÓLNOKSZTAŁCĄCA SZKOŁA MUZYCZNA II ST. W GDAŃSKU,gdansk/ogolnoksztalcaca-szkola-muzyczna-ii-stopnia/ogolnoksztalcaca-szkola-muzyczna-ii-st-w-gdansku-103727,Gdańsk,POMORSKIE,57.19,49,265,True
2022,overall,rozszerzony,26,019c23a3-5e8a-7225-b133-a53baf2bca13,IX LICEUM OGÓLNOKSZTAŁCĄCE IM. MARSZAŁKA JÓZEFA PIŁSUDSKIEGO,gdynia/liceum-ogolnoksztalcace/ix-liceum-ogolnoksztalcace-im-marszalka-jozefa-pilsudskiego-3957,Gdynia,POMORSKIE,56.8,51,265,True
2022,overall,rozszerzony,27,019c23c2-580b-7835-9e2f-61dcc854cebd,OGÓLNOKSZTAŁCĄCE LICEUM JEZUITÓW Z ODDZIAŁAMI DWUJĘZYCZNYMI IM ŚW. STANISŁAWA KOSTKI W GDYNI,gdynia/liceum-ogolnoksztalcace/ogolnoksztalcace-liceum-jezuitow-z-oddzialami-dwujezycznymi-im-sw-stanislawa-kostki-w-gdyni-6128,Gdynia,POMORSKIE,56.75,53,265,False
2022,overall,rozszerzony,28,019c23a3-6389-77b0-bbab-b575b9909f02,I AKADEMICKIE LICEUM OGÓLNOKSZTAŁCĄCE IM. ZASŁUŻONYCH LUDZI MORZA,gdynia/liceum-ogolnoksztalcace/i-akademickie-liceum-ogolnoksztalcace-im-zasluzonych-ludzi-morza-4045,Gdynia,POMORSKIE,55.5,56,265,True
2022,overall,rozszerzony,29,019c23e4-6770-765b-aa7a-25649e616a45,LICEUM AKADEMII DOBREJ EDUKACJI IM. MACIEJA PŁAŻYŃSKIEGO,gdansk/liceum-ogolnoksztalcace/liceum-akademii-dobrej-edukacji-im-macieja-plazynskiego-122271,Gdańsk,POMORSKIE,55.28,60,265,False
2022,overall,rozszerzony,30,019c23d9-4d0c-7036-bb0c-c4296cb32b21,ZESPÓŁ SZKÓŁ OGÓLNOKSZTAŁCĄCYCH NR 2 XXIV LICEUM OGÓLNOKSZTAŁCĄCE IM. STEFANA BANACHA W GDAŃSKU,gdansk/liceum-ogolnoksztalcace/zespol-szkol-ogolnoksztalcacych-nr-2-xxiv-liceum-ogolnoksztalcace-im-stefana-banacha-w-gdansku-11174,Gdańsk,POMORSKIE,53.65,63,265,True
2022,overall,rozszerzony,31,019c23d8-a940-7b2e-9a33-c0ed54ec5110,XV LICEUM OGÓLNOKSZTAŁCĄCE Z ODDZIAŁAMI DWUJĘZYCZNYMI IM. ZJEDNOCZONEJ EUROPY W GDAŃSKU,gdansk/liceum-ogolnoksztalcace/xv-liceum-ogolnoksztalcace-z-oddzialami-dwujezycznymi-im-zjednoczonej-europy-w-gdansku-6934,Gdańsk,POMORSKIE,52.69,65,265,True
2022,overall,rozszerzony,32,019c23d8-d32e-7359-a061-3acf1e0b89c3,ZESPÓŁ SZKÓŁ OGÓLNOKSZTAŁCĄCYCH NR 7 VII LICEUM OGÓLNOKSZTAŁCĄCE IM. JÓZEFA WYBICKIEGO W GDAŃSKU,gdansk/liceum-ogolnoksztalcace/zespol-szkol-ogolnoksztalcacych-nr-7-vii-liceum-ogolnoksztalcace-im-jozefa-wybickiego-w-gdansku-7982,Gdańsk,POMORSKIE,52.5,67,265,True
2022,overall,rozszerzony,33,019c23dd-3a9d-76f5-830d-79a0b7845f8f,"LICEUM OGÓLNOKSZTAŁCĄCE ""COLLEGIUM GEDANENSE""",gdansk/liceum-ogolnoksztalcace/liceum-ogolnoksztalcace-collegium-gedanense-43409,Gdańsk,POMORSKIE,52.21,69,265,False
2022,overall,rozszerzony,34,019c23dd-3a9d-76f5-830d-79a0b5935977,"AKADEMICKIE LICEUM OGÓLNOKSZTAŁCĄCE ""LINGWISTA"" IM. HYMNU NARODOWEGO",gdansk/liceum-ogolnoksztalcace/akademickie-liceum-ogolnoksztalcace-lingwista-im-hymnu-narodowego-43407,Gdańsk,POMORSKIE,50.79,72,265,False
2022,overall,rozszerzony,35,019c23d9-f4c0-712c-8c74-3454772e219d,ZESPÓŁ SZKÓŁ OGÓLNOKSZTAŁCĄCYCH NR 8 IM. W GDAŃSKU - XIV LICEUM OGÓLNOKSZTAŁCĄCE IM. JANA PAWŁA II,gdansk/liceum-ogolnoksztalcace/zespol-szkol-ogolnoksztalcacych-nr-8-im-w-gdansku-xiv-liceum-ogolnoksztalcace-im-jana-pawla-ii-15300,Gdańsk,POMORSKIE,50.27,75,265,True
2022,overall,rozszerzony,36,019c23e1-6bcb-79c5-bccb-bb23588b7c14,TECHNIKUM NR 1 IM. WIESŁAWA SZAJDY W GDAŃSKU,gdansk/technikum/technikum-nr-1-im-wieslawa-szajdy-w-gdansku-86228,Gdańsk,POMORSKIE,48.25,83,265,True
2022,overall,rozszerzony,37,019c23e5-5028-773c-99fc-afb25060cad1,CENTRUM KSZTAŁCENIA ZAWODOWEGO I USTAWICZNEGO NR 1 - TECHNIKUM NR 2 IM. MARSZAŁKA JÓZEFA PIŁSUDSKIEGO W GDAŃSKU,gdansk/technikum/centrum-ksztalcenia-zawodowego-i-ustawicznego-nr-1-technikum-nr-2-im-marszalka-jozefa-pilsudskiego-w-gdansku-127924,Gdańsk,POMORSKIE,48.18,85,265,True
2022,overall,rozszerzony,38,019c23db-8d8f-78b7-a0f6-bd29e0c30b18,OGÓLNOKSZTAŁCĄCA SZKOŁA BALETOWA IM. JANINY JARZYNÓWNY-SOBCZAK W GDAŃSKU,gdansk/ogolnoksztalcaca-szkola-baletowa/ogolnoksztalcaca-szkola-baletowa-im-janiny-jarzynowny-sobczak-w-gdansku-25362,Gdańsk,POMORSKIE,46.79,90,265,True
2022,overall,rozszerzony,39,019c23da-7ce6-7b22-ad9a-b52d1abb2924,ZESPÓŁ SZKÓŁ OGÓLNOKSZTAŁCĄCYCH NR 6 - VI LICEUM OGÓLNOKSZTAŁCĄCE W GDAŃSKU,gdansk/liceum-ogolnoksztalcace/zespol-szkol-ogolnoksztalcacych-nr-6-vi-liceum-ogolnoksztalcace-w-gdansku-18579,Gdańsk,POMORSKIE,46.33,91,265,True
2022,overall,rozszerzony,40,019c23e6-6dcf-7b7f-85cb-c3cc5403ee1d,PIERWSZE SPOŁECZNE LICEUM OGÓLNOKSZTAŁCĄCE SZKOŁA MISTRZOSTWA SPORTOWEGO W GDYNI,gdynia/liceum-ogolnoksztalcace/pierwsze-spoleczne-liceum-ogolnoksztalcace-szkola-mistrzostwa-sportowego-w-gdyni-262373,Gdynia,POMORSKIE,46.27,93,265,False
2022,overall,rozszerzony,41,019c23d9-12ab-7942-b898-bb330282a0a8,ZESPÓŁ SZKÓŁ ŁĄCZNOŚCI IM. OBROŃCÓW POCZTY POLSKIEJ - TECHNIKUM ŁĄCZNOŚCI NR 4 IM. OBROŃCÓW POCZTY POLSKIEJ W GDAŃSKU,gdansk/technikum/zespol-szkol-lacznosci-im-obroncow-poczty-polskiej-technikum-lacznosci-nr-4-im-obroncow-poczty-polskiej-w-gdansku-9647,Gdańsk,POMORSKIE,45.96,95,265,True
2022,overall,rozszerzony,42,019c23da-8e7c-7223-bb54-530012f985d4,ZESPÓŁ SZKÓŁ ARCHITEKTONICZNO-PROJEKTOWYCH IM. WŁADYSŁAWA SZAFERA TECHNIKUM NR 7 W GDAŃSKU,gdansk/technikum/zespol-szkol-architektoniczno-projektowych-im-wladyslawa-szafera-technikum-nr-7-w-gdansku-19119,Gdańsk,POMORSKIE,45.71,96,265,True
2022,overall,rozszerzony,43,019c23d9-553d-71bd-a3b7-b4e4d22df6b3,TECHNIKUM ELEKTRONICZNE NR 1 Z ODDZIAŁAMI DWUJĘZYCZNYMI,gdynia/technikum/technikum-elektroniczne-nr-1-z-oddzialami-dwujezycznymi-11365,Gdynia,POMORSKIE,44.91,101,265,True
2022,overall,rozszerzony,44,019c23d9-6657-788a-99a2-2acc34ac748e,TECHNIKUM HOTELARSKIE,gdynia/technikum/technikum-hotelarskie-11767,Gdynia,POMORSKIE,43.14,111,265,True
2022,overall,rozszerzony,45,019c23db-332e-7bc8-a496-8e09aa0b10fe,TECHNIKUM EKONOMICZNE Z ODDZIAŁAMI DWUJĘZYCZNYMI IM. ROTMISTRZA WITOLDA PILECKIEGO,gdynia/technikum/technikum-ekonomiczne-z-oddzialami-dwujezycznymi-im-rotmistrza-witolda-pileckiego-23054,Gdynia,POMORSKIE,42.29,116,265,True
2022,overall,rozszerzony,46,019c23da-51b8-7b2c-9a48-37d06c0c170a,ZESPÓŁ SZKÓŁ OGÓLNOKSZTAŁCĄCYCH NR 10 IM. EUGENIUSZA KWIATKOWSKIEGO W GDAŃSKU - XXIII LICEUM OGÓLNOKSZTAŁCĄCE,gdansk/liceum-ogolnoksztalcace/zespol-szkol-ogolnoksztalcacych-nr-10-im-eugeniusza-kwiatkowskiego-w-gdansku-xxiii-liceum-ogolnoksztalcace-17601,Gdańsk,POMORSKIE,41.69,119,265,True
2022,overall,rozszerzony,47,019c23da-9298-720d-bdfa-d666dc985180,SZKOŁY EKONOMICZNO-HANDLOWE IM. MACIERZY SZKOLNEJ W GDAŃSKU TECHNIKUM NR 11 W GDAŃSKU,gdansk/technikum/szkoly-ekonomiczno-handlowe-im-macierzy-szkolnej-w-gdansku-technikum-nr-11-w-gdansku-19174,Gdańsk,POMORSKIE,41.5,120,265,True
2022,overall,rozszerzony,48,019c23da-e7d8-7efc-a7ea-07b74d229f4c,VII SPORTOWE LICEUM OGÓLNOKSZTAŁCĄCE IM. JÓZEFA WYBICKIEGO,gdynia/liceum-ogolnoksztalcace/vii-sportowe-liceum-ogolnoksztalcace-im-jozefa-wybickiego-21211,Gdynia,POMORSKIE,41.41,123,265,True
2022,overall,rozszerzony,49,019c23e6-3ad4-7823-adaf-22f6d55ac238,SZKOŁA MISTRZOSTWA SPORTOWEGO LICEUM OGÓLNOKSZTAŁCĄCE MARCINA GORTATA W GDAŃSKU,gdansk/liceum-ogolnoksztalcace/szkola-mistrzostwa-sportowego-liceum-ogolnoksztalcace-marcina-gortata-w-gdansku-133201,Gdańsk,POMORSKIE,41,127,265,False
2022,overall,rozszerzony,50,019c23da-0e7a-7f98-aa91-1f19100006d0,ZESPÓŁ SZKÓŁ GASTRONOMICZNO-HOTELARSKICH - TECHNIKUM NR 3 W GDAŃSKU,gdansk/technikum/zespol-szkol-gastronomiczno-hotelarskich-technikum-nr-3-w-gdansku-15976,Gdańsk,POMORSKIE,40.92,128,265,True
2022,overall,rozszerzony,51,019c23da-5a02-74bd-bf5a-a781ef7b076b,ZESPÓŁ SZKÓŁ SPORTOWYCH I MISTRZOSTWA SPORTOWEGO IM. JANUSZA KUSOCIŃSKIEGO XII SPORTOWE LICEUM OGÓLNOKSZTAŁCĄCE Z ODDZIAŁAMI MISTRZOSTWA SPORTOWEGO W GDAŃSKU,gdansk/liceum-ogolnoksztalcace/zespol-szkol-sportowych-i-mistrzostwa-sportowego-im-janusza-kusocinskiego-xii-sportowe-liceum-ogolnoksztalcace-z-oddzialami-mistrzostwa-sportowego-w-gdansku-17730,Gdańsk,POMORSKIE,40.62,131,265,True
2022,overall,rozszerzony,52,019c23da-a9b0-7934-a348-c175b55badc8,TECHNIKUM TEB EDUKACJA W GDYNI,gdynia/technikum/technikum-teb-edukacja-w-gdyni-19685,Gdynia,POMORSKIE,39.93,135,265,False
2022,overall,rozszerzony,53,019c23e4-ee02-7254-8822-55d8e451bc9b,LICEUM OGÓLNOKSZTAŁCĄCE MUNDUROWE SPARTAKUS IM. MIECZYSŁAWA JAŁOWIECKIEGO W GDAŃSKU,gdansk/liceum-ogolnoksztalcace/liceum-ogolnoksztalcace-mundurowe-spartakus-im-mieczyslawa-jalowieckiego-w-gdansku-125432,Gdańsk,POMORSKIE,39.1,142,265,False
2022,overall,rozszerzony,54,019c23da-a515-7f40-a640-6232b2df783f,ZESPÓŁ SZKÓŁ ENERGETYCZNYCH W GDAŃSKU TECHNIKUM NR 13 W GDAŃSKU,gdansk/technikum/zespol-szkol-energetycznych-w-gdansku-technikum-nr-13-w-gdansku-19648,Gdańsk,POMORSKIE,36.97,158,265,True
2022,overall,rozszerzony,55,019c23d9-6ea3-7aad-9003-dc3f978d82ed,TECHNIKUM BUDOWY OKRĘTÓW,gdynia/technikum/technikum-budowy-okretow-12039,Gdynia,POMORSKIE,35.4,169,265,True
2022,overall,rozszerzony,56,019c23db-9e95-7f98-90d3-da4885c55e9f,V LICEUM OGÓLNOKSZTAŁCĄCE IM.PŁK.STANISŁAWA DĄBKA,gdynia/liceum-ogolnoksztalcace/v-liceum-ogolnoksztalcace-im-plk-stanislawa-dabka-25697,Gdynia,POMORSKIE,35.36,170,265,True
2022,overall,rozszerzony,57,019c23dc-4b2e-7781-ac51-95a77447e7c9,GDYŃSKIE LICEUM AUTORSKIE SPOŁECZNEGO TOWARZYSTWA OŚWIATOWEGO,gdynia/liceum-ogolnoksztalcace/gdynskie-liceum-autorskie-spolecznego-towarzystwa-oswiatowego-30451,Gdynia,POMORSKIE,35.34,171,265,False
2022,overall,rozszerzony,58,019c23a3-7a45-7f57-9ac8-166079b9a1d1,TECHNIKUM TRANSPORTOWE,gdynia/technikum/technikum-transportowe-4616,Gdynia,POMORSKIE,35.27,172,265,True
2022,overall,rozszerzony,59,019c23da-6f34-7ee2-b2af-76fcc5140265,IV LICEUM OGÓLNOKSZTAŁCĄCE Z ODDZIAŁAMI MISTRZOSTWA SPORTOWEGO IM. MARYNARZY WOJSK OCHRONY POGRANICZA W GDAŃSKU,gdansk/liceum-ogolnoksztalcace/iv-liceum-ogolnoksztalcace-z-oddzialami-mistrzostwa-sportowego-im-marynarzy-wojsk-ochrony-pogranicza-w-gdansku-18356,Gdańsk,POMORSKIE,34.94,175,265,True
2022,overall,rozszerzony,60,019c23d9-f4c1-72b6-a67a-da8c66f48adb,CENTRUM KSZTAŁCENIA ZAWODOWEGO I USTAWICZNEGO NR 2 TECHNIKUM NR 8 W GDAŃSKU,gdansk/technikum/centrum-ksztalcenia-zawodowego-i-ustawicznego-nr-2-technikum-nr-8-w-gdansku-15302,Gdańsk,POMORSKIE,34.47,176,265,True
2022,overall,rozszerzony,61,019c23d8-d32f-7372-8928-c2e4ce1db270,XXI LICEUM OGÓLNOKSZTAŁCĄCE Z ODDZIAŁAMI SPORTOWYMI,gdansk/liceum-ogolnoksztalcace/xxi-liceum-ogolnoksztalcace-z-oddzialami-sportowymi-7983,Gdańsk,POMORSKIE,33.92,179,265,True
2022,overall,rozszerzony,62,019c23e5-d285-7cf9-a0a4-434421a0965c,I LICEUM OGÓLNOKSZTAŁCĄCE CN-B IM. POLSKICH SPADOCHRONIARZY W GDAŃSKU,gdansk/liceum-ogolnoksztalcace/i-liceum-ogolnoksztalcace-cn-b-im-polskich-spadochroniarzy-w-gdansku-130828,Gdańsk,POMORSKIE,33.27,182,265,False
2022,overall,rozszerzony,63,019c23da-3e88-75b2-8824-cc370fd5609c,ZESPÓŁ SZKÓŁ MORSKICH IM. BOHATERSKICH OBROŃCÓW WESTERPLATTE TECHNIKUM NR 16 W GDAŃSKU,gdansk/technikum/zespol-szkol-morskich-im-bohaterskich-obroncow-westerplatte-technikum-nr-16-w-gdansku-17095,Gdańsk,POMORSKIE,33.21,183,265,True
2022,overall,rozszerzony,64,019c23d9-6659-7852-9cd9-4401dc0988d6,TECHNIKUM GASTRONOMICZNE,gdynia/technikum/technikum-gastronomiczne-11768,Gdynia,POMORSKIE,32.92,185,265,True
2022,overall,rozszerzony,65,019c23d9-6673-780a-b5ca-50d0fb5aeca4,TECHNIKUM TEB EDUKACJA W GDAŃSKU,gdansk/technikum/technikum-teb-edukacja-w-gdansku-11821,Gdańsk,POMORSKIE,32.45,186,265,False
2022,overall,rozszerzony,66,019c23dc-f7d3-7885-a255-3ec8ba03b3c8,ZESPÓŁ SZKÓŁ KREOWANIA WIZERUNKU W GDAŃSKU - TECHNIKUM NR 9 IM.XYMENY ZANIEWSKIEJ,gdansk/technikum/zespol-szkol-kreowania-wizerunku-w-gdansku-technikum-nr-9-im-xymeny-zaniewskiej-40819,Gdańsk,POMORSKIE,30.67,199,265,True
2022,overall,rozszerzony,67,019c23d9-553d-71bd-a3b7-b4e4d2e59bf0,TECHNIKUM CHŁODNICZE IM. PROF. M.T. HUBERA,gdynia/technikum/technikum-chlodnicze-im-prof-m-t-hubera-11366,Gdynia,POMORSKIE,30.65,201,265,True
2022,overall,rozszerzony,68,019c23d9-667e-7225-a2c3-60be050a9ccd,TECHNIKUM MECHANICZNE NR 1,gdynia/technikum/technikum-mechaniczne-nr-1-11852,Gdynia,POMORSKIE,28.28,220,265,True
2022,overall,rozszerzony,69,019c23dd-35ae-745a-99dd-454f5d47de25,PAŃSTWOWE SZKOŁY BUDOWNICTWA W GDAŃSKU - TECHNIKUM NR 5,gdansk/technikum/panstwowe-szkoly-budownictwa-w-gdansku-technikum-nr-5-42893,Gdańsk,POMORSKIE,28.12,221,265,True
2022,overall,rozszerzony,70,019c23da-47e6-7a0f-9007-884a441f1b2a,CENTRUM KSZTAŁCENIA ZAWODOWEGO I USTAWICZNEGO NR 2 TECHNIKUM NR 14 W GDAŃSKU,gdansk/technikum/centrum-ksztalcenia-zawodowego-i-ustawicznego-nr-2-technikum-nr-14-w-gdansku-17295,Gdańsk,POMORSKIE,27.97,222,265,True
2022,overall,rozszerzony,71,019c23d9-72dc-72b3-b20b-c4daa45ae9a9,TECHNIKUM NR 3,gdynia/technikum/technikum-nr-3-12154,Gdynia,POMORSKIE,26.92,227,265,True
2022,overall,rozszerzony,72,019c23de-8063-742b-9069-c3dffc9b8149,AKADEMICKIE LICEUM OGÓLNOKSZTAŁCĄCE DLA MŁODZIEŻY W GDAŃSKU,gdansk/liceum-ogolnoksztalcace/akademickie-liceum-ogolnoksztalcace-dla-mlodziezy-w-gdansku-57154,Gdańsk,POMORSKIE,26.5,230,265,False
2022,overall,rozszerzony,73,019c23da-e7eb-7490-856b-9f5b20dbc5da,"SZKOŁY OKRĘTOWE I TECHNICZNE ""CONRADINUM"" W GDAŃSKU TECHNIKUM NR 18",gdansk/technikum/szkoly-okretowe-i-techniczne-conradinum-w-gdansku-technikum-nr-18-21236,Gdańsk,POMORSKIE,24.39,236,265,True
2022,overall,rozszerzony,74,019c23da-850f-77c0-ad2f-e373df7e8e87,TECHNIKUM BUDOWLANE,gdynia/technikum/technikum-budowlane-18862,Gdynia,POMORSKIE,20,248,265,True
2022,overall,rozszerzony,75,019c23da-16ab-75a4-b435-e6a7fa58f81b,ZESPÓŁ SZKÓŁ SAMOCHODOWYCH IM. BRYGADY PANCERNEJ IM BOHATERÓW WESTERPLATTE TECHNIKUM NR 12 W GDAŃSKU,gdansk/technikum/zespol-szkol-samochodowych-im-brygady-pancernej-im-bohaterow-westerplatte-technikum-nr-12-w-gdansku-16180,Gdańsk,POMORSKIE,16,260,265,True
2023,overall,rozszerzony,1,019c23e1-616e-74f1-adca-e1dedd7eaa21,GDAŃSKIE SZKOŁY AUTONOMICZNE GDAŃSKIE LICEUM AUTONOMICZNE,gdansk/liceum-ogolnoksztalcace/gdanskie-szkoly-autonomiczne-gdanskie-liceum-autonomiczne-86002,Gdańsk,POMORSKIE,81.59,1,239,False
2023,overall,rozszerzony,2,019c23d8-ae37-7bc1-a2a8-f92b0f783fb8,V LICEUM OGÓLNOKSZTAŁCĄCE IM. STEFANA ŻEROMSKIEGO W GDAŃSKU,gdansk/liceum-ogolnoksztalcace/v-liceum-ogolnoksztalcace-im-stefana-zeromskiego-w-gdansku-7051,Gdańsk,POMORSKIE,78.64,2,239,True
2023,overall,rozszerzony,3,019c23dc-2668-7cf6-9536-25ec03b8c5be,III LICEUM OGÓLNOKSZTAŁCĄCE Z ODDZ. DWUJĘZYCZNYMI IM. MARYNARKI WOJENNEJ RP,gdynia/liceum-ogolnoksztalcace/iii-liceum-ogolnoksztalcace-z-oddz-dwujezycznymi-im-marynarki-wojennej-rp-29583,Gdynia,POMORSKIE,78.05,4,239,True
2023,overall,rozszerzony,4,019c23e0-d61c-7be4-8f69-e856f05c746a,GDAŃSKIE LICEUM OGÓLNOKSZTAŁCĄCE,gdansk/liceum-ogolnoksztalcace/gdanskie-liceum-ogolnoksztalcace-81755,Gdańsk,POMORSKIE,77.2,5,239,False
2023,overall,rozszerzony,5,019c23d8-cacf-7d04-b631-09a030bf5a2c,I LICEUM OGÓLNOKSZTAŁCĄCE IM. MIKOŁAJA KOPERNIKA W GDAŃSKU,gdansk/liceum-ogolnoksztalcace/i-liceum-ogolnoksztalcace-im-mikolaja-kopernika-w-gdansku-7753,Gdańsk,POMORSKIE,75.76,6,239,True
2023,overall,rozszerzony,6,019c23a3-5615-78cb-abcc-4d7104553fe0,VI LICEUM OGÓLNOKSZTAŁCĄCE IM. WACŁAWA SIERPIŃSKIEGO,gdynia/liceum-ogolnoksztalcace/vi-liceum-ogolnoksztalcace-im-waclawa-sierpinskiego-3640,Gdynia,POMORSKIE,69.85,11,239,True
2023,overall,rozszerzony,7,019c23d9-4d0f-7ef0-868b-44892ed81157,VIII LICEUM OGÓLNOKSZTAŁCĄCE IM. KOMISJI EDUKACJI NARODOWEJ W GDAŃSKU,gdansk/liceum-ogolnoksztalcace/viii-liceum-ogolnoksztalcace-im-komisji-edukacji-narodowej-w-gdansku-11182,Gdańsk,POMORSKIE,68.64,12,239,True
2023,overall,rozszerzony,8,019c23a3-560a-7f50-9455-d335ba48b0d2,X LICEUM OGÓLNOKSZTAŁCĄCE IM. GDYŃSKICH NAUCZYCIELI BOHATERÓW II WOJNY ŚWIATOWEJ,gdynia/liceum-ogolnoksztalcace/x-liceum-ogolnoksztalcace-im-gdynskich-nauczycieli-bohaterow-ii-wojny-swiatowej-3620,Gdynia,POMORSKIE,68.45,13,239,True
2023,overall,rozszerzony,9,019c23d8-b1fe-75d8-acac-8d2487fd86af,III LICEUM OGÓLNOKSZTAŁCĄCE Z ODDZIAŁAMI DWUJĘZYCZNYMI IM. BOHATERÓW WESTERPLATTE W GDAŃSKU,gdansk/liceum-ogolnoksztalcace/iii-liceum-ogolnoksztalcace-z-oddzialami-dwujezycznymi-im-bohaterow-westerplatte-w-gdansku-7099,Gdańsk,POMORSKIE,68.34,14,239,True
2023,overall,rozszerzony,10,019c23e0-37ae-7ea3-9fbf-da9c7dee8e1a,II LICEUM OGÓLNOKSZTAŁCĄCE IM. DR. WŁADYSŁAWA PNIEWSKIEGO W GDAŃSKU,gdansk/liceum-ogolnoksztalcace/ii-liceum-ogolnoksztalcace-im-dr-wladyslawa-pniewskiego-w-gdansku-74772,Gdańsk,POMORSKIE,68.28,15,239,True
2023,overall,rozszerzony,11,019c23db-377c-75c2-9891-7d0c9cfefc2b,II LICEUM OGÓLNOKSZTAŁCĄCE Z ODDZIAŁAMI DWUJĘZYCZNYMI IM. ADAMA MICKIEWICZA,gdynia/liceum-ogolnoksztalcace/ii-liceum-ogolnoksztalcace-z-oddzialami-dwujezycznymi-im-adama-mickiewicza-23199,Gdynia,POMORSKIE,68.06,17,239,True
2023,overall,rozszerzony,12,019c23db-8d8f-78b7-a0f6-bd29e0c30b18,OGÓLNOKSZTAŁCĄCA SZKOŁA BALETOWA IM. JANINY JARZYNÓWNY-SOBCZAK W GDAŃSKU,gdansk/ogolnoksztalcaca-szkola-baletowa/ogolnoksztalcaca-szkola-baletowa-im-janiny-jarzynowny-sobczak-w-gdansku-25362,Gdańsk,POMORSKIE,67.58,18,239,True
2023,overall,rozszerzony,13,019c23dc-6645-7e40-85b7-27f86cbc5d5e,KATOLICKIE LICEUM OGÓLNOKSZTAŁCĄCE IM. ŚW. JANA PAWŁA II W GDYNI,gdynia/liceum-ogolnoksztalcace/katolickie-liceum-ogolnoksztalcace-im-sw-jana-pawla-ii-w-gdyni-31207,Gdynia,POMORSKIE,64.79,23,239,True
2023,overall,rozszerzony,14,019c23dd-3a9d-76f5-830d-79a0b7845f8f,"LICEUM OGÓLNOKSZTAŁCĄCE ""COLLEGIUM GEDANENSE""",gdansk/liceum-ogolnoksztalcace/liceum-ogolnoksztalcace-collegium-gedanense-43409,Gdańsk,POMORSKIE,64.64,24,239,False
2023,overall,rozszerzony,15,019c23d8-a94a-7758-bba6-59d67f1da167,XIX LICEUM OGÓLNOKSZTAŁCĄCE IM. MARIANA MOKWY W GDAŃSKU,gdansk/liceum-ogolnoksztalcace/xix-liceum-ogolnoksztalcace-im-mariana-mokwy-w-gdansku-6954,Gdańsk,POMORSKIE,64.4,25,239,True
2023,overall,rozszerzony,16,019c23d8-a94f-7be1-9898-adc018e38fc9,XX LICEUM OGÓLNOKSZTAŁCĄCE Z ODDZIAŁAMI DWUJĘZYCZNYMI IM. ZBIGNIEWA HERBERTA W GDAŃSKU,gdansk/liceum-ogolnoksztalcace/zespol-szkol-ogolnoksztalcacych-nr-12-xx-liceum-ogolnoksztalcace-z-oddzialami-dwujezycznymi-im-zbigniewa-herberta-w-gdansku-6968,Gdańsk,POMORSKIE,64.22,26,239,True
2023,overall,rozszerzony,17,019c23e2-91c5-71d4-aa66-fb9ad3116922,PAŃSTWOWE LICEUM SZTUK PLASTYCZNYCH IM. MAGDALENY ABAKANOWICZ W GDYNI,gdynia/liceum-sztuk-plastycznych/panstwowe-liceum-sztuk-plastycznych-im-magdaleny-abakanowicz-w-gdyni-103759,Gdynia,POMORSKIE,63.11,28,239,True
2023,overall,rozszerzony,18,019c23dd-3a9d-76f5-830d-79a0b5935977,"AKADEMICKIE LICEUM OGÓLNOKSZTAŁCĄCE ""LINGWISTA"" IM. HYMNU NARODOWEGO",gdansk/liceum-ogolnoksztalcace/akademickie-liceum-ogolnoksztalcace-lingwista-im-hymnu-narodowego-43407,Gdańsk,POMORSKIE,62.34,30,239,False
2023,overall,rozszerzony,19,019c23d9-4d0f-7ef0-868b-44892d94e2f2,ZESPÓŁ SZKÓŁ OGÓLNOKSZTAŁCĄCYCH NR 1 IX LICEUM OGÓLNOKSZTAŁCĄCE IM. KRZYSZTOFA KOLBERGERA W GDAŃSKU,gdansk/liceum-ogolnoksztalcace/zespol-szkol-ogolnoksztalcacych-nr-1-ix-liceum-ogolnoksztalcace-im-krzysztofa-kolbergera-w-gdansku-11181,Gdańsk,POMORSKIE,61.99,31,239,True
2023,overall,rozszerzony,20,019c23e1-6bcb-79c5-bccb-bb23588b7c14,TECHNIKUM NR 1 IM. WIESŁAWA SZAJDY W GDAŃSKU,gdansk/technikum/technikum-nr-1-im-wieslawa-szajdy-w-gdansku-86228,Gdańsk,POMORSKIE,61.62,33,239,True
2023,overall,rozszerzony,21,019c23da-8981-7b25-9261-e24d871a0c6d,XIV LICEUM OGÓLNOKSZTAŁCĄCE Z ODDZIAŁAMI DWUJĘZYCZNYMI IM. MIKOŁAJA KOPERNIKA W GDYNI,gdynia/liceum-ogolnoksztalcace/xiv-liceum-ogolnoksztalcace-z-oddzialami-dwujezycznymi-im-mikolaja-kopernika-w-gdyni-18942,Gdynia,POMORSKIE,61.24,35,239,True
2023,overall,rozszerzony,22,019c23a3-6389-77b0-bbab-b575b9909f02,I AKADEMICKIE LICEUM OGÓLNOKSZTAŁCĄCE IM. ZASŁUŻONYCH LUDZI MORZA,gdynia/liceum-ogolnoksztalcace/i-akademickie-liceum-ogolnoksztalcace-im-zasluzonych-ludzi-morza-4045,Gdynia,POMORSKIE,60.42,39,239,True
2023,overall,rozszerzony,23,019c23e5-5028-773c-99fc-afb25060cad1,CENTRUM KSZTAŁCENIA ZAWODOWEGO I USTAWICZNEGO NR 1 - TECHNIKUM NR 2 IM. MARSZAŁKA JÓZEFA PIŁSUDSKIEGO W GDAŃSKU,gdansk/technikum/centrum-ksztalcenia-zawodowego-i-ustawicznego-nr-1-technikum-nr-2-im-marszalka-jozefa-pilsudskiego-w-gdansku-127924,Gdańsk,POMORSKIE,58.53,47,239,True
2023,overall,rozszerzony,24,019c23e7-18e9-7469-9435-95a635c036bc,CHRZEŚCIJAŃSKIE AUTORSKIE LICEUM OGÓLNOKSZTAŁCĄCE,gdansk/liceum-ogolnoksztalcace/chrzescijanskie-autorskie-liceum-ogolnoksztalcace-269593,Gdańsk,POMORSKIE,58.3,49,239,False
2023,overall,rozszerzony,25,019c23e8-1c1e-7d71-957c-54746c643b29,NIEPUBLICZNE LICEUM OGÓLNOKSZTAŁCĄCE MENTAL ARTS,gdansk/liceum-ogolnoksztalcace/niepubliczne-liceum-ogolnoksztalcace-mental-arts-478065,Gdańsk,POMORSKIE,58.3,50,239,False
2023,overall,rozszerzony,26,019c23a3-5e8a-7225-b133-a53baf2bca13,IX LICEUM OGÓLNOKSZTAŁCĄCE IM. MARSZAŁKA JÓZEFA PIŁSUDSKIEGO,gdynia/liceum-ogolnoksztalcace/ix-liceum-ogolnoksztalcace-im-marszalka-jozefa-pilsudskiego-3957,Gdynia,POMORSKIE,58.03,51,239,True
2023,overall,rozszerzony,27,019c23e7-3b1a-78e7-bed0-bd667639e560,UNIWERSYTECKIE LICEUM OGÓLNOKSZTAŁCĄCE Z ODDZIAŁAMI DWUJĘZYCZNYMI IM. PAWŁA ADAMOWICZA W GDAŃSKU,gdansk/liceum-ogolnoksztalcace/uniwersyteckie-liceum-ogolnoksztalcace-z-oddzialami-dwujezycznymi-im-pawla-adamowicza-w-gdansku-271870,Gdańsk,POMORSKIE,57.2,54,239,True
2023,overall,rozszerzony,28,019c23d8-d32e-7359-a061-3acf1e0b89c3,ZESPÓŁ SZKÓŁ OGÓLNOKSZTAŁCĄCYCH NR 7 VII LICEUM OGÓLNOKSZTAŁCĄCE IM. JÓZEFA WYBICKIEGO W GDAŃSKU,gdansk/liceum-ogolnoksztalcace/zespol-szkol-ogolnoksztalcacych-nr-7-vii-liceum-ogolnoksztalcace-im-jozefa-wybickiego-w-gdansku-7982,Gdańsk,POMORSKIE,56.76,55,239,True
2023,overall,rozszerzony,29,019c23db-332e-7bc8-a496-8e09aa0b10fe,TECHNIKUM EKONOMICZNE Z ODDZIAŁAMI DWUJĘZYCZNYMI IM. ROTMISTRZA WITOLDA PILECKIEGO,gdynia/technikum/technikum-ekonomiczne-z-oddzialami-dwujezycznymi-im-rotmistrza-witolda-pileckiego-23054,Gdynia,POMORSKIE,56.73,56,239,True
2023,overall,rozszerzony,30,019c23e6-684c-7a8a-9df3-393682b13dce,X LICEUM OGÓLNOKSZTAŁCĄCE DWUJĘZYCZNE IM. LECHA BĄDKOWSKIEGO W GDAŃSKU,gdansk/liceum-ogolnoksztalcace/x-liceum-ogolnoksztalcace-dwujezyczne-im-lecha-badkowskiego-w-gdansku-262211,Gdańsk,POMORSKIE,56.1,58,239,True
2023,overall,rozszerzony,31,019c23e6-c8f3-737d-b553-ea99ebca200f,LICEUM OGÓLNOKSZTAŁCĄCE THINKING ZONE,gdansk/liceum-ogolnoksztalcace/liceum-ogolnoksztalcace-thinking-zone-265997,Gdańsk,POMORSKIE,55.87,59,239,False
2023,overall,rozszerzony,32,019c23e6-6337-7693-b82e-ab2a9ded4f58,XVII LICEUM OGÓLNOKSZTAŁCĄCE W GDYNI,gdynia/liceum-ogolnoksztalcace/xvii-liceum-ogolnoksztalcace-w-gdyni-196346,Gdynia,POMORSKIE,55.46,62,239,True
2023,overall,rozszerzony,33,019c23d9-4d0c-7036-bb0c-c4296cb32b21,ZESPÓŁ SZKÓŁ OGÓLNOKSZTAŁCĄCYCH NR 2 XXIV LICEUM OGÓLNOKSZTAŁCĄCE IM. STEFANA BANACHA W GDAŃSKU,gdansk/liceum-ogolnoksztalcace/zespol-szkol-ogolnoksztalcacych-nr-2-xxiv-liceum-ogolnoksztalcace-im-stefana-banacha-w-gdansku-11174,Gdańsk,POMORSKIE,55.3,63,239,True
2023,overall,rozszerzony,34,019c23d9-667e-7225-a2c3-60be050a9ccd,TECHNIKUM MECHANICZNE NR 1,gdynia/technikum/technikum-mechaniczne-nr-1-11852,Gdynia,POMORSKIE,54.18,70,239,True
2023,overall,rozszerzony,35,019c23e0-d61d-7005-9ad8-e8d19919c411,OGÓLNOKSZTAŁCĄCE LICEUM PROGRAMÓW INDYWIDUALNYCH IM. ADMIRAŁA JÓZEFA UNRUGA,gdansk/liceum-ogolnoksztalcace/ogolnoksztalcace-liceum-programow-indywidualnych-im-admirala-jozefa-unruga-81759,Gdańsk,POMORSKIE,52.63,78,239,False
2023,overall,rozszerzony,36,019c23d9-12ab-7942-b898-bb330282a0a8,ZESPÓŁ SZKÓŁ ŁĄCZNOŚCI IM. OBROŃCÓW POCZTY POLSKIEJ - TECHNIKUM ŁĄCZNOŚCI NR 4 IM. OBROŃCÓW POCZTY POLSKIEJ W GDAŃSKU,gdansk/technikum/zespol-szkol-lacznosci-im-obroncow-poczty-polskiej-technikum-lacznosci-nr-4-im-obroncow-poczty-polskiej-w-gdansku-9647,Gdańsk,POMORSKIE,50.66,90,239,True
2023,overall,rozszerzony,37,019c23c2-580b-7835-9e2f-61dcc854cebd,OGÓLNOKSZTAŁCĄCE LICEUM JEZUITÓW Z ODDZIAŁAMI DWUJĘZYCZNYMI IM ŚW. STANISŁAWA KOSTKI W GDYNI,gdynia/liceum-ogolnoksztalcace/ogolnoksztalcace-liceum-jezuitow-z-oddzialami-dwujezycznymi-im-sw-stanislawa-kostki-w-gdyni-6128,Gdynia,POMORSKIE,50.33,91,239,False
2023,overall,rozszerzony,38,019c23d8-a940-7b2e-9a33-c0ed54ec5110,XV LICEUM OGÓLNOKSZTAŁCĄCE Z ODDZIAŁAMI DWUJĘZYCZNYMI IM. ZJEDNOCZONEJ EUROPY W GDAŃSKU,gdansk/liceum-ogolnoksztalcace/xv-liceum-ogolnoksztalcace-z-oddzialami-dwujezycznymi-im-zjednoczonej-europy-w-gdansku-6934,Gdańsk,POMORSKIE,50.31,93,239,True
2023,overall,rozszerzony,39,019c23e4-6770-765b-aa7a-25649e616a45,LICEUM AKADEMII DOBREJ EDUKACJI IM. MACIEJA PŁAŻYŃSKIEGO,gdansk/liceum-ogolnoksztalcace/liceum-akademii-dobrej-edukacji-im-macieja-plazynskiego-122271,Gdańsk,POMORSKIE,48.77,101,239,False
2023,overall,rozszerzony,40,019c23de-8063-742b-9069-c3dffc9b8149,AKADEMICKIE LICEUM OGÓLNOKSZTAŁCĄCE DLA MŁODZIEŻY W GDAŃSKU,gdansk/liceum-ogolnoksztalcace/akademickie-liceum-ogolnoksztalcace-dla-mlodziezy-w-gdansku-57154,Gdańsk,POMORSKIE,48.63,102,239,False
2023,overall,rozszerzony,41,019c23da-7ce6-7b22-ad9a-b52d1abb2924,ZESPÓŁ SZKÓŁ OGÓLNOKSZTAŁCĄCYCH NR 6 - VI LICEUM OGÓLNOKSZTAŁCĄCE W GDAŃSKU,gdansk/liceum-ogolnoksztalcace/zespol-szkol-ogolnoksztalcacych-nr-6-vi-liceum-ogolnoksztalcace-w-gdansku-18579,Gdańsk,POMORSKIE,48.53,103,239,True
2023,overall,rozszerzony,42,019c23da-51b8-7b2c-9a48-37d06c0c170a,ZESPÓŁ SZKÓŁ OGÓLNOKSZTAŁCĄCYCH NR 10 IM. EUGENIUSZA KWIATKOWSKIEGO W GDAŃSKU - XXIII LICEUM OGÓLNOKSZTAŁCĄCE,gdansk/liceum-ogolnoksztalcace/zespol-szkol-ogolnoksztalcacych-nr-10-im-eugeniusza-kwiatkowskiego-w-gdansku-xxiii-liceum-ogolnoksztalcace-17601,Gdańsk,POMORSKIE,48.18,105,239,True
2023,overall,rozszerzony,43,019c23e6-6dcf-7b7f-85cb-c3cc5403ee1d,PIERWSZE SPOŁECZNE LICEUM OGÓLNOKSZTAŁCĄCE SZKOŁA MISTRZOSTWA SPORTOWEGO W GDYNI,gdynia/liceum-ogolnoksztalcace/pierwsze-spoleczne-liceum-ogolnoksztalcace-szkola-mistrzostwa-sportowego-w-gdyni-262373,Gdynia,POMORSKIE,47.81,109,239,False
2023,overall,rozszerzony,44,019c23d9-f4c0-712c-8c74-3454772e219d,ZESPÓŁ SZKÓŁ OGÓLNOKSZTAŁCĄCYCH NR 8 IM. W GDAŃSKU - XIV LICEUM OGÓLNOKSZTAŁCĄCE IM. JANA PAWŁA II,gdansk/liceum-ogolnoksztalcace/zespol-szkol-ogolnoksztalcacych-nr-8-im-w-gdansku-xiv-liceum-ogolnoksztalcace-im-jana-pawla-ii-15300,Gdańsk,POMORSKIE,47.57,110,239,True
2023,overall,rozszerzony,45,019c23e2-8cfe-7032-91a5-33ece1af3438,OGÓLNOKSZTAŁCĄCA SZKOŁA MUZYCZNA II ST. W GDAŃSKU,gdansk/ogolnoksztalcaca-szkola-muzyczna-ii-stopnia/ogolnoksztalcaca-szkola-muzyczna-ii-st-w-gdansku-103727,Gdańsk,POMORSKIE,47.46,111,239,True
2023,overall,rozszerzony,46,019c23d9-6657-788a-99a2-2acc34ac748e,TECHNIKUM HOTELARSKIE,gdynia/technikum/technikum-hotelarskie-11767,Gdynia,POMORSKIE,46.31,119,239,True
2023,overall,rozszerzony,47,019c23da-8e7c-7223-bb54-530012f985d4,ZESPÓŁ SZKÓŁ ARCHITEKTONICZNO-PROJEKTOWYCH IM. WŁADYSŁAWA SZAFERA TECHNIKUM NR 7 W GDAŃSKU,gdansk/technikum/zespol-szkol-architektoniczno-projektowych-im-wladyslawa-szafera-technikum-nr-7-w-gdansku-19119,Gdańsk,POMORSKIE,45.71,125,239,True
2023,overall,rozszerzony,48,019c23da-0e7a-7f98-aa91-1f19100006d0,ZESPÓŁ SZKÓŁ GASTRONOMICZNO-HOTELARSKICH - TECHNIKUM NR 3 W GDAŃSKU,gdansk/technikum/zespol-szkol-gastronomiczno-hotelarskich-technikum-nr-3-w-gdansku-15976,Gdańsk,POMORSKIE,44.69,135,239,True
2023,overall,rozszerzony,49,019c23da-9298-720d-bdfa-d666dc985180,SZKOŁY EKONOMICZNO-HANDLOWE IM. MACIERZY SZKOLNEJ W GDAŃSKU TECHNIKUM NR 11 W GDAŃSKU,gdansk/technikum/szkoly-ekonomiczno-handlowe-im-macierzy-szkolnej-w-gdansku-technikum-nr-11-w-gdansku-19174,Gdańsk,POMORSKIE,44.02,142,239,True
2023,overall,rozszerzony,50,019c23da-a9b0-7934-a348-c175b55badc8,TECHNIKUM TEB EDUKACJA W GDYNI,gdynia/technikum/technikum-teb-edukacja-w-gdyni-19685,Gdynia,POMORSKIE,43.8,143,239,False
2023,overall,rozszerzony,51,019c23da-6f34-7ee2-b2af-76fcc5140265,IV LICEUM OGÓLNOKSZTAŁCĄCE Z ODDZIAŁAMI MISTRZOSTWA SPORTOWEGO IM. MARYNARZY WOJSK OCHRONY POGRANICZA W GDAŃSKU,gdansk/liceum-ogolnoksztalcace/iv-liceum-ogolnoksztalcace-z-oddzialami-mistrzostwa-sportowego-im-marynarzy-wojsk-ochrony-pogranicza-w-gdansku-18356,Gdańsk,POMORSKIE,43.74,144,239,True
2023,overall,rozszerzony,52,019c23da-3e88-75b2-8824-cc370fd5609c,ZESPÓŁ SZKÓŁ MORSKICH IM. BOHATERSKICH OBROŃCÓW WESTERPLATTE TECHNIKUM NR 16 W GDAŃSKU,gdansk/technikum/zespol-szkol-morskich-im-bohaterskich-obroncow-westerplatte-technikum-nr-16-w-gdansku-17095,Gdańsk,POMORSKIE,41.49,155,239,True
2023,overall,rozszerzony,53,019c23d9-6ea3-7aad-9003-dc3f978d82ed,TECHNIKUM BUDOWY OKRĘTÓW,gdynia/technikum/technikum-budowy-okretow-12039,Gdynia,POMORSKIE,41.48,157,239,True
2023,overall,rozszerzony,54,019c23da-e7d8-7efc-a7ea-07b74d229f4c,VII SPORTOWE LICEUM OGÓLNOKSZTAŁCĄCE IM. JÓZEFA WYBICKIEGO,gdynia/liceum-ogolnoksztalcace/vii-sportowe-liceum-ogolnoksztalcace-im-jozefa-wybickiego-21211,Gdynia,POMORSKIE,41.48,156,239,True
2023,overall,rozszerzony,55,019c23a3-7a45-7f57-9ac8-166079b9a1d1,TECHNIKUM TRANSPORTOWE,gdynia/technikum/technikum-transportowe-4616,Gdynia,POMORSKIE,41.45,158,239,True
2023,overall,rozszerzony,56,019c23d9-6659-7852-9cd9-4401dc0988d6,TECHNIKUM GASTRONOMICZNE,gdynia/technikum/technikum-gastronomiczne-11768,Gdynia,POMORSKIE,41.06,159,239,True
2023,overall,rozszerzony,57,019c23d9-f4c1-72b6-a67a-da8c66f48adb,CENTRUM KSZTAŁCENIA ZAWODOWEGO I USTAWICZNEGO NR 2 TECHNIKUM NR 8 W GDAŃSKU,gdansk/technikum/centrum-ksztalcenia-zawodowego-i-ustawicznego-nr-2-technikum-nr-8-w-gdansku-15302,Gdańsk,POMORSKIE,40.83,160,239,True
2023,overall,rozszerzony,58,019c23dd-35ae-745a-99dd-454f5d47de25,PAŃSTWOWE SZKOŁY BUDOWNICTWA W GDAŃSKU - TECHNIKUM NR 5,gdansk/technikum/panstwowe-szkoly-budownictwa-w-gdansku-technikum-nr-5-42893,Gdańsk,POMORSKIE,40.78,161,239,True
2023,overall,rozszerzony,59,019c23d9-6673-780a-b5ca-50d0fb5aeca4,TECHNIKUM TEB EDUKACJA W GDAŃSKU,gdansk/technikum/technikum-teb-edukacja-w-gdansku-11821,Gdańsk,POMORSKIE,40.53,163,239,False
2023,overall,rozszerzony,60,019c23db-9e95-7f98-90d3-da4885c55e9f,V LICEUM OGÓLNOKSZTAŁCĄCE IM.PŁK.STANISŁAWA DĄBKA,gdynia/liceum-ogolnoksztalcace/v-liceum-ogolnoksztalcace-im-plk-stanislawa-dabka-25697,Gdynia,POMORSKIE,39.93,165,239,True
2023,overall,rozszerzony,61,019c23dc-f7d3-7885-a255-3ec8ba03b3c8,ZESPÓŁ SZKÓŁ KREOWANIA WIZERUNKU W GDAŃSKU - TECHNIKUM NR 9 IM.XYMENY ZANIEWSKIEJ,gdansk/technikum/zespol-szkol-kreowania-wizerunku-w-gdansku-technikum-nr-9-im-xymeny-zaniewskiej-40819,Gdańsk,POMORSKIE,39.47,170,239,True
2023,overall,rozszerzony,62,019c23da-a515-7f40-a640-6232b2df783f,ZESPÓŁ SZKÓŁ ENERGETYCZNYCH W GDAŃSKU TECHNIKUM NR 13 W GDAŃSKU,gdansk/technikum/zespol-szkol-energetycznych-w-gdansku-technikum-nr-13-w-gdansku-19648,Gdańsk,POMORSKIE,39.46,171,239,True
2023,overall,rozszerzony,63,019c23da-850f-77c0-ad2f-e373df7e8e87,TECHNIKUM BUDOWLANE,gdynia/technikum/technikum-budowlane-18862,Gdynia,POMORSKIE,39.43,172,239,True
2023,overall,rozszerzony,64,019c23da-5a02-74bd-bf5a-a781ef7b076b,ZESPÓŁ SZKÓŁ SPORTOWYCH I MISTRZOSTWA SPORTOWEGO IM. JANUSZA KUSOCIŃSKIEGO XII SPORTOWE LICEUM OGÓLNOKSZTAŁCĄCE Z ODDZIAŁAMI MISTRZOSTWA SPORTOWEGO W GDAŃSKU,gdansk/liceum-ogolnoksztalcace/zespol-szkol-sportowych-i-mistrzostwa-sportowego-im-janusza-kusocinskiego-xii-sportowe-liceum-ogolnoksztalcace-z-oddzialami-mistrzostwa-sportowego-w-gdansku-17730,Gdańsk,POMORSKIE,38.37,179,239,True
2023,overall,rozszerzony,65,019c23d9-553d-71bd-a3b7-b4e4d22df6b3,TECHNIKUM ELEKTRONICZNE NR 1 Z ODDZIAŁAMI DWUJĘZYCZNYMI,gdynia/technikum/technikum-elektroniczne-nr-1-z-oddzialami-dwujezycznymi-11365,Gdynia,POMORSKIE,38.1,181,239,True
2023,overall,rozszerzony,66,019c23da-47e6-7a0f-9007-884a441f1b2a,CENTRUM KSZTAŁCENIA ZAWODOWEGO I USTAWICZNEGO NR 2 TECHNIKUM NR 14 W GDAŃSKU,gdansk/technikum/centrum-ksztalcenia-zawodowego-i-ustawicznego-nr-2-technikum-nr-14-w-gdansku-17295,Gdańsk,POMORSKIE,37,188,239,True
2023,overall,rozszerzony,67,019c23e5-d285-7cf9-a0a4-434421a0965c,I LICEUM OGÓLNOKSZTAŁCĄCE CN-B IM. POLSKICH SPADOCHRONIARZY W GDAŃSKU,gdansk/liceum-ogolnoksztalcace/i-liceum-ogolnoksztalcace-cn-b-im-polskich-spadochroniarzy-w-gdansku-130828,Gdańsk,POMORSKIE,36.42,196,239,False
2023,overall,rozszerzony,68,019c23e4-ee02-7254-8822-55d8e451bc9b,LICEUM OGÓLNOKSZTAŁCĄCE MUNDUROWE SPARTAKUS IM. MIECZYSŁAWA JAŁOWIECKIEGO W GDAŃSKU,gdansk/liceum-ogolnoksztalcace/liceum-ogolnoksztalcace-mundurowe-spartakus-im-mieczyslawa-jalowieckiego-w-gdansku-125432,Gdańsk,POMORSKIE,36.19,198,239,False
2023,overall,rozszerzony,69,019c23e6-3ad4-7823-adaf-22f6d55ac238,SZKOŁA MISTRZOSTWA SPORTOWEGO LICEUM OGÓLNOKSZTAŁCĄCE MARCINA GORTATA W GDAŃSKU,gdansk/liceum-ogolnoksztalcace/szkola-mistrzostwa-sportowego-liceum-ogolnoksztalcace-marcina-gortata-w-gdansku-133201,Gdańsk,POMORSKIE,35.83,200,239,False
2023,overall,rozszerzony,70,019c23d8-d32f-7372-8928-c2e4ce1db270,XXI LICEUM OGÓLNOKSZTAŁCĄCE Z ODDZIAŁAMI SPORTOWYMI,gdansk/liceum-ogolnoksztalcace/xxi-liceum-ogolnoksztalcace-z-oddzialami-sportowymi-7983,Gdańsk,POMORSKIE,35.58,203,239,True
2023,overall,rozszerzony,71,019c23d9-72dc-72b3-b20b-c4daa45ae9a9,TECHNIKUM NR 3,gdynia/technikum/technikum-nr-3-12154,Gdynia,POMORSKIE,35.52,205,239,True
2023,overall,rozszerzony,72,019c23dc-4b2e-7781-ac51-95a77447e7c9,GDYŃSKIE LICEUM AUTORSKIE SPOŁECZNEGO TOWARZYSTWA OŚWIATOWEGO,gdynia/liceum-ogolnoksztalcace/gdynskie-liceum-autorskie-spolecznego-towarzystwa-oswiatowego-30451,Gdynia,POMORSKIE,34.89,206,239,False
2023,overall,rozszerzony,73,019c23d9-553d-71bd-a3b7-b4e4d2e59bf0,TECHNIKUM CHŁODNICZE IM. PROF. M.T. HUBERA,gdynia/technikum/technikum-chlodnicze-im-prof-m-t-hubera-11366,Gdynia,POMORSKIE,33.07,213,239,True
2023,overall,rozszerzony,74,019c23de-d51b-7fb9-81ed-6289aea32827,PRYWATNE TECHNIKUM GASTRONOMICZNE E.T.MAZUREK,gdynia/technikum/prywatne-technikum-gastronomiczne-e-t-mazurek-60373,Gdynia,POMORSKIE,32,216,239,False
2023,overall,rozszerzony,75,019c23da-e7eb-7490-856b-9f5b20dbc5da,"SZKOŁY OKRĘTOWE I TECHNICZNE ""CONRADINUM"" W GDAŃSKU TECHNIKUM NR 18",gdansk/technikum/szkoly-okretowe-i-techniczne-conradinum-w-gdansku-technikum-nr-18-21236,Gdańsk,POMORSKIE,31.37,220,239,True
2023,overall,rozszerzony,76,019c23da-16ab-75a4-b435-e6a7fa58f81b,ZESPÓŁ SZKÓŁ SAMOCHODOWYCH IM. BRYGADY PANCERNEJ IM BOHATERÓW WESTERPLATTE TECHNIKUM NR 12 W GDAŃSKU,gdansk/technikum/zespol-szkol-samochodowych-im-brygady-pancernej-im-bohaterow-westerplatte-technikum-nr-12-w-gdansku-16180,Gdańsk,POMORSKIE,29.42,224,239,True
2024,overall,rozszerzony,1,019c23e1-616e-74f1-adca-e1dedd7eaa21,GDAŃSKIE SZKOŁY AUTONOMICZNE GDAŃSKIE LICEUM AUTONOMICZNE,gdansk/liceum-ogolnoksztalcace/gdanskie-szkoly-autonomiczne-gdanskie-liceum-autonomiczne-86002,Gdańsk,POMORSKIE,80.25,2,254,False
2024,overall,rozszerzony,2,019c23dc-2668-7cf6-9536-25ec03b8c5be,III LICEUM OGÓLNOKSZTAŁCĄCE Z ODDZ. DWUJĘZYCZNYMI IM. MARYNARKI WOJENNEJ RP,gdynia/liceum-ogolnoksztalcace/iii-liceum-ogolnoksztalcace-z-oddz-dwujezycznymi-im-marynarki-wojennej-rp-29583,Gdynia,POMORSKIE,79.55,3,254,True
2024,overall,rozszerzony,3,019c23d8-cacf-7d04-b631-09a030bf5a2c,I LICEUM OGÓLNOKSZTAŁCĄCE IM. MIKOŁAJA KOPERNIKA W GDAŃSKU,gdansk/liceum-ogolnoksztalcace/i-liceum-ogolnoksztalcace-im-mikolaja-kopernika-w-gdansku-7753,Gdańsk,POMORSKIE,74.2,5,254,True
2024,overall,rozszerzony,4,019c23e0-d61c-7be4-8f69-e856f05c746a,GDAŃSKIE LICEUM OGÓLNOKSZTAŁCĄCE,gdansk/liceum-ogolnoksztalcace/gdanskie-liceum-ogolnoksztalcace-81755,Gdańsk,POMORSKIE,74,6,254,False
2024,overall,rozszerzony,5,019c23a3-5615-78cb-abcc-4d7104553fe0,VI LICEUM OGÓLNOKSZTAŁCĄCE IM. WACŁAWA SIERPIŃSKIEGO,gdynia/liceum-ogolnoksztalcace/vi-liceum-ogolnoksztalcace-im-waclawa-sierpinskiego-3640,Gdynia,POMORSKIE,73.35,7,254,True
2024,overall,rozszerzony,6,019c23d8-b1fe-75d8-acac-8d2487fd86af,III LICEUM OGÓLNOKSZTAŁCĄCE Z ODDZIAŁAMI DWUJĘZYCZNYMI IM. BOHATERÓW WESTERPLATTE W GDAŃSKU,gdansk/liceum-ogolnoksztalcace/iii-liceum-ogolnoksztalcace-z-oddzialami-dwujezycznymi-im-bohaterow-westerplatte-w-gdansku-7099,Gdańsk,POMORSKIE,73.01,8,254,True
2024,overall,rozszerzony,7,019c23d8-ae37-7bc1-a2a8-f92b0f783fb8,V LICEUM OGÓLNOKSZTAŁCĄCE IM. STEFANA ŻEROMSKIEGO W GDAŃSKU,gdansk/liceum-ogolnoksztalcace/v-liceum-ogolnoksztalcace-im-stefana-zeromskiego-w-gdansku-7051,Gdańsk,POMORSKIE,71.24,11,254,True
2024,overall,rozszerzony,8,019c23e7-3b1a-78e7-bed0-bd667639e560,UNIWERSYTECKIE LICEUM OGÓLNOKSZTAŁCĄCE Z ODDZIAŁAMI DWUJĘZYCZNYMI IM. PAWŁA ADAMOWICZA W GDAŃSKU,gdansk/liceum-ogolnoksztalcace/uniwersyteckie-liceum-ogolnoksztalcace-z-oddzialami-dwujezycznymi-im-pawla-adamowicza-w-gdansku-271870,Gdańsk,POMORSKIE,67.78,16,254,True
2024,overall,rozszerzony,9,019c23e0-37ae-7ea3-9fbf-da9c7dee8e1a,II LICEUM OGÓLNOKSZTAŁCĄCE IM. DR. WŁADYSŁAWA PNIEWSKIEGO W GDAŃSKU,gdansk/liceum-ogolnoksztalcace/ii-liceum-ogolnoksztalcace-im-dr-wladyslawa-pniewskiego-w-gdansku-74772,Gdańsk,POMORSKIE,67.65,17,254,True
2024,overall,rozszerzony,10,019c23e2-91c5-71d4-aa66-fb9ad3116922,PAŃSTWOWE LICEUM SZTUK PLASTYCZNYCH IM. MAGDALENY ABAKANOWICZ W GDYNI,gdynia/liceum-sztuk-plastycznych/panstwowe-liceum-sztuk-plastycznych-im-magdaleny-abakanowicz-w-gdyni-103759,Gdynia,POMORSKIE,66.28,20,254,True
2024,overall,rozszerzony,11,019c23dc-6645-7e40-85b7-27f86cbc5d5e,KATOLICKIE LICEUM OGÓLNOKSZTAŁCĄCE IM. ŚW. JANA PAWŁA II W GDYNI,gdynia/liceum-ogolnoksztalcace/katolickie-liceum-ogolnoksztalcace-im-sw-jana-pawla-ii-w-gdyni-31207,Gdynia,POMORSKIE,64.66,21,254,True
2024,overall,rozszerzony,12,019c23a3-560a-7f50-9455-d335ba48b0d2,X LICEUM OGÓLNOKSZTAŁCĄCE IM. GDYŃSKICH NAUCZYCIELI BOHATERÓW II WOJNY ŚWIATOWEJ,gdynia/liceum-ogolnoksztalcace/x-liceum-ogolnoksztalcace-im-gdynskich-nauczycieli-bohaterow-ii-wojny-swiatowej-3620,Gdynia,POMORSKIE,62.66,23,254,True
2024,overall,rozszerzony,13,019c23d9-4d0f-7ef0-868b-44892ed81157,VIII LICEUM OGÓLNOKSZTAŁCĄCE IM. KOMISJI EDUKACJI NARODOWEJ W GDAŃSKU,gdansk/liceum-ogolnoksztalcace/viii-liceum-ogolnoksztalcace-im-komisji-edukacji-narodowej-w-gdansku-11182,Gdańsk,POMORSKIE,62.63,24,254,True
2024,overall,rozszerzony,14,019c23db-377c-75c2-9891-7d0c9cfefc2b,II LICEUM OGÓLNOKSZTAŁCĄCE Z ODDZIAŁAMI DWUJĘZYCZNYMI IM. ADAMA MICKIEWICZA,gdynia/liceum-ogolnoksztalcace/ii-liceum-ogolnoksztalcace-z-oddzialami-dwujezycznymi-im-adama-mickiewicza-23199,Gdynia,POMORSKIE,62.59,25,254,True
2024,overall,rozszerzony,15,019c23dd-3a9d-76f5-830d-79a0b7845f8f,"LICEUM OGÓLNOKSZTAŁCĄCE ""COLLEGIUM GEDANENSE""",gdansk/liceum-ogolnoksztalcace/liceum-ogolnoksztalcace-collegium-gedanense-43409,Gdańsk,POMORSKIE,62.57,26,254,False
2024,overall,rozszerzony,16,019c23db-8d8f-78b7-a0f6-bd29e0c30b18,OGÓLNOKSZTAŁCĄCA SZKOŁA BALETOWA IM. JANINY JARZYNÓWNY-SOBCZAK W GDAŃSKU,gdansk/ogolnoksztalcaca-szkola-baletowa/ogolnoksztalcaca-szkola-baletowa-im-janiny-jarzynowny-sobczak-w-gdansku-25362,Gdańsk,POMORSKIE,62.5,27,254,True
2024,overall,rozszerzony,17,019c23e2-8cfe-7032-91a5-33ece1af3438,OGÓLNOKSZTAŁCĄCA SZKOŁA MUZYCZNA II ST. W GDAŃSKU,gdansk/ogolnoksztalcaca-szkola-muzyczna-ii-stopnia/ogolnoksztalcaca-szkola-muzyczna-ii-st-w-gdansku-103727,Gdańsk,POMORSKIE,62.06,31,254,True
2024,overall,rozszerzony,18,019c23e8-1c1e-7d71-957c-54746c643b29,NIEPUBLICZNE LICEUM OGÓLNOKSZTAŁCĄCE MENTAL ARTS,gdansk/liceum-ogolnoksztalcace/niepubliczne-liceum-ogolnoksztalcace-mental-arts-478065,Gdańsk,POMORSKIE,61.96,32,254,False
2024,overall,rozszerzony,19,019c23d8-a94f-7be1-9898-adc018e38fc9,XX LICEUM OGÓLNOKSZTAŁCĄCE Z ODDZIAŁAMI DWUJĘZYCZNYMI IM. ZBIGNIEWA HERBERTA W GDAŃSKU,gdansk/liceum-ogolnoksztalcace/zespol-szkol-ogolnoksztalcacych-nr-12-xx-liceum-ogolnoksztalcace-z-oddzialami-dwujezycznymi-im-zbigniewa-herberta-w-gdansku-6968,Gdańsk,POMORSKIE,61.91,33,254,True
2024,overall,rozszerzony,20,019c23e6-6337-7693-b82e-ab2a9ded4f58,XVII LICEUM OGÓLNOKSZTAŁCĄCE W GDYNI,gdynia/liceum-ogolnoksztalcace/xvii-liceum-ogolnoksztalcace-w-gdyni-196346,Gdynia,POMORSKIE,59.58,39,254,True
2024,overall,rozszerzony,21,019c23d8-a94a-7758-bba6-59d67f1da167,XIX LICEUM OGÓLNOKSZTAŁCĄCE IM. MARIANA MOKWY W GDAŃSKU,gdansk/liceum-ogolnoksztalcace/xix-liceum-ogolnoksztalcace-im-mariana-mokwy-w-gdansku-6954,Gdańsk,POMORSKIE,58.64,42,254,True
2024,overall,rozszerzony,22,019c23e7-18e9-7469-9435-95a635c036bc,CHRZEŚCIJAŃSKIE AUTORSKIE LICEUM OGÓLNOKSZTAŁCĄCE,gdansk/liceum-ogolnoksztalcace/chrzescijanskie-autorskie-liceum-ogolnoksztalcace-269593,Gdańsk,POMORSKIE,57.17,46,254,False
2024,overall,rozszerzony,23,019c23e4-6770-765b-aa7a-25649e616a45,LICEUM AKADEMII DOBREJ EDUKACJI IM. MACIEJA PŁAŻYŃSKIEGO,gdansk/liceum-ogolnoksztalcace/liceum-akademii-dobrej-edukacji-im-macieja-plazynskiego-122271,Gdańsk,POMORSKIE,56.87,47,254,False
2024,overall,rozszerzony,24,019c23a3-6389-77b0-bbab-b575b9909f02,I AKADEMICKIE LICEUM OGÓLNOKSZTAŁCĄCE IM. ZASŁUŻONYCH LUDZI MORZA,gdynia/liceum-ogolnoksztalcace/i-akademickie-liceum-ogolnoksztalcace-im-zasluzonych-ludzi-morza-4045,Gdynia,POMORSKIE,56.84,48,254,True
2024,overall,rozszerzony,25,019c23e6-684c-7a8a-9df3-393682b13dce,X LICEUM OGÓLNOKSZTAŁCĄCE DWUJĘZYCZNE IM. LECHA BĄDKOWSKIEGO W GDAŃSKU,gdansk/liceum-ogolnoksztalcace/x-liceum-ogolnoksztalcace-dwujezyczne-im-lecha-badkowskiego-w-gdansku-262211,Gdańsk,POMORSKIE,56.57,51,254,True
2024,overall,rozszerzony,26,019c23de-8063-742b-9069-c3dffc9b8149,AKADEMICKIE LICEUM OGÓLNOKSZTAŁCĄCE DLA MŁODZIEŻY W GDAŃSKU,gdansk/liceum-ogolnoksztalcace/akademickie-liceum-ogolnoksztalcace-dla-mlodziezy-w-gdansku-57154,Gdańsk,POMORSKIE,54.86,61,254,False
2024,overall,rozszerzony,27,019c23e0-d61d-7005-9ad8-e8d19919c411,OGÓLNOKSZTAŁCĄCE LICEUM PROGRAMÓW INDYWIDUALNYCH IM. ADMIRAŁA JÓZEFA UNRUGA,gdansk/liceum-ogolnoksztalcace/ogolnoksztalcace-liceum-programow-indywidualnych-im-admirala-jozefa-unruga-81759,Gdańsk,POMORSKIE,54.68,62,254,False
2024,overall,rozszerzony,28,019c23dd-3a9d-76f5-830d-79a0b5935977,"AKADEMICKIE LICEUM OGÓLNOKSZTAŁCĄCE ""LINGWISTA"" IM. HYMNU NARODOWEGO",gdansk/liceum-ogolnoksztalcace/akademickie-liceum-ogolnoksztalcace-lingwista-im-hymnu-narodowego-43407,Gdańsk,POMORSKIE,54.3,64,254,False
2024,overall,rozszerzony,29,019c23da-8981-7b25-9261-e24d871a0c6d,XIV LICEUM OGÓLNOKSZTAŁCĄCE Z ODDZIAŁAMI DWUJĘZYCZNYMI IM. MIKOŁAJA KOPERNIKA W GDYNI,gdynia/liceum-ogolnoksztalcace/xiv-liceum-ogolnoksztalcace-z-oddzialami-dwujezycznymi-im-mikolaja-kopernika-w-gdyni-18942,Gdynia,POMORSKIE,53.9,65,254,True
2024,overall,rozszerzony,30,019c23d9-553d-71bd-a3b7-b4e4d2e59bf0,TECHNIKUM CHŁODNICZE IM. PROF. M.T. HUBERA,gdynia/technikum/technikum-chlodnicze-im-prof-m-t-hubera-11366,Gdynia,POMORSKIE,53.8,67,254,True
2024,overall,rozszerzony,31,019c23e6-6dcf-7b7f-85cb-c3cc5403ee1d,PIERWSZE SPOŁECZNE LICEUM OGÓLNOKSZTAŁCĄCE SZKOŁA MISTRZOSTWA SPORTOWEGO W GDYNI,gdynia/liceum-ogolnoksztalcace/pierwsze-spoleczne-liceum-ogolnoksztalcace-szkola-mistrzostwa-sportowego-w-gdyni-262373,Gdynia,POMORSKIE,53.64,68,254,False
2024,overall,rozszerzony,32,019c23d9-4d0f-7ef0-868b-44892d94e2f2,ZESPÓŁ SZKÓŁ OGÓLNOKSZTAŁCĄCYCH NR 1 IX LICEUM OGÓLNOKSZTAŁCĄCE IM. KRZYSZTOFA KOLBERGERA W GDAŃSKU,gdansk/liceum-ogolnoksztalcace/zespol-szkol-ogolnoksztalcacych-nr-1-ix-liceum-ogolnoksztalcace-im-krzysztofa-kolbergera-w-gdansku-11181,Gdańsk,POMORSKIE,53.49,69,254,True
2024,overall,rozszerzony,33,019c23e5-5028-773c-99fc-afb25060cad1,CENTRUM KSZTAŁCENIA ZAWODOWEGO I USTAWICZNEGO NR 1 - TECHNIKUM NR 2 IM. MARSZAŁKA JÓZEFA PIŁSUDSKIEGO W GDAŃSKU,gdansk/technikum/centrum-ksztalcenia-zawodowego-i-ustawicznego-nr-1-technikum-nr-2-im-marszalka-jozefa-pilsudskiego-w-gdansku-127924,Gdańsk,POMORSKIE,52.33,72,254,True
2024,overall,rozszerzony,34,019c23a3-5e8a-7225-b133-a53baf2bca13,IX LICEUM OGÓLNOKSZTAŁCĄCE IM. MARSZAŁKA JÓZEFA PIŁSUDSKIEGO,gdynia/liceum-ogolnoksztalcace/ix-liceum-ogolnoksztalcace-im-marszalka-jozefa-pilsudskiego-3957,Gdynia,POMORSKIE,51.56,73,254,True
2024,overall,rozszerzony,35,019c23d9-667e-7225-a2c3-60be050a9ccd,TECHNIKUM MECHANICZNE NR 1,gdynia/technikum/technikum-mechaniczne-nr-1-11852,Gdynia,POMORSKIE,50.5,77,254,True
2024,overall,rozszerzony,36,019c23d9-12ab-7942-b898-bb330282a0a8,ZESPÓŁ SZKÓŁ ŁĄCZNOŚCI IM. OBROŃCÓW POCZTY POLSKIEJ - TECHNIKUM ŁĄCZNOŚCI NR 4 IM. OBROŃCÓW POCZTY POLSKIEJ W GDAŃSKU,gdansk/technikum/zespol-szkol-lacznosci-im-obroncow-poczty-polskiej-technikum-lacznosci-nr-4-im-obroncow-poczty-polskiej-w-gdansku-9647,Gdańsk,POMORSKIE,49.98,79,254,True
2024,overall,rozszerzony,37,019c23db-332e-7bc8-a496-8e09aa0b10fe,TECHNIKUM EKONOMICZNE Z ODDZIAŁAMI DWUJĘZYCZNYMI IM. ROTMISTRZA WITOLDA PILECKIEGO,gdynia/technikum/technikum-ekonomiczne-z-oddzialami-dwujezycznymi-im-rotmistrza-witolda-pileckiego-23054,Gdynia,POMORSKIE,49.95,80,254,True
2024,overall,rozszerzony,38,019c23d9-4d0c-7036-bb0c-c4296cb32b21,ZESPÓŁ SZKÓŁ OGÓLNOKSZTAŁCĄCYCH NR 2 XXIV LICEUM OGÓLNOKSZTAŁCĄCE IM. STEFANA BANACHA W GDAŃSKU,gdansk/liceum-ogolnoksztalcace/zespol-szkol-ogolnoksztalcacych-nr-2-xxiv-liceum-ogolnoksztalcace-im-stefana-banacha-w-gdansku-11174,Gdańsk,POMORSKIE,49.84,82,254,True
2024,overall,rozszerzony,39,019c23d8-a940-7b2e-9a33-c0ed54ec5110,XV LICEUM OGÓLNOKSZTAŁCĄCE Z ODDZIAŁAMI DWUJĘZYCZNYMI IM. ZJEDNOCZONEJ EUROPY W GDAŃSKU,gdansk/liceum-ogolnoksztalcace/xv-liceum-ogolnoksztalcace-z-oddzialami-dwujezycznymi-im-zjednoczonej-europy-w-gdansku-6934,Gdańsk,POMORSKIE,46.47,94,254,True
2024,overall,rozszerzony,40,019c23e6-c8f3-737d-b553-ea99ebca200f,LICEUM OGÓLNOKSZTAŁCĄCE THINKING ZONE,gdansk/liceum-ogolnoksztalcace/liceum-ogolnoksztalcace-thinking-zone-265997,Gdańsk,POMORSKIE,46.43,95,254,False
2024,overall,rozszerzony,41,019c23e1-6bcb-79c5-bccb-bb23588b7c14,TECHNIKUM NR 1 IM. WIESŁAWA SZAJDY W GDAŃSKU,gdansk/technikum/technikum-nr-1-im-wieslawa-szajdy-w-gdansku-86228,Gdańsk,POMORSKIE,44.99,103,254,True
2024,overall,rozszerzony,42,019c23da-16ab-75a4-b435-e6a7fa58f81b,ZESPÓŁ SZKÓŁ SAMOCHODOWYCH IM. BRYGADY PANCERNEJ IM BOHATERÓW WESTERPLATTE TECHNIKUM NR 12 W GDAŃSKU,gdansk/technikum/zespol-szkol-samochodowych-im-brygady-pancernej-im-bohaterow-westerplatte-technikum-nr-12-w-gdansku-16180,Gdańsk,POMORSKIE,44.74,106,254,True
2024,overall,rozszerzony,43,019c23d9-f4c0-712c-8c74-3454772e219d,ZESPÓŁ SZKÓŁ OGÓLNOKSZTAŁCĄCYCH NR 8 IM. W GDAŃSKU - XIV LICEUM OGÓLNOKSZTAŁCĄCE IM. JANA PAWŁA II,gdansk/liceum-ogolnoksztalcace/zespol-szkol-ogolnoksztalcacych-nr-8-im-w-gdansku-xiv-liceum-ogolnoksztalcace-im-jana-pawla-ii-15300,Gdańsk,POMORSKIE,44.67,108,254,True
2024,overall,rozszerzony,44,019c23da-a515-7f40-a640-6232b2df783f,ZESPÓŁ SZKÓŁ ENERGETYCZNYCH W GDAŃSKU TECHNIKUM NR 13 W GDAŃSKU,gdansk/technikum/zespol-szkol-energetycznych-w-gdansku-technikum-nr-13-w-gdansku-19648,Gdańsk,POMORSKIE,44.62,109,254,True
2024,overall,rozszerzony,45,019c23db-7802-7114-abe3-d7935a896425,LICEUM SZTUK PLASTYCZNYCH IM. JACKA MYDLARSKIEGO W GDAŃSKU,gdansk/liceum-sztuk-plastycznych/liceum-sztuk-plastycznych-im-jacka-mydlarskiego-w-gdansku-24789,Gdańsk,POMORSKIE,44.14,113,254,False
2024,overall,rozszerzony,46,019c23d8-d32e-7359-a061-3acf1e0b89c3,ZESPÓŁ SZKÓŁ OGÓLNOKSZTAŁCĄCYCH NR 7 VII LICEUM OGÓLNOKSZTAŁCĄCE IM. JÓZEFA WYBICKIEGO W GDAŃSKU,gdansk/liceum-ogolnoksztalcace/zespol-szkol-ogolnoksztalcacych-nr-7-vii-liceum-ogolnoksztalcace-im-jozefa-wybickiego-w-gdansku-7982,Gdańsk,POMORSKIE,43.9,116,254,True
2024,overall,rozszerzony,47,019c23dc-f7d3-7885-a255-3ec8ba03b3c8,ZESPÓŁ SZKÓŁ KREOWANIA WIZERUNKU W GDAŃSKU - TECHNIKUM NR 9 IM.XYMENY ZANIEWSKIEJ,gdansk/technikum/zespol-szkol-kreowania-wizerunku-w-gdansku-technikum-nr-9-im-xymeny-zaniewskiej-40819,Gdańsk,POMORSKIE,43.38,119,254,True
2024,overall,rozszerzony,48,019c23d9-6657-788a-99a2-2acc34ac748e,TECHNIKUM HOTELARSKIE,gdynia/technikum/technikum-hotelarskie-11767,Gdynia,POMORSKIE,43.06,121,254,True
2024,overall,rozszerzony,49,019c23da-9298-720d-bdfa-d666dc985180,SZKOŁY EKONOMICZNO-HANDLOWE IM. MACIERZY SZKOLNEJ W GDAŃSKU TECHNIKUM NR 11 W GDAŃSKU,gdansk/technikum/szkoly-ekonomiczno-handlowe-im-macierzy-szkolnej-w-gdansku-technikum-nr-11-w-gdansku-19174,Gdańsk,POMORSKIE,42.37,126,254,True
2024,overall,rozszerzony,50,019c23da-a9b0-7934-a348-c175b55badc8,TECHNIKUM TEB EDUKACJA W GDYNI,gdynia/technikum/technikum-teb-edukacja-w-gdyni-19685,Gdynia,POMORSKIE,41.94,129,254,False
2024,overall,rozszerzony,51,019c23da-0e7a-7f98-aa91-1f19100006d0,ZESPÓŁ SZKÓŁ GASTRONOMICZNO-HOTELARSKICH - TECHNIKUM NR 3 W GDAŃSKU,gdansk/technikum/zespol-szkol-gastronomiczno-hotelarskich-technikum-nr-3-w-gdansku-15976,Gdańsk,POMORSKIE,40.81,135,254,True
2024,overall,rozszerzony,52,019c23da-7ce6-7b22-ad9a-b52d1abb2924,ZESPÓŁ SZKÓŁ OGÓLNOKSZTAŁCĄCYCH NR 6 - VI LICEUM OGÓLNOKSZTAŁCĄCE W GDAŃSKU,gdansk/liceum-ogolnoksztalcace/zespol-szkol-ogolnoksztalcacych-nr-6-vi-liceum-ogolnoksztalcace-w-gdansku-18579,Gdańsk,POMORSKIE,40.45,139,254,True
2024,overall,rozszerzony,53,019c23d9-6673-780a-b5ca-50d0fb5aeca4,TECHNIKUM TEB EDUKACJA W GDAŃSKU,gdansk/technikum/technikum-teb-edukacja-w-gdansku-11821,Gdańsk,POMORSKIE,40.37,141,254,False
2024,overall,rozszerzony,54,019c23da-8e7c-7223-bb54-530012f985d4,ZESPÓŁ SZKÓŁ ARCHITEKTONICZNO-PROJEKTOWYCH IM. WŁADYSŁAWA SZAFERA TECHNIKUM NR 7 W GDAŃSKU,gdansk/technikum/zespol-szkol-architektoniczno-projektowych-im-wladyslawa-szafera-technikum-nr-7-w-gdansku-19119,Gdańsk,POMORSKIE,40.13,143,254,True
2024,overall,rozszerzony,55,019c23db-9e95-7f98-90d3-da4885c55e9f,V LICEUM OGÓLNOKSZTAŁCĄCE IM.PŁK.STANISŁAWA DĄBKA,gdynia/liceum-ogolnoksztalcace/v-liceum-ogolnoksztalcace-im-plk-stanislawa-dabka-25697,Gdynia,POMORSKIE,39.67,146,254,True
2024,overall,rozszerzony,56,019c23da-3e88-75b2-8824-cc370fd5609c,ZESPÓŁ SZKÓŁ MORSKICH IM. BOHATERSKICH OBROŃCÓW WESTERPLATTE TECHNIKUM NR 16 W GDAŃSKU,gdansk/technikum/zespol-szkol-morskich-im-bohaterskich-obroncow-westerplatte-technikum-nr-16-w-gdansku-17095,Gdańsk,POMORSKIE,39.39,147,254,True
2024,overall,rozszerzony,57,019c23d9-553d-71bd-a3b7-b4e4d22df6b3,TECHNIKUM ELEKTRONICZNE NR 1 Z ODDZIAŁAMI DWUJĘZYCZNYMI,gdynia/technikum/technikum-elektroniczne-nr-1-z-oddzialami-dwujezycznymi-11365,Gdynia,POMORSKIE,38.56,151,254,True
2024,overall,rozszerzony,58,019c23dd-35ae-745a-99dd-454f5d47de25,PAŃSTWOWE SZKOŁY BUDOWNICTWA W GDAŃSKU - TECHNIKUM NR 5,gdansk/technikum/panstwowe-szkoly-budownictwa-w-gdansku-technikum-nr-5-42893,Gdańsk,POMORSKIE,37.31,160,254,True
2024,overall,rozszerzony,59,019c23da-6f34-7ee2-b2af-76fcc5140265,IV LICEUM OGÓLNOKSZTAŁCĄCE Z ODDZIAŁAMI MISTRZOSTWA SPORTOWEGO IM. MARYNARZY WOJSK OCHRONY POGRANICZA W GDAŃSKU,gdansk/liceum-ogolnoksztalcace/iv-liceum-ogolnoksztalcace-z-oddzialami-mistrzostwa-sportowego-im-marynarzy-wojsk-ochrony-pogranicza-w-gdansku-18356,Gdańsk,POMORSKIE,37.06,164,254,True
2024,overall,rozszerzony,60,019c23da-51b8-7b2c-9a48-37d06c0c170a,ZESPÓŁ SZKÓŁ OGÓLNOKSZTAŁCĄCYCH NR 10 IM. EUGENIUSZA KWIATKOWSKIEGO W GDAŃSKU - XXIII LICEUM OGÓLNOKSZTAŁCĄCE,gdansk/liceum-ogolnoksztalcace/zespol-szkol-ogolnoksztalcacych-nr-10-im-eugeniusza-kwiatkowskiego-w-gdansku-xxiii-liceum-ogolnoksztalcace-17601,Gdańsk,POMORSKIE,36.91,167,254,True
2024,overall,rozszerzony,61,019c23e6-3ad4-7823-adaf-22f6d55ac238,SZKOŁA MISTRZOSTWA SPORTOWEGO LICEUM OGÓLNOKSZTAŁCĄCE MARCINA GORTATA W GDAŃSKU,gdansk/liceum-ogolnoksztalcace/szkola-mistrzostwa-sportowego-liceum-ogolnoksztalcace-marcina-gortata-w-gdansku-133201,Gdańsk,POMORSKIE,36.89,168,254,False
2024,overall,rozszerzony,62,019c23a3-7a45-7f57-9ac8-166079b9a1d1,TECHNIKUM TRANSPORTOWE,gdynia/technikum/technikum-transportowe-4616,Gdynia,POMORSKIE,36.59,170,254,True
2024,overall,rozszerzony,63,019c23e5-d285-7cf9-a0a4-434421a0965c,I LICEUM OGÓLNOKSZTAŁCĄCE CN-B IM. POLSKICH SPADOCHRONIARZY W GDAŃSKU,gdansk/liceum-ogolnoksztalcace/i-liceum-ogolnoksztalcace-cn-b-im-polskich-spadochroniarzy-w-gdansku-130828,Gdańsk,POMORSKIE,35.39,179,254,False
2024,overall,rozszerzony,64,019c23da-e7eb-7490-856b-9f5b20dbc5da,"SZKOŁY OKRĘTOWE I TECHNICZNE ""CONRADINUM"" W GDAŃSKU TECHNIKUM NR 18",gdansk/technikum/szkoly-okretowe-i-techniczne-conradinum-w-gdansku-technikum-nr-18-21236,Gdańsk,POMORSKIE,34.86,181,254,True
2024,overall,rozszerzony,65,019c23da-e7d8-7efc-a7ea-07b74d229f4c,VII SPORTOWE LICEUM OGÓLNOKSZTAŁCĄCE IM. JÓZEFA WYBICKIEGO,gdynia/liceum-ogolnoksztalcace/vii-sportowe-liceum-ogolnoksztalcace-im-jozefa-wybickiego-21211,Gdynia,POMORSKIE,34.53,184,254,True
2024,overall,rozszerzony,66,019c23da-47e6-7a0f-9007-884a441f1b2a,CENTRUM KSZTAŁCENIA ZAWODOWEGO I USTAWICZNEGO NR 2 TECHNIKUM NR 14 W GDAŃSKU,gdansk/technikum/centrum-ksztalcenia-zawodowego-i-ustawicznego-nr-2-technikum-nr-14-w-gdansku-17295,Gdańsk,POMORSKIE,33.13,190,254,True
2024,overall,rozszerzony,67,019c23d8-d32f-7372-8928-c2e4ce1db270,XXI LICEUM OGÓLNOKSZTAŁCĄCE Z ODDZIAŁAMI SPORTOWYMI,gdansk/liceum-ogolnoksztalcace/xxi-liceum-ogolnoksztalcace-z-oddzialami-sportowymi-7983,Gdańsk,POMORSKIE,33.08,191,254,True
2024,overall,rozszerzony,68,019c23d9-6ea3-7aad-9003-dc3f978d82ed,TECHNIKUM BUDOWY OKRĘTÓW,gdynia/technikum/technikum-budowy-okretow-12039,Gdynia,POMORSKIE,32.97,193,254,True
2024,overall,rozszerzony,69,019c23dc-4b2e-7781-ac51-95a77447e7c9,GDYŃSKIE LICEUM AUTORSKIE SPOŁECZNEGO TOWARZYSTWA OŚWIATOWEGO,gdynia/liceum-ogolnoksztalcace/gdynskie-liceum-autorskie-spolecznego-towarzystwa-oswiatowego-30451,Gdynia,POMORSKIE,32.41,198,254,False
2024,overall,rozszerzony,70,019c23d9-72dc-72b3-b20b-c4daa45ae9a9,TECHNIKUM NR 3,gdynia/technikum/technikum-nr-3-12154,Gdynia,POMORSKIE,32.27,200,254,True
2024,overall,rozszerzony,71,019c23d9-6659-7852-9cd9-4401dc0988d6,TECHNIKUM GASTRONOMICZNE,gdynia/technikum/technikum-gastronomiczne-11768,Gdynia,POMORSKIE,31.66,204,254,True
2024,overall,rozszerzony,72,019c23c2-580b-7835-9e2f-61dcc854cebd,OGÓLNOKSZTAŁCĄCE LICEUM JEZUITÓW Z ODDZIAŁAMI DWUJĘZYCZNYMI IM ŚW. STANISŁAWA KOSTKI W GDYNI,gdynia/liceum-ogolnoksztalcace/ogolnoksztalcace-liceum-jezuitow-z-oddzialami-dwujezycznymi-im-sw-stanislawa-kostki-w-gdyni-6128,Gdynia,POMORSKIE,31.34,208,254,False
2024,overall,rozszerzony,73,019c23da-5a02-74bd-bf5a-a781ef7b076b,ZESPÓŁ SZKÓŁ SPORTOWYCH I MISTRZOSTWA SPORTOWEGO IM. JANUSZA KUSOCIŃSKIEGO XII SPORTOWE LICEUM OGÓLNOKSZTAŁCĄCE Z ODDZIAŁAMI MISTRZOSTWA SPORTOWEGO W GDAŃSKU,gdansk/liceum-ogolnoksztalcace/zespol-szkol-sportowych-i-mistrzostwa-sportowego-im-janusza-kusocinskiego-xii-sportowe-liceum-ogolnoksztalcace-z-oddzialami-mistrzostwa-sportowego-w-gdansku-17730,Gdańsk,POMORSKIE,30.7,213,254,True
2024,overall,rozszerzony,74,019c23e4-ee02-7254-8822-55d8e451bc9b,LICEUM OGÓLNOKSZTAŁCĄCE MUNDUROWE SPARTAKUS IM. MIECZYSŁAWA JAŁOWIECKIEGO W GDAŃSKU,gdansk/liceum-ogolnoksztalcace/liceum-ogolnoksztalcace-mundurowe-spartakus-im-mieczyslawa-jalowieckiego-w-gdansku-125432,Gdańsk,POMORSKIE,30.21,217,254,False
2024,overall,rozszerzony,75,019c23e7-df76-7671-9e65-370f998283c6,PAŃSTWOWE SZKOŁY BUDOWNICTWA W GDAŃSKU - BRANŻOWA SZKOŁA II STOPNIA NR 5 W GDAŃSKU,gdansk/branzowa-szkola-ii-stopnia/panstwowe-szkoly-budownictwa-w-gdansku-branzowa-szkola-ii-stopnia-nr-5-w-gdansku-277633,Gdańsk,POMORSKIE,26.8,231,254,True
2024,overall,rozszerzony,76,019c23d9-f4c1-72b6-a67a-da8c66f48adb,CENTRUM KSZTAŁCENIA ZAWODOWEGO I USTAWICZNEGO NR 2 TECHNIKUM NR 8 W GDAŃSKU,gdansk/technikum/centrum-ksztalcenia-zawodowego-i-ustawicznego-nr-2-technikum-nr-8-w-gdansku-15302,Gdańsk,POMORSKIE,23.85,240,254,True
2024,overall,rozszerzony,77,019c23e7-df76-7671-9e65-370f98ecfff6,ZESPÓŁ SZKÓŁ KREOWANIA WIZERUNKU W GDAŃSKU - BRANŻOWA SZKOŁA II STOPNIA NR 9 W GDAŃSKU,gdansk/branzowa-szkola-ii-stopnia/zespol-szkol-kreowania-wizerunku-w-gdansku-branzowa-szkola-ii-stopnia-nr-9-w-gdansku-277632,Gdańsk,POMORSKIE,0,254,254,True
2025,overall,rozszerzony,1,019c23dc-2668-7cf6-9536-25ec03b8c5be,III LICEUM OGÓLNOKSZTAŁCĄCE Z ODDZ. DWUJĘZYCZNYMI IM. MARYNARKI WOJENNEJ RP,gdynia/liceum-ogolnoksztalcace/iii-liceum-ogolnoksztalcace-z-oddz-dwujezycznymi-im-marynarki-wojennej-rp-29583,Gdynia,POMORSKIE,81.52,1,265,True
2025,overall,rozszerzony,2,019c23e1-616e-74f1-adca-e1dedd7eaa21,GDAŃSKIE SZKOŁY AUTONOMICZNE GDAŃSKIE LICEUM AUTONOMICZNE,gdansk/liceum-ogolnoksztalcace/gdanskie-szkoly-autonomiczne-gdanskie-liceum-autonomiczne-86002,Gdańsk,POMORSKIE,76.88,2,265,False
2025,overall,rozszerzony,3,019c23d8-cacf-7d04-b631-09a030bf5a2c,I LICEUM OGÓLNOKSZTAŁCĄCE IM. MIKOŁAJA KOPERNIKA W GDAŃSKU,gdansk/liceum-ogolnoksztalcace/i-liceum-ogolnoksztalcace-im-mikolaja-kopernika-w-gdansku-7753,Gdańsk,POMORSKIE,74.36,3,265,True
2025,overall,rozszerzony,4,019c23db-7802-7114-abe3-d7935a896425,LICEUM SZTUK PLASTYCZNYCH IM. JACKA MYDLARSKIEGO W GDAŃSKU,gdansk/liceum-sztuk-plastycznych/liceum-sztuk-plastycznych-im-jacka-mydlarskiego-w-gdansku-24789,Gdańsk,POMORSKIE,73.65,4,265,False
2025,overall,rozszerzony,5,019c23d8-ae37-7bc1-a2a8-f92b0f783fb8,V LICEUM OGÓLNOKSZTAŁCĄCE IM. STEFANA ŻEROMSKIEGO W GDAŃSKU,gdansk/liceum-ogolnoksztalcace/v-liceum-ogolnoksztalcace-im-stefana-zeromskiego-w-gdansku-7051,Gdańsk,POMORSKIE,72.5,6,265,True
2025,overall,rozszerzony,6,019c23db-8d8f-78b7-a0f6-bd29e0c30b18,OGÓLNOKSZTAŁCĄCA SZKOŁA BALETOWA IM. JANINY JARZYNÓWNY-SOBCZAK W GDAŃSKU,gdansk/ogolnoksztalcaca-szkola-baletowa/ogolnoksztalcaca-szkola-baletowa-im-janiny-jarzynowny-sobczak-w-gdansku-25362,Gdańsk,POMORSKIE,70.9,7,265,True
2025,overall,rozszerzony,7,019c23e2-91c5-71d4-aa66-fb9ad3116922,PAŃSTWOWE LICEUM SZTUK PLASTYCZNYCH IM. MAGDALENY ABAKANOWICZ W GDYNI,gdynia/liceum-sztuk-plastycznych/panstwowe-liceum-sztuk-plastycznych-im-magdaleny-abakanowicz-w-gdyni-103759,Gdynia,POMORSKIE,70.29,8,265,True
2025,overall,rozszerzony,8,019c23a3-5615-78cb-abcc-4d7104553fe0,VI LICEUM OGÓLNOKSZTAŁCĄCE IM. WACŁAWA SIERPIŃSKIEGO,gdynia/liceum-ogolnoksztalcace/vi-liceum-ogolnoksztalcace-im-waclawa-sierpinskiego-3640,Gdynia,POMORSKIE,70.09,9,265,True
2025,overall,rozszerzony,9,019c23e2-8cfe-7032-91a5-33ece1af3438,OGÓLNOKSZTAŁCĄCA SZKOŁA MUZYCZNA II ST. W GDAŃSKU,gdansk/ogolnoksztalcaca-szkola-muzyczna-ii-stopnia/ogolnoksztalcaca-szkola-muzyczna-ii-st-w-gdansku-103727,Gdańsk,POMORSKIE,69.86,11,265,True
2025,overall,rozszerzony,10,019c23e7-3b1a-78e7-bed0-bd667639e560,UNIWERSYTECKIE LICEUM OGÓLNOKSZTAŁCĄCE Z ODDZIAŁAMI DWUJĘZYCZNYMI IM. PAWŁA ADAMOWICZA W GDAŃSKU,gdansk/liceum-ogolnoksztalcace/uniwersyteckie-liceum-ogolnoksztalcace-z-oddzialami-dwujezycznymi-im-pawla-adamowicza-w-gdansku-271870,Gdańsk,POMORSKIE,69.64,12,265,True
2025,overall,rozszerzony,11,019c23d8-b1fe-75d8-acac-8d2487fd86af,III LICEUM OGÓLNOKSZTAŁCĄCE Z ODDZIAŁAMI DWUJĘZYCZNYMI IM. BOHATERÓW WESTERPLATTE W GDAŃSKU,gdansk/liceum-ogolnoksztalcace/iii-liceum-ogolnoksztalcace-z-oddzialami-dwujezycznymi-im-bohaterow-westerplatte-w-gdansku-7099,Gdańsk,POMORSKIE,69.58,13,265,True
2025,overall,rozszerzony,12,019c23de-d51b-7fb9-81ed-6289aea32827,PRYWATNE TECHNIKUM GASTRONOMICZNE E.T.MAZUREK,gdynia/technikum/prywatne-technikum-gastronomiczne-e-t-mazurek-60373,Gdynia,POMORSKIE,69.4,14,265,False
2025,overall,rozszerzony,13,019c23e8-1c1e-7d71-957c-54746c643b29,NIEPUBLICZNE LICEUM OGÓLNOKSZTAŁCĄCE MENTAL ARTS,gdansk/liceum-ogolnoksztalcace/niepubliczne-liceum-ogolnoksztalcace-mental-arts-478065,Gdańsk,POMORSKIE,68.83,15,265,False
2025,overall,rozszerzony,14,019c23dd-3a9d-76f5-830d-79a0b7845f8f,"LICEUM OGÓLNOKSZTAŁCĄCE ""COLLEGIUM GEDANENSE""",gdansk/liceum-ogolnoksztalcace/liceum-ogolnoksztalcace-collegium-gedanense-43409,Gdańsk,POMORSKIE,67.29,17,265,False
2025,overall,rozszerzony,15,019c23d9-6659-7852-9cd9-4401dc0988d6,TECHNIKUM GASTRONOMICZNE,gdynia/technikum/technikum-gastronomiczne-11768,Gdynia,POMORSKIE,66.76,19,265,True
2025,overall,rozszerzony,16,019c23e0-d61c-7be4-8f69-e856f05c746a,GDAŃSKIE LICEUM OGÓLNOKSZTAŁCĄCE,gdansk/liceum-ogolnoksztalcace/gdanskie-liceum-ogolnoksztalcace-81755,Gdańsk,POMORSKIE,65.64,22,265,False
2025,overall,rozszerzony,17,019c23a3-560a-7f50-9455-d335ba48b0d2,X LICEUM OGÓLNOKSZTAŁCĄCE IM. GDYŃSKICH NAUCZYCIELI BOHATERÓW II WOJNY ŚWIATOWEJ,gdynia/liceum-ogolnoksztalcace/x-liceum-ogolnoksztalcace-im-gdynskich-nauczycieli-bohaterow-ii-wojny-swiatowej-3620,Gdynia,POMORSKIE,65.61,23,265,True
2025,overall,rozszerzony,18,019c23db-377c-75c2-9891-7d0c9cfefc2b,II LICEUM OGÓLNOKSZTAŁCĄCE Z ODDZIAŁAMI DWUJĘZYCZNYMI IM. ADAMA MICKIEWICZA,gdynia/liceum-ogolnoksztalcace/ii-liceum-ogolnoksztalcace-z-oddzialami-dwujezycznymi-im-adama-mickiewicza-23199,Gdynia,POMORSKIE,63.27,26,265,True
2025,overall,rozszerzony,19,019c23e6-6337-7693-b82e-ab2a9ded4f58,XVII LICEUM OGÓLNOKSZTAŁCĄCE W GDYNI,gdynia/liceum-ogolnoksztalcace/xvii-liceum-ogolnoksztalcace-w-gdyni-196346,Gdynia,POMORSKIE,63.25,27,265,True
2025,overall,rozszerzony,20,019c23e0-37ae-7ea3-9fbf-da9c7dee8e1a,II LICEUM OGÓLNOKSZTAŁCĄCE IM. DR. WŁADYSŁAWA PNIEWSKIEGO W GDAŃSKU,gdansk/liceum-ogolnoksztalcace/ii-liceum-ogolnoksztalcace-im-dr-wladyslawa-pniewskiego-w-gdansku-74772,Gdańsk,POMORSKIE,63.03,30,265,True
2025,overall,rozszerzony,21,019c23d8-a94f-7be1-9898-adc018e38fc9,XX LICEUM OGÓLNOKSZTAŁCĄCE Z ODDZIAŁAMI DWUJĘZYCZNYMI IM. ZBIGNIEWA HERBERTA W GDAŃSKU,gdansk/liceum-ogolnoksztalcace/zespol-szkol-ogolnoksztalcacych-nr-12-xx-liceum-ogolnoksztalcace-z-oddzialami-dwujezycznymi-im-zbigniewa-herberta-w-gdansku-6968,Gdańsk,POMORSKIE,62.31,32,265,True
2025,overall,rozszerzony,22,019c23dc-6645-7e40-85b7-27f86cbc5d5e,KATOLICKIE LICEUM OGÓLNOKSZTAŁCĄCE IM. ŚW. JANA PAWŁA II W GDYNI,gdynia/liceum-ogolnoksztalcace/katolickie-liceum-ogolnoksztalcace-im-sw-jana-pawla-ii-w-gdyni-31207,Gdynia,POMORSKIE,62.3,33,265,True
2025,overall,rozszerzony,23,019c23d9-4d0f-7ef0-868b-44892ed81157,VIII LICEUM OGÓLNOKSZTAŁCĄCE IM. KOMISJI EDUKACJI NARODOWEJ W GDAŃSKU,gdansk/liceum-ogolnoksztalcace/viii-liceum-ogolnoksztalcace-im-komisji-edukacji-narodowej-w-gdansku-11182,Gdańsk,POMORSKIE,61.51,38,265,True
2025,overall,rozszerzony,24,019c23d8-a94a-7758-bba6-59d67f1da167,XIX LICEUM OGÓLNOKSZTAŁCĄCE IM. MARIANA MOKWY W GDAŃSKU,gdansk/liceum-ogolnoksztalcace/xix-liceum-ogolnoksztalcace-im-mariana-mokwy-w-gdansku-6954,Gdańsk,POMORSKIE,61.13,41,265,True
2025,overall,rozszerzony,25,019c23e7-18e9-7469-9435-95a635c036bc,CHRZEŚCIJAŃSKIE AUTORSKIE LICEUM OGÓLNOKSZTAŁCĄCE,gdansk/liceum-ogolnoksztalcace/chrzescijanskie-autorskie-liceum-ogolnoksztalcace-269593,Gdańsk,POMORSKIE,61.11,42,265,False
2025,overall,rozszerzony,26,019c23e1-6bcb-79c5-bccb-bb23588b7c14,TECHNIKUM NR 1 IM. WIESŁAWA SZAJDY W GDAŃSKU,gdansk/technikum/technikum-nr-1-im-wieslawa-szajdy-w-gdansku-86228,Gdańsk,POMORSKIE,59.32,46,265,True
2025,overall,rozszerzony,27,019c23d9-6657-788a-99a2-2acc34ac748e,TECHNIKUM HOTELARSKIE,gdynia/technikum/technikum-hotelarskie-11767,Gdynia,POMORSKIE,59.19,47,265,True
2025,overall,rozszerzony,28,019c23da-8981-7b25-9261-e24d871a0c6d,XIV LICEUM OGÓLNOKSZTAŁCĄCE Z ODDZIAŁAMI DWUJĘZYCZNYMI IM. MIKOŁAJA KOPERNIKA W GDYNI,gdynia/liceum-ogolnoksztalcace/xiv-liceum-ogolnoksztalcace-z-oddzialami-dwujezycznymi-im-mikolaja-kopernika-w-gdyni-18942,Gdynia,POMORSKIE,59.11,48,265,True
2025,overall,rozszerzony,29,019c23e0-d61d-7005-9ad8-e8d19919c411,OGÓLNOKSZTAŁCĄCE LICEUM PROGRAMÓW INDYWIDUALNYCH IM. ADMIRAŁA JÓZEFA UNRUGA,gdansk/liceum-ogolnoksztalcace/ogolnoksztalcace-liceum-programow-indywidualnych-im-admirala-jozefa-unruga-81759,Gdańsk,POMORSKIE,58.54,52,265,False
2025,overall,rozszerzony,30,019c23a3-6389-77b0-bbab-b575b9909f02,I AKADEMICKIE LICEUM OGÓLNOKSZTAŁCĄCE IM. ZASŁUŻONYCH LUDZI MORZA,gdynia/liceum-ogolnoksztalcace/i-akademickie-liceum-ogolnoksztalcace-im-zasluzonych-ludzi-morza-4045,Gdynia,POMORSKIE,58.39,54,265,True
2025,overall,rozszerzony,31,019c23e7-c25a-74e2-81eb-793490cc99f1,LICEUM OGÓLNOKSZTAŁCĄCE COLUMBUS,gdansk/liceum-ogolnoksztalcace/liceum-ogolnoksztalcace-columbus-276468,Gdańsk,POMORSKIE,58.25,56,265,False
2025,overall,rozszerzony,32,019c23d9-667e-7225-a2c3-60be050a9ccd,TECHNIKUM MECHANICZNE NR 1,gdynia/technikum/technikum-mechaniczne-nr-1-11852,Gdynia,POMORSKIE,56.85,58,265,True
2025,overall,rozszerzony,33,019c23d9-4d0c-7036-bb0c-c4296cb32b21,ZESPÓŁ SZKÓŁ OGÓLNOKSZTAŁCĄCYCH NR 2 XXIV LICEUM OGÓLNOKSZTAŁCĄCE IM. STEFANA BANACHA W GDAŃSKU,gdansk/liceum-ogolnoksztalcace/zespol-szkol-ogolnoksztalcacych-nr-2-xxiv-liceum-ogolnoksztalcace-im-stefana-banacha-w-gdansku-11174,Gdańsk,POMORSKIE,56.74,59,265,True
2025,overall,rozszerzony,34,019c23d9-553d-71bd-a3b7-b4e4d2e59bf0,TECHNIKUM CHŁODNICZE IM. PROF. M.T. HUBERA,gdynia/technikum/technikum-chlodnicze-im-prof-m-t-hubera-11366,Gdynia,POMORSKIE,56.64,60,265,True
2025,overall,rozszerzony,35,019c23da-51b8-7b2c-9a48-37d06c0c170a,ZESPÓŁ SZKÓŁ OGÓLNOKSZTAŁCĄCYCH NR 10 IM. EUGENIUSZA KWIATKOWSKIEGO W GDAŃSKU - XXIII LICEUM OGÓLNOKSZTAŁCĄCE,gdansk/liceum-ogolnoksztalcace/zespol-szkol-ogolnoksztalcacych-nr-10-im-eugeniusza-kwiatkowskiego-w-gdansku-xxiii-liceum-ogolnoksztalcace-17601,Gdańsk,POMORSKIE,55.14,68,265,True
2025,overall,rozszerzony,36,019c23dd-3a9d-76f5-830d-79a0b5935977,"AKADEMICKIE LICEUM OGÓLNOKSZTAŁCĄCE ""LINGWISTA"" IM. HYMNU NARODOWEGO",gdansk/liceum-ogolnoksztalcace/akademickie-liceum-ogolnoksztalcace-lingwista-im-hymnu-narodowego-43407,Gdańsk,POMORSKIE,54.62,71,265,False
2025,overall,rozszerzony,37,019c23e6-684c-7a8a-9df3-393682b13dce,X LICEUM OGÓLNOKSZTAŁCĄCE DWUJĘZYCZNE IM. LECHA BĄDKOWSKIEGO W GDAŃSKU,gdansk/liceum-ogolnoksztalcace/x-liceum-ogolnoksztalcace-dwujezyczne-im-lecha-badkowskiego-w-gdansku-262211,Gdańsk,POMORSKIE,54.53,73,265,True
2025,overall,rozszerzony,38,019c23a3-5e8a-7225-b133-a53baf2bca13,IX LICEUM OGÓLNOKSZTAŁCĄCE IM. MARSZAŁKA JÓZEFA PIŁSUDSKIEGO,gdynia/liceum-ogolnoksztalcace/ix-liceum-ogolnoksztalcace-im-marszalka-jozefa-pilsudskiego-3957,Gdynia,POMORSKIE,54.03,75,265,True
2025,overall,rozszerzony,39,019c23d9-4d0f-7ef0-868b-44892d94e2f2,ZESPÓŁ SZKÓŁ OGÓLNOKSZTAŁCĄCYCH NR 1 IX LICEUM OGÓLNOKSZTAŁCĄCE IM. KRZYSZTOFA KOLBERGERA W GDAŃSKU,gdansk/liceum-ogolnoksztalcace/zespol-szkol-ogolnoksztalcacych-nr-1-ix-liceum-ogolnoksztalcace-im-krzysztofa-kolbergera-w-gdansku-11181,Gdańsk,POMORSKIE,53.8,76,265,True
2025,overall,rozszerzony,40,019c23e5-5028-773c-99fc-afb25060cad1,CENTRUM KSZTAŁCENIA ZAWODOWEGO I USTAWICZNEGO NR 1 - TECHNIKUM NR 2 IM. MARSZAŁKA JÓZEFA PIŁSUDSKIEGO W GDAŃSKU,gdansk/technikum/centrum-ksztalcenia-zawodowego-i-ustawicznego-nr-1-technikum-nr-2-im-marszalka-jozefa-pilsudskiego-w-gdansku-127924,Gdańsk,POMORSKIE,52.33,82,265,True
2025,overall,rozszerzony,41,019c23d9-12ab-7942-b898-bb330282a0a8,ZESPÓŁ SZKÓŁ ŁĄCZNOŚCI IM. OBROŃCÓW POCZTY POLSKIEJ - TECHNIKUM ŁĄCZNOŚCI NR 4 IM. OBROŃCÓW POCZTY POLSKIEJ W GDAŃSKU,gdansk/technikum/zespol-szkol-lacznosci-im-obroncow-poczty-polskiej-technikum-lacznosci-nr-4-im-obroncow-poczty-polskiej-w-gdansku-9647,Gdańsk,POMORSKIE,52.29,83,265,True
2025,overall,rozszerzony,42,019c23e4-6770-765b-aa7a-25649e616a45,LICEUM AKADEMII DOBREJ EDUKACJI IM. MACIEJA PŁAŻYŃSKIEGO,gdansk/liceum-ogolnoksztalcace/liceum-akademii-dobrej-edukacji-im-macieja-plazynskiego-122271,Gdańsk,POMORSKIE,51.33,89,265,False
2025,overall,rozszerzony,43,019c23db-332e-7bc8-a496-8e09aa0b10fe,TECHNIKUM EKONOMICZNE Z ODDZIAŁAMI DWUJĘZYCZNYMI IM. ROTMISTRZA WITOLDA PILECKIEGO,gdynia/technikum/technikum-ekonomiczne-z-oddzialami-dwujezycznymi-im-rotmistrza-witolda-pileckiego-23054,Gdynia,POMORSKIE,51.31,90,265,True
2025,overall,rozszerzony,44,019c23d8-d32e-7359-a061-3acf1e0b89c3,ZESPÓŁ SZKÓŁ OGÓLNOKSZTAŁCĄCYCH NR 7 VII LICEUM OGÓLNOKSZTAŁCĄCE IM. JÓZEFA WYBICKIEGO W GDAŃSKU,gdansk/liceum-ogolnoksztalcace/zespol-szkol-ogolnoksztalcacych-nr-7-vii-liceum-ogolnoksztalcace-im-jozefa-wybickiego-w-gdansku-7982,Gdańsk,POMORSKIE,49.58,99,265,True
2025,overall,rozszerzony,45,019c23da-850f-77c0-ad2f-e373df7e8e87,TECHNIKUM BUDOWLANE,gdynia/technikum/technikum-budowlane-18862,Gdynia,POMORSKIE,49,102,265,True
2025,overall,rozszerzony,46,019c23da-0e7a-7f98-aa91-1f19100006d0,ZESPÓŁ SZKÓŁ GASTRONOMICZNO-HOTELARSKICH - TECHNIKUM NR 3 W GDAŃSKU,gdansk/technikum/zespol-szkol-gastronomiczno-hotelarskich-technikum-nr-3-w-gdansku-15976,Gdańsk,POMORSKIE,48.81,105,265,True
2025,overall,rozszerzony,47,019c23d8-a940-7b2e-9a33-c0ed54ec5110,XV LICEUM OGÓLNOKSZTAŁCĄCE Z ODDZIAŁAMI DWUJĘZYCZNYMI IM. ZJEDNOCZONEJ EUROPY W GDAŃSKU,gdansk/liceum-ogolnoksztalcace/xv-liceum-ogolnoksztalcace-z-oddzialami-dwujezycznymi-im-zjednoczonej-europy-w-gdansku-6934,Gdańsk,POMORSKIE,48.16,107,265,True
2025,overall,rozszerzony,48,019c23e6-c8f3-737d-b553-ea99ebca200f,LICEUM OGÓLNOKSZTAŁCĄCE THINKING ZONE,gdansk/liceum-ogolnoksztalcace/liceum-ogolnoksztalcace-thinking-zone-265997,Gdańsk,POMORSKIE,47.05,115,265,False
2025,overall,rozszerzony,49,019c23e6-6dcf-7b7f-85cb-c3cc5403ee1d,PIERWSZE SPOŁECZNE LICEUM OGÓLNOKSZTAŁCĄCE SZKOŁA MISTRZOSTWA SPORTOWEGO W GDYNI,gdynia/liceum-ogolnoksztalcace/pierwsze-spoleczne-liceum-ogolnoksztalcace-szkola-mistrzostwa-sportowego-w-gdyni-262373,Gdynia,POMORSKIE,46.61,118,265,False
2025,overall,rozszerzony,50,019c23da-5a02-74bd-bf5a-a781ef7b076b,ZESPÓŁ SZKÓŁ SPORTOWYCH I MISTRZOSTWA SPORTOWEGO IM. JANUSZA KUSOCIŃSKIEGO XII SPORTOWE LICEUM OGÓLNOKSZTAŁCĄCE Z ODDZIAŁAMI MISTRZOSTWA SPORTOWEGO W GDAŃSKU,gdansk/liceum-ogolnoksztalcace/zespol-szkol-sportowych-i-mistrzostwa-sportowego-im-janusza-kusocinskiego-xii-sportowe-liceum-ogolnoksztalcace-z-oddzialami-mistrzostwa-sportowego-w-gdansku-17730,Gdańsk,POMORSKIE,44.99,131,265,True
2025,overall,rozszerzony,51,019c23dc-4b2e-7781-ac51-95a77447e7c9,GDYŃSKIE LICEUM AUTORSKIE SPOŁECZNEGO TOWARZYSTWA OŚWIATOWEGO,gdynia/liceum-ogolnoksztalcace/gdynskie-liceum-autorskie-spolecznego-towarzystwa-oswiatowego-30451,Gdynia,POMORSKIE,43.28,141,265,False
2025,overall,rozszerzony,52,019c23d9-f4c0-712c-8c74-3454772e219d,ZESPÓŁ SZKÓŁ OGÓLNOKSZTAŁCĄCYCH NR 8 IM. W GDAŃSKU - XIV LICEUM OGÓLNOKSZTAŁCĄCE IM. JANA PAWŁA II,gdansk/liceum-ogolnoksztalcace/zespol-szkol-ogolnoksztalcacych-nr-8-im-w-gdansku-xiv-liceum-ogolnoksztalcace-im-jana-pawla-ii-15300,Gdańsk,POMORSKIE,43.25,142,265,True
2025,overall,rozszerzony,53,019c23da-16ab-75a4-b435-e6a7fa58f81b,ZESPÓŁ SZKÓŁ SAMOCHODOWYCH IM. BRYGADY PANCERNEJ IM BOHATERÓW WESTERPLATTE TECHNIKUM NR 12 W GDAŃSKU,gdansk/technikum/zespol-szkol-samochodowych-im-brygady-pancernej-im-bohaterow-westerplatte-technikum-nr-12-w-gdansku-16180,Gdańsk,POMORSKIE,42.92,143,265,True
2025,overall,rozszerzony,54,019c23da-3e88-75b2-8824-cc370fd5609c,ZESPÓŁ SZKÓŁ MORSKICH IM. BOHATERSKICH OBROŃCÓW WESTERPLATTE TECHNIKUM NR 16 W GDAŃSKU,gdansk/technikum/zespol-szkol-morskich-im-bohaterskich-obroncow-westerplatte-technikum-nr-16-w-gdansku-17095,Gdańsk,POMORSKIE,42.88,144,265,True
2025,overall,rozszerzony,55,019c23da-7ce6-7b22-ad9a-b52d1abb2924,ZESPÓŁ SZKÓŁ OGÓLNOKSZTAŁCĄCYCH NR 6 - VI LICEUM OGÓLNOKSZTAŁCĄCE W GDAŃSKU,gdansk/liceum-ogolnoksztalcace/zespol-szkol-ogolnoksztalcacych-nr-6-vi-liceum-ogolnoksztalcace-w-gdansku-18579,Gdańsk,POMORSKIE,42.75,147,265,True
2025,overall,rozszerzony,56,019c23e6-3ad4-7823-adaf-22f6d55ac238,SZKOŁA MISTRZOSTWA SPORTOWEGO LICEUM OGÓLNOKSZTAŁCĄCE MARCINA GORTATA W GDAŃSKU,gdansk/liceum-ogolnoksztalcace/szkola-mistrzostwa-sportowego-liceum-ogolnoksztalcace-marcina-gortata-w-gdansku-133201,Gdańsk,POMORSKIE,42.11,151,265,False
2025,overall,rozszerzony,57,019c23db-9e95-7f98-90d3-da4885c55e9f,V LICEUM OGÓLNOKSZTAŁCĄCE IM.PŁK.STANISŁAWA DĄBKA,gdynia/liceum-ogolnoksztalcace/v-liceum-ogolnoksztalcace-im-plk-stanislawa-dabka-25697,Gdynia,POMORSKIE,41.67,153,265,True
2025,overall,rozszerzony,58,019c23da-8e7c-7223-bb54-530012f985d4,ZESPÓŁ SZKÓŁ ARCHITEKTONICZNO-PROJEKTOWYCH IM. WŁADYSŁAWA SZAFERA TECHNIKUM NR 7 W GDAŃSKU,gdansk/technikum/zespol-szkol-architektoniczno-projektowych-im-wladyslawa-szafera-technikum-nr-7-w-gdansku-19119,Gdańsk,POMORSKIE,40.32,162,265,True
2025,overall,rozszerzony,59,019c23da-e7eb-7490-856b-9f5b20dbc5da,"SZKOŁY OKRĘTOWE I TECHNICZNE ""CONRADINUM"" W GDAŃSKU TECHNIKUM NR 18",gdansk/technikum/szkoly-okretowe-i-techniczne-conradinum-w-gdansku-technikum-nr-18-21236,Gdańsk,POMORSKIE,40.13,163,265,True
2025,overall,rozszerzony,60,019c23d9-553d-71bd-a3b7-b4e4d22df6b3,TECHNIKUM ELEKTRONICZNE NR 1 Z ODDZIAŁAMI DWUJĘZYCZNYMI,gdynia/technikum/technikum-elektroniczne-nr-1-z-oddzialami-dwujezycznymi-11365,Gdynia,POMORSKIE,39.85,164,265,True
2025,overall,rozszerzony,61,019c23da-e7d8-7efc-a7ea-07b74d229f4c,VII SPORTOWE LICEUM OGÓLNOKSZTAŁCĄCE IM. JÓZEFA WYBICKIEGO,gdynia/liceum-ogolnoksztalcace/vii-sportowe-liceum-ogolnoksztalcace-im-jozefa-wybickiego-21211,Gdynia,POMORSKIE,39.38,168,265,True
2025,overall,rozszerzony,62,019c23da-a515-7f40-a640-6232b2df783f,ZESPÓŁ SZKÓŁ ENERGETYCZNYCH W GDAŃSKU TECHNIKUM NR 13 W GDAŃSKU,gdansk/technikum/zespol-szkol-energetycznych-w-gdansku-technikum-nr-13-w-gdansku-19648,Gdańsk,POMORSKIE,39.08,173,265,True
2025,overall,rozszerzony,63,019c23dd-35ae-745a-99dd-454f5d47de25,PAŃSTWOWE SZKOŁY BUDOWNICTWA W GDAŃSKU - TECHNIKUM NR 5,gdansk/technikum/panstwowe-szkoly-budownictwa-w-gdansku-technikum-nr-5-42893,Gdańsk,POMORSKIE,38.06,178,265,True
2025,overall,rozszerzony,64,019c23d9-6673-780a-b5ca-50d0fb5aeca4,TECHNIKUM TEB EDUKACJA W GDAŃSKU,gdansk/technikum/technikum-teb-edukacja-w-gdansku-11821,Gdańsk,POMORSKIE,37.69,181,265,False
2025,overall,rozszerzony,65,019c23c2-580b-7835-9e2f-61dcc854cebd,OGÓLNOKSZTAŁCĄCE LICEUM JEZUITÓW Z ODDZIAŁAMI DWUJĘZYCZNYMI IM ŚW. STANISŁAWA KOSTKI W GDYNI,gdynia/liceum-ogolnoksztalcace/ogolnoksztalcace-liceum-jezuitow-z-oddzialami-dwujezycznymi-im-sw-stanislawa-kostki-w-gdyni-6128,Gdynia,POMORSKIE,37.56,182,265,False
2025,overall,rozszerzony,66,019c23d9-f4c1-72b6-a67a-da8c66f48adb,CENTRUM KSZTAŁCENIA ZAWODOWEGO I USTAWICZNEGO NR 2 TECHNIKUM NR 8 W GDAŃSKU,gdansk/technikum/centrum-ksztalcenia-zawodowego-i-ustawicznego-nr-2-technikum-nr-8-w-gdansku-15302,Gdańsk,POMORSKIE,37.09,185,265,True
2025,overall,rozszerzony,67,019c23da-a9b0-7934-a348-c175b55badc8,TECHNIKUM TEB EDUKACJA W GDYNI,gdynia/technikum/technikum-teb-edukacja-w-gdyni-19685,Gdynia,POMORSKIE,36.83,186,265,False
2025,overall,rozszerzony,68,019c23e5-d285-7cf9-a0a4-434421a0965c,I LICEUM OGÓLNOKSZTAŁCĄCE CN-B IM. POLSKICH SPADOCHRONIARZY W GDAŃSKU,gdansk/liceum-ogolnoksztalcace/i-liceum-ogolnoksztalcace-cn-b-im-polskich-spadochroniarzy-w-gdansku-130828,Gdańsk,POMORSKIE,35.94,194,265,False
2025,overall,rozszerzony,69,019c23dc-f7d3-7885-a255-3ec8ba03b3c8,ZESPÓŁ SZKÓŁ KREOWANIA WIZERUNKU W GDAŃSKU - TECHNIKUM NR 9 IM.XYMENY ZANIEWSKIEJ,gdansk/technikum/zespol-szkol-kreowania-wizerunku-w-gdansku-technikum-nr-9-im-xymeny-zaniewskiej-40819,Gdańsk,POMORSKIE,35.66,195,265,True
2025,overall,rozszerzony,70,019c23da-9298-720d-bdfa-d666dc985180,SZKOŁY EKONOMICZNO-HANDLOWE IM. MACIERZY SZKOLNEJ W GDAŃSKU TECHNIKUM NR 11 W GDAŃSKU,gdansk/technikum/szkoly-ekonomiczno-handlowe-im-macierzy-szkolnej-w-gdansku-technikum-nr-11-w-gdansku-19174,Gdańsk,POMORSKIE,35.38,202,265,True
2025,overall,rozszerzony,71,019c23d8-d32f-7372-8928-c2e4ce1db270,XXI LICEUM OGÓLNOKSZTAŁCĄCE Z ODDZIAŁAMI SPORTOWYMI,gdansk/liceum-ogolnoksztalcace/xxi-liceum-ogolnoksztalcace-z-oddzialami-sportowymi-7983,Gdańsk,POMORSKIE,35.15,204,265,True
2025,overall,rozszerzony,72,019c23da-6f34-7ee2-b2af-76fcc5140265,IV LICEUM OGÓLNOKSZTAŁCĄCE Z ODDZIAŁAMI MISTRZOSTWA SPORTOWEGO IM. MARYNARZY WOJSK OCHRONY POGRANICZA W GDAŃSKU,gdansk/liceum-ogolnoksztalcace/iv-liceum-ogolnoksztalcace-z-oddzialami-mistrzostwa-sportowego-im-marynarzy-wojsk-ochrony-pogranicza-w-gdansku-18356,Gdańsk,POMORSKIE,35.07,207,265,True
2025,overall,rozszerzony,73,019c23a3-7a45-7f57-9ac8-166079b9a1d1,TECHNIKUM TRANSPORTOWE,gdynia/technikum/technikum-transportowe-4616,Gdynia,POMORSKIE,34.41,210,265,True
2025,overall,rozszerzony,74,019c23d9-6ea3-7aad-9003-dc3f978d82ed,TECHNIKUM BUDOWY OKRĘTÓW,gdynia/technikum/technikum-budowy-okretow-12039,Gdynia,POMORSKIE,31.48,222,265,True
2025,overall,rozszerzony,75,019c23e7-df76-7671-9e65-370f98ecfff6,ZESPÓŁ SZKÓŁ KREOWANIA WIZERUNKU W GDAŃSKU - BRANŻOWA SZKOŁA II STOPNIA NR 9 W GDAŃSKU,gdansk/branzowa-szkola-ii-stopnia/zespol-szkol-kreowania-wizerunku-w-gdansku-branzowa-szkola-ii-stopnia-nr-9-w-gdansku-277632,Gdańsk,POMORSKIE,28.86,233,265,True
2025,overall,rozszerzony,76,019c23da-47e6-7a0f-9007-884a441f1b2a,CENTRUM KSZTAŁCENIA ZAWODOWEGO I USTAWICZNEGO NR 2 TECHNIKUM NR 14 W GDAŃSKU,gdansk/technikum/centrum-ksztalcenia-zawodowego-i-ustawicznego-nr-2-technikum-nr-14-w-gdansku-17295,Gdańsk,POMORSKIE,27.55,238,265,True
2025,overall,rozszerzony,77,019c23e4-ee02-7254-8822-55d8e451bc9b,LICEUM OGÓLNOKSZTAŁCĄCE MUNDUROWE SPARTAKUS IM. MIECZYSŁAWA JAŁOWIECKIEGO W GDAŃSKU,gdansk/liceum-ogolnoksztalcace/liceum-ogolnoksztalcace-mundurowe-spartakus-im-mieczyslawa-jalowieckiego-w-gdansku-125432,Gdańsk,POMORSKIE,27.39,240,265,False
2026,overall,rozszerzony,1,019c23d8-ae37-7bc1-a2a8-f92b0f783fb8,V LICEUM OGÓLNOKSZTAŁCĄCE IM. STEFANA ŻEROMSKIEGO W GDAŃSKU,gdansk/liceum-ogolnoksztalcace/v-liceum-ogolnoksztalcace-im-stefana-zeromskiego-w-gdansku-7051,Gdańsk,POMORSKIE,78.03,2,270,True
2026,overall,rozszerzony,2,019c23dc-2668-7cf6-9536-25ec03b8c5be,III LICEUM OGÓLNOKSZTAŁCĄCE Z ODDZ. DWUJĘZYCZNYMI IM. MARYNARKI WOJENNEJ RP,gdynia/liceum-ogolnoksztalcace/iii-liceum-ogolnoksztalcace-z-oddz-dwujezycznymi-im-marynarki-wojennej-rp-29583,Gdynia,POMORSKIE,77.83,3,270,True
2026,overall,rozszerzony,3,019c23e1-616e-74f1-adca-e1dedd7eaa21,GDAŃSKIE SZKOŁY AUTONOMICZNE GDAŃSKIE LICEUM AUTONOMICZNE,gdansk/liceum-ogolnoksztalcace/gdanskie-szkoly-autonomiczne-gdanskie-liceum-autonomiczne-86002,Gdańsk,POMORSKIE,76.62,5,270,False
2026,overall,rozszerzony,4,019c23d8-cacf-7d04-b631-09a030bf5a2c,I LICEUM OGÓLNOKSZTAŁCĄCE IM. MIKOŁAJA KOPERNIKA W GDAŃSKU,gdansk/liceum-ogolnoksztalcace/i-liceum-ogolnoksztalcace-im-mikolaja-kopernika-w-gdansku-7753,Gdańsk,POMORSKIE,75.56,6,270,True
2026,overall,rozszerzony,5,019c23a3-5615-78cb-abcc-4d7104553fe0,VI LICEUM OGÓLNOKSZTAŁCĄCE IM. WACŁAWA SIERPIŃSKIEGO,gdynia/liceum-ogolnoksztalcace/vi-liceum-ogolnoksztalcace-im-waclawa-sierpinskiego-3640,Gdynia,POMORSKIE,73.02,8,270,True
2026,overall,rozszerzony,6,019c23dc-6645-7e40-85b7-27f86cbc5d5e,KATOLICKIE LICEUM OGÓLNOKSZTAŁCĄCE IM. ŚW. JANA PAWŁA II W GDYNI,gdynia/liceum-ogolnoksztalcace/katolickie-liceum-ogolnoksztalcace-im-sw-jana-pawla-ii-w-gdyni-31207,Gdynia,POMORSKIE,72.75,9,270,True
2026,overall,rozszerzony,7,019c23d9-4d0f-7ef0-868b-44892ed81157,VIII LICEUM OGÓLNOKSZTAŁCĄCE IM. KOMISJI EDUKACJI NARODOWEJ W GDAŃSKU,gdansk/liceum-ogolnoksztalcace/viii-liceum-ogolnoksztalcace-im-komisji-edukacji-narodowej-w-gdansku-11182,Gdańsk,POMORSKIE,70.62,10,270,True
2026,overall,rozszerzony,8,019c23e0-37ae-7ea3-9fbf-da9c7dee8e1a,II LICEUM OGÓLNOKSZTAŁCĄCE IM. DR. WŁADYSŁAWA PNIEWSKIEGO W GDAŃSKU,gdansk/liceum-ogolnoksztalcace/ii-liceum-ogolnoksztalcace-im-dr-wladyslawa-pniewskiego-w-gdansku-74772,Gdańsk,POMORSKIE,70.09,11,270,True
2026,overall,rozszerzony,9,019c23d8-b1fe-75d8-acac-8d2487fd86af,III LICEUM OGÓLNOKSZTAŁCĄCE Z ODDZIAŁAMI DWUJĘZYCZNYMI IM. BOHATERÓW WESTERPLATTE W GDAŃSKU,gdansk/liceum-ogolnoksztalcace/iii-liceum-ogolnoksztalcace-z-oddzialami-dwujezycznymi-im-bohaterow-westerplatte-w-gdansku-7099,Gdańsk,POMORSKIE,69.59,12,270,True
2026,overall,rozszerzony,10,019c23e8-1c1e-7d71-957c-54746c643b29,NIEPUBLICZNE LICEUM OGÓLNOKSZTAŁCĄCE MENTAL ARTS,gdansk/liceum-ogolnoksztalcace/niepubliczne-liceum-ogolnoksztalcace-mental-arts-478065,Gdańsk,POMORSKIE,67.94,15,270,False
2026,overall,rozszerzony,11,019c23db-377c-75c2-9891-7d0c9cfefc2b,II LICEUM OGÓLNOKSZTAŁCĄCE Z ODDZIAŁAMI DWUJĘZYCZNYMI IM. ADAMA MICKIEWICZA,gdynia/liceum-ogolnoksztalcace/ii-liceum-ogolnoksztalcace-z-oddzialami-dwujezycznymi-im-adama-mickiewicza-23199,Gdynia,POMORSKIE,66.71,16,270,True
2026,overall,rozszerzony,12,019c23d8-a94a-7758-bba6-59d67f1da167,XIX LICEUM OGÓLNOKSZTAŁCĄCE IM. MARIANA MOKWY W GDAŃSKU,gdansk/liceum-ogolnoksztalcace/xix-liceum-ogolnoksztalcace-im-mariana-mokwy-w-gdansku-6954,Gdańsk,POMORSKIE,66.47,17,270,True
2026,overall,rozszerzony,13,019c23e2-91c5-71d4-aa66-fb9ad3116922,PAŃSTWOWE LICEUM SZTUK PLASTYCZNYCH IM. MAGDALENY ABAKANOWICZ W GDYNI,gdynia/liceum-sztuk-plastycznych/panstwowe-liceum-sztuk-plastycznych-im-magdaleny-abakanowicz-w-gdyni-103759,Gdynia,POMORSKIE,65.81,20,270,True
2026,overall,rozszerzony,14,019c23a3-560a-7f50-9455-d335ba48b0d2,X LICEUM OGÓLNOKSZTAŁCĄCE IM. GDYŃSKICH NAUCZYCIELI BOHATERÓW II WOJNY ŚWIATOWEJ,gdynia/liceum-ogolnoksztalcace/x-liceum-ogolnoksztalcace-im-gdynskich-nauczycieli-bohaterow-ii-wojny-swiatowej-3620,Gdynia,POMORSKIE,65.3,21,270,True
2026,overall,rozszerzony,15,019c23e7-c25a-74e2-81eb-793490cc99f1,LICEUM OGÓLNOKSZTAŁCĄCE COLUMBUS,gdansk/liceum-ogolnoksztalcace/liceum-ogolnoksztalcace-columbus-276468,Gdańsk,POMORSKIE,65,24,270,False
2026,overall,rozszerzony,16,019c23d8-a94f-7be1-9898-adc018e38fc9,XX LICEUM OGÓLNOKSZTAŁCĄCE Z ODDZIAŁAMI DWUJĘZYCZNYMI IM. ZBIGNIEWA HERBERTA W GDAŃSKU,gdansk/liceum-ogolnoksztalcace/zespol-szkol-ogolnoksztalcacych-nr-12-xx-liceum-ogolnoksztalcace-z-oddzialami-dwujezycznymi-im-zbigniewa-herberta-w-gdansku-6968,Gdańsk,POMORSKIE,64.42,26,270,True
2026,overall,rozszerzony,17,019c23a3-6389-77b0-bbab-b575b9909f02,I AKADEMICKIE LICEUM OGÓLNOKSZTAŁCĄCE IM. ZASŁUŻONYCH LUDZI MORZA,gdynia/liceum-ogolnoksztalcace/i-akademickie-liceum-ogolnoksztalcace-im-zasluzonych-ludzi-morza-4045,Gdynia,POMORSKIE,63.21,29,270,True
2026,overall,rozszerzony,18,019c23d9-4d0c-7036-bb0c-c4296cb32b21,ZESPÓŁ SZKÓŁ OGÓLNOKSZTAŁCĄCYCH NR 2 XXIV LICEUM OGÓLNOKSZTAŁCĄCE IM. STEFANA BANACHA W GDAŃSKU,gdansk/liceum-ogolnoksztalcace/zespol-szkol-ogolnoksztalcacych-nr-2-xxiv-liceum-ogolnoksztalcace-im-stefana-banacha-w-gdansku-11174,Gdańsk,POMORSKIE,62.55,32,270,True
2026,overall,rozszerzony,19,019c23da-8981-7b25-9261-e24d871a0c6d,XIV LICEUM OGÓLNOKSZTAŁCĄCE Z ODDZIAŁAMI DWUJĘZYCZNYMI IM. MIKOŁAJA KOPERNIKA W GDYNI,gdynia/liceum-ogolnoksztalcace/xiv-liceum-ogolnoksztalcace-z-oddzialami-dwujezycznymi-im-mikolaja-kopernika-w-gdyni-18942,Gdynia,POMORSKIE,60.41,41,270,True
2026,overall,rozszerzony,20,019c23e2-8cfe-7032-91a5-33ece1af3438,OGÓLNOKSZTAŁCĄCA SZKOŁA MUZYCZNA II ST. W GDAŃSKU,gdansk/ogolnoksztalcaca-szkola-muzyczna-ii-stopnia/ogolnoksztalcaca-szkola-muzyczna-ii-st-w-gdansku-103727,Gdańsk,POMORSKIE,59.54,45,270,True
2026,overall,rozszerzony,21,019c23da-16ab-75a4-b435-e6a7fa58f81b,ZESPÓŁ SZKÓŁ SAMOCHODOWYCH IM. BRYGADY PANCERNEJ IM BOHATERÓW WESTERPLATTE TECHNIKUM NR 12 W GDAŃSKU,gdansk/technikum/zespol-szkol-samochodowych-im-brygady-pancernej-im-bohaterow-westerplatte-technikum-nr-12-w-gdansku-16180,Gdańsk,POMORSKIE,59.53,46,270,True
2026,overall,rozszerzony,22,019c23e7-3b1a-78e7-bed0-bd667639e560,UNIWERSYTECKIE LICEUM OGÓLNOKSZTAŁCĄCE Z ODDZIAŁAMI DWUJĘZYCZNYMI IM. PAWŁA ADAMOWICZA W GDAŃSKU,gdansk/liceum-ogolnoksztalcace/uniwersyteckie-liceum-ogolnoksztalcace-z-oddzialami-dwujezycznymi-im-pawla-adamowicza-w-gdansku-271870,Gdańsk,POMORSKIE,59.16,48,270,True
2026,overall,rozszerzony,23,019c23d8-a940-7b2e-9a33-c0ed54ec5110,XV LICEUM OGÓLNOKSZTAŁCĄCE Z ODDZIAŁAMI DWUJĘZYCZNYMI IM. ZJEDNOCZONEJ EUROPY W GDAŃSKU,gdansk/liceum-ogolnoksztalcace/xv-liceum-ogolnoksztalcace-z-oddzialami-dwujezycznymi-im-zjednoczonej-europy-w-gdansku-6934,Gdańsk,POMORSKIE,58.38,52,270,True
2026,overall,rozszerzony,24,019c23e0-d61c-7be4-8f69-e856f05c746a,GDAŃSKIE LICEUM OGÓLNOKSZTAŁCĄCE,gdansk/liceum-ogolnoksztalcace/gdanskie-liceum-ogolnoksztalcace-81755,Gdańsk,POMORSKIE,57.37,57,270,False
2026,overall,rozszerzony,25,019c23e6-6337-7693-b82e-ab2a9ded4f58,XVII LICEUM OGÓLNOKSZTAŁCĄCE W GDYNI,gdynia/liceum-ogolnoksztalcace/xvii-liceum-ogolnoksztalcace-w-gdyni-196346,Gdynia,POMORSKIE,57.35,58,270,True
2026,overall,rozszerzony,26,019c23c2-580b-7835-9e2f-61dcc854cebd,OGÓLNOKSZTAŁCĄCE LICEUM JEZUITÓW Z ODDZIAŁAMI DWUJĘZYCZNYMI IM ŚW. STANISŁAWA KOSTKI W GDYNI,gdynia/liceum-ogolnoksztalcace/ogolnoksztalcace-liceum-jezuitow-z-oddzialami-dwujezycznymi-im-sw-stanislawa-kostki-w-gdyni-6128,Gdynia,POMORSKIE,57.16,59,270,False
2026,overall,rozszerzony,27,019c23d9-4d0f-7ef0-868b-44892d94e2f2,ZESPÓŁ SZKÓŁ OGÓLNOKSZTAŁCĄCYCH NR 1 IX LICEUM OGÓLNOKSZTAŁCĄCE IM. KRZYSZTOFA KOLBERGERA W GDAŃSKU,gdansk/liceum-ogolnoksztalcace/zespol-szkol-ogolnoksztalcacych-nr-1-ix-liceum-ogolnoksztalcace-im-krzysztofa-kolbergera-w-gdansku-11181,Gdańsk,POMORSKIE,57.07,60,270,True
2026,overall,rozszerzony,28,019c23db-7802-7114-abe3-d7935a896425,LICEUM SZTUK PLASTYCZNYCH IM. JACKA MYDLARSKIEGO W GDAŃSKU,gdansk/liceum-sztuk-plastycznych/liceum-sztuk-plastycznych-im-jacka-mydlarskiego-w-gdansku-24789,Gdańsk,POMORSKIE,56.85,63,270,False
2026,overall,rozszerzony,29,019c23a3-5e8a-7225-b133-a53baf2bca13,IX LICEUM OGÓLNOKSZTAŁCĄCE IM. MARSZAŁKA JÓZEFA PIŁSUDSKIEGO,gdynia/liceum-ogolnoksztalcace/ix-liceum-ogolnoksztalcace-im-marszalka-jozefa-pilsudskiego-3957,Gdynia,POMORSKIE,56.23,66,270,True
2026,overall,rozszerzony,30,019c23dd-3a9d-76f5-830d-79a0b5935977,"AKADEMICKIE LICEUM OGÓLNOKSZTAŁCĄCE ""LINGWISTA"" IM. HYMNU NARODOWEGO",gdansk/liceum-ogolnoksztalcace/akademickie-liceum-ogolnoksztalcace-lingwista-im-hymnu-narodowego-43407,Gdańsk,POMORSKIE,55.35,69,270,False
2026,overall,rozszerzony,31,019c23d8-d32e-7359-a061-3acf1e0b89c3,ZESPÓŁ SZKÓŁ OGÓLNOKSZTAŁCĄCYCH NR 7 VII LICEUM OGÓLNOKSZTAŁCĄCE IM. JÓZEFA WYBICKIEGO W GDAŃSKU,gdansk/liceum-ogolnoksztalcace/zespol-szkol-ogolnoksztalcacych-nr-7-vii-liceum-ogolnoksztalcace-im-jozefa-wybickiego-w-gdansku-7982,Gdańsk,POMORSKIE,55.34,70,270,True
2026,overall,rozszerzony,32,019c23e5-5028-773c-99fc-afb25060cad1,CENTRUM KSZTAŁCENIA ZAWODOWEGO I USTAWICZNEGO NR 1 - TECHNIKUM NR 2 IM. MARSZAŁKA JÓZEFA PIŁSUDSKIEGO W GDAŃSKU,gdansk/technikum/centrum-ksztalcenia-zawodowego-i-ustawicznego-nr-1-technikum-nr-2-im-marszalka-jozefa-pilsudskiego-w-gdansku-127924,Gdańsk,POMORSKIE,55.06,71,270,True
2026,overall,rozszerzony,33,019c23e4-6770-765b-aa7a-25649e616a45,LICEUM AKADEMII DOBREJ EDUKACJI IM. MACIEJA PŁAŻYŃSKIEGO,gdansk/liceum-ogolnoksztalcace/liceum-akademii-dobrej-edukacji-im-macieja-plazynskiego-122271,Gdańsk,POMORSKIE,53.13,76,270,False
2026,overall,rozszerzony,34,019c23e7-18e9-7469-9435-95a635c036bc,CHRZEŚCIJAŃSKIE AUTORSKIE LICEUM OGÓLNOKSZTAŁCĄCE,gdansk/liceum-ogolnoksztalcace/chrzescijanskie-autorskie-liceum-ogolnoksztalcace-269593,Gdańsk,POMORSKIE,53.1,77,270,False
2026,overall,rozszerzony,35,019c23dd-3a9d-76f5-830d-79a0b7845f8f,"LICEUM OGÓLNOKSZTAŁCĄCE ""COLLEGIUM GEDANENSE""",gdansk/liceum-ogolnoksztalcace/liceum-ogolnoksztalcace-collegium-gedanense-43409,Gdańsk,POMORSKIE,52.48,79,270,False
2026,overall,rozszerzony,36,019c23e6-684c-7a8a-9df3-393682b13dce,X LICEUM OGÓLNOKSZTAŁCĄCE DWUJĘZYCZNE IM. LECHA BĄDKOWSKIEGO W GDAŃSKU,gdansk/liceum-ogolnoksztalcace/x-liceum-ogolnoksztalcace-dwujezyczne-im-lecha-badkowskiego-w-gdansku-262211,Gdańsk,POMORSKIE,52.19,82,270,True
2026,overall,rozszerzony,37,019c23d9-f4c0-712c-8c74-3454772e219d,ZESPÓŁ SZKÓŁ OGÓLNOKSZTAŁCĄCYCH NR 8 IM. W GDAŃSKU - XIV LICEUM OGÓLNOKSZTAŁCĄCE IM. JANA PAWŁA II,gdansk/liceum-ogolnoksztalcace/zespol-szkol-ogolnoksztalcacych-nr-8-im-w-gdansku-xiv-liceum-ogolnoksztalcace-im-jana-pawla-ii-15300,Gdańsk,POMORSKIE,51.93,85,270,True
2026,overall,rozszerzony,38,019c23e0-d61d-7005-9ad8-e8d19919c411,OGÓLNOKSZTAŁCĄCE LICEUM PROGRAMÓW INDYWIDUALNYCH IM. ADMIRAŁA JÓZEFA UNRUGA,gdansk/liceum-ogolnoksztalcace/ogolnoksztalcace-liceum-programow-indywidualnych-im-admirala-jozefa-unruga-81759,Gdańsk,POMORSKIE,51.44,88,270,False
2026,overall,rozszerzony,39,019c23da-e7d8-7efc-a7ea-07b74d229f4c,VII SPORTOWE LICEUM OGÓLNOKSZTAŁCĄCE IM. JÓZEFA WYBICKIEGO,gdynia/liceum-ogolnoksztalcace/vii-sportowe-liceum-ogolnoksztalcace-im-jozefa-wybickiego-21211,Gdynia,POMORSKIE,50.35,94,270,True
2026,overall,rozszerzony,40,019c23da-7ce6-7b22-ad9a-b52d1abb2924,ZESPÓŁ SZKÓŁ OGÓLNOKSZTAŁCĄCYCH NR 6 - VI LICEUM OGÓLNOKSZTAŁCĄCE W GDAŃSKU,gdansk/liceum-ogolnoksztalcace/zespol-szkol-ogolnoksztalcacych-nr-6-vi-liceum-ogolnoksztalcace-w-gdansku-18579,Gdańsk,POMORSKIE,49.86,96,270,True
2026,overall,rozszerzony,41,019c23d9-12ab-7942-b898-bb330282a0a8,ZESPÓŁ SZKÓŁ ŁĄCZNOŚCI IM. OBROŃCÓW POCZTY POLSKIEJ - TECHNIKUM ŁĄCZNOŚCI NR 4 IM. OBROŃCÓW POCZTY POLSKIEJ W GDAŃSKU,gdansk/technikum/zespol-szkol-lacznosci-im-obroncow-poczty-polskiej-technikum-lacznosci-nr-4-im-obroncow-poczty-polskiej-w-gdansku-9647,Gdańsk,POMORSKIE,49.68,97,270,True
2026,overall,rozszerzony,42,019c23e6-c8f3-737d-b553-ea99ebca200f,LICEUM OGÓLNOKSZTAŁCĄCE THINKING ZONE,gdansk/liceum-ogolnoksztalcace/liceum-ogolnoksztalcace-thinking-zone-265997,Gdańsk,POMORSKIE,48.76,103,270,False
2026,overall,rozszerzony,43,019c23db-332e-7bc8-a496-8e09aa0b10fe,TECHNIKUM EKONOMICZNE Z ODDZIAŁAMI DWUJĘZYCZNYMI IM. ROTMISTRZA WITOLDA PILECKIEGO,gdynia/technikum/technikum-ekonomiczne-z-oddzialami-dwujezycznymi-im-rotmistrza-witolda-pileckiego-23054,Gdynia,POMORSKIE,48.34,106,270,True
2026,overall,rozszerzony,44,019c23db-9e95-7f98-90d3-da4885c55e9f,V LICEUM OGÓLNOKSZTAŁCĄCE IM.PŁK.STANISŁAWA DĄBKA,gdynia/liceum-ogolnoksztalcace/v-liceum-ogolnoksztalcace-im-plk-stanislawa-dabka-25697,Gdynia,POMORSKIE,47.14,115,270,True
2026,overall,rozszerzony,45,019c23d9-6657-788a-99a2-2acc34ac748e,TECHNIKUM HOTELARSKIE,gdynia/technikum/technikum-hotelarskie-11767,Gdynia,POMORSKIE,46.5,122,270,True
2026,overall,rozszerzony,46,019c23d9-6659-7852-9cd9-4401dc0988d6,TECHNIKUM GASTRONOMICZNE,gdynia/technikum/technikum-gastronomiczne-11768,Gdynia,POMORSKIE,45.91,126,270,True
2026,overall,rozszerzony,47,019c23a3-7a45-7f57-9ac8-166079b9a1d1,TECHNIKUM TRANSPORTOWE,gdynia/technikum/technikum-transportowe-4616,Gdynia,POMORSKIE,45.63,128,270,True
2026,overall,rozszerzony,48,019c23da-850f-77c0-ad2f-e373df7e8e87,TECHNIKUM BUDOWLANE,gdynia/technikum/technikum-budowlane-18862,Gdynia,POMORSKIE,45.17,135,270,True
2026,overall,rozszerzony,49,019c23e1-6bcb-79c5-bccb-bb23588b7c14,TECHNIKUM NR 1 IM. WIESŁAWA SZAJDY W GDAŃSKU,gdansk/technikum/technikum-nr-1-im-wieslawa-szajdy-w-gdansku-86228,Gdańsk,POMORSKIE,45.01,139,270,True
2026,overall,rozszerzony,50,019c23d9-553d-71bd-a3b7-b4e4d22df6b3,TECHNIKUM ELEKTRONICZNE NR 1 Z ODDZIAŁAMI DWUJĘZYCZNYMI,gdynia/technikum/technikum-elektroniczne-nr-1-z-oddzialami-dwujezycznymi-11365,Gdynia,POMORSKIE,44.95,140,270,True
2026,overall,rozszerzony,51,019c23da-a9b0-7934-a348-c175b55badc8,TECHNIKUM TEB EDUKACJA W GDYNI,gdynia/technikum/technikum-teb-edukacja-w-gdyni-19685,Gdynia,POMORSKIE,44.92,141,270,False
2026,overall,rozszerzony,52,019c23d9-6673-780a-b5ca-50d0fb5aeca4,TECHNIKUM TEB EDUKACJA W GDAŃSKU,gdansk/technikum/technikum-teb-edukacja-w-gdansku-11821,Gdańsk,POMORSKIE,44.59,143,270,False
2026,overall,rozszerzony,53,019c23da-51b8-7b2c-9a48-37d06c0c170a,ZESPÓŁ SZKÓŁ OGÓLNOKSZTAŁCĄCYCH NR 10 IM. EUGENIUSZA KWIATKOWSKIEGO W GDAŃSKU - XXIII LICEUM OGÓLNOKSZTAŁCĄCE,gdansk/liceum-ogolnoksztalcace/zespol-szkol-ogolnoksztalcacych-nr-10-im-eugeniusza-kwiatkowskiego-w-gdansku-xxiii-liceum-ogolnoksztalcace-17601,Gdańsk,POMORSKIE,44.5,146,270,True
2026,overall,rozszerzony,54,019c23d8-d32f-7372-8928-c2e4ce1db270,XXI LICEUM OGÓLNOKSZTAŁCĄCE Z ODDZIAŁAMI SPORTOWYMI,gdansk/liceum-ogolnoksztalcace/xxi-liceum-ogolnoksztalcace-z-oddzialami-sportowymi-7983,Gdańsk,POMORSKIE,43.03,158,270,True
2026,overall,rozszerzony,55,019c23e6-6dcf-7b7f-85cb-c3cc5403ee1d,PIERWSZE SPOŁECZNE LICEUM OGÓLNOKSZTAŁCĄCE SZKOŁA MISTRZOSTWA SPORTOWEGO W GDYNI,gdynia/liceum-ogolnoksztalcace/pierwsze-spoleczne-liceum-ogolnoksztalcace-szkola-mistrzostwa-sportowego-w-gdyni-262373,Gdynia,POMORSKIE,42.61,161,270,False
2026,overall,rozszerzony,56,019c23d9-667e-7225-a2c3-60be050a9ccd,TECHNIKUM MECHANICZNE NR 1,gdynia/technikum/technikum-mechaniczne-nr-1-11852,Gdynia,POMORSKIE,42.54,162,270,True
2026,overall,rozszerzony,57,019c23da-5a02-74bd-bf5a-a781ef7b076b,ZESPÓŁ SZKÓŁ SPORTOWYCH I MISTRZOSTWA SPORTOWEGO IM. JANUSZA KUSOCIŃSKIEGO XII SPORTOWE LICEUM OGÓLNOKSZTAŁCĄCE Z ODDZIAŁAMI MISTRZOSTWA SPORTOWEGO W GDAŃSKU,gdansk/liceum-ogolnoksztalcace/zespol-szkol-sportowych-i-mistrzostwa-sportowego-im-janusza-kusocinskiego-xii-sportowe-liceum-ogolnoksztalcace-z-oddzialami-mistrzostwa-sportowego-w-gdansku-17730,Gdańsk,POMORSKIE,42.38,163,270,True
2026,overall,rozszerzony,58,019c23da-8e7c-7223-bb54-530012f985d4,ZESPÓŁ SZKÓŁ ARCHITEKTONICZNO-PROJEKTOWYCH IM. WŁADYSŁAWA SZAFERA TECHNIKUM NR 7 W GDAŃSKU,gdansk/technikum/zespol-szkol-architektoniczno-projektowych-im-wladyslawa-szafera-technikum-nr-7-w-gdansku-19119,Gdańsk,POMORSKIE,42.37,164,270,True
2026,overall,rozszerzony,59,019c23da-0e7a-7f98-aa91-1f19100006d0,ZESPÓŁ SZKÓŁ GASTRONOMICZNO-HOTELARSKICH - TECHNIKUM NR 3 W GDAŃSKU,gdansk/technikum/zespol-szkol-gastronomiczno-hotelarskich-technikum-nr-3-w-gdansku-15976,Gdańsk,POMORSKIE,41.88,168,270,True
2026,overall,rozszerzony,60,019c23da-a515-7f40-a640-6232b2df783f,ZESPÓŁ SZKÓŁ ENERGETYCZNYCH W GDAŃSKU TECHNIKUM NR 13 W GDAŃSKU,gdansk/technikum/zespol-szkol-energetycznych-w-gdansku-technikum-nr-13-w-gdansku-19648,Gdańsk,POMORSKIE,41.2,172,270,True
2026,overall,rozszerzony,61,019c23da-3e88-75b2-8824-cc370fd5609c,ZESPÓŁ SZKÓŁ MORSKICH IM. BOHATERSKICH OBROŃCÓW WESTERPLATTE TECHNIKUM NR 16 W GDAŃSKU,gdansk/technikum/zespol-szkol-morskich-im-bohaterskich-obroncow-westerplatte-technikum-nr-16-w-gdansku-17095,Gdańsk,POMORSKIE,41.13,174,270,True
2026,overall,rozszerzony,62,019c23d9-6ea3-7aad-9003-dc3f978d82ed,TECHNIKUM BUDOWY OKRĘTÓW,gdynia/technikum/technikum-budowy-okretow-12039,Gdynia,POMORSKIE,41,175,270,True
2026,overall,rozszerzony,63,019c23e6-3ad4-7823-adaf-22f6d55ac238,SZKOŁA MISTRZOSTWA SPORTOWEGO LICEUM OGÓLNOKSZTAŁCĄCE MARCINA GORTATA W GDAŃSKU,gdansk/liceum-ogolnoksztalcace/szkola-mistrzostwa-sportowego-liceum-ogolnoksztalcace-marcina-gortata-w-gdansku-133201,Gdańsk,POMORSKIE,40.42,179,270,False
2026,overall,rozszerzony,64,019c23da-e7eb-7490-856b-9f5b20dbc5da,"SZKOŁY OKRĘTOWE I TECHNICZNE ""CONRADINUM"" W GDAŃSKU TECHNIKUM NR 18",gdansk/technikum/szkoly-okretowe-i-techniczne-conradinum-w-gdansku-technikum-nr-18-21236,Gdańsk,POMORSKIE,39.58,186,270,True
2026,overall,rozszerzony,65,019c23da-9298-720d-bdfa-d666dc985180,SZKOŁY EKONOMICZNO-HANDLOWE IM. MACIERZY SZKOLNEJ W GDAŃSKU TECHNIKUM NR 11 W GDAŃSKU,gdansk/technikum/szkoly-ekonomiczno-handlowe-im-macierzy-szkolnej-w-gdansku-technikum-nr-11-w-gdansku-19174,Gdańsk,POMORSKIE,38.81,190,270,True
2026,overall,rozszerzony,66,019c23e5-9b3e-7375-ab89-0c42445bd725,LICEUM OGÓLNOKSZTAŁCĄCE TEB EDUKACJA W GDYNI,gdynia/liceum-ogolnoksztalcace/liceum-ogolnoksztalcace-teb-edukacja-w-gdyni-129601,Gdynia,POMORSKIE,38.68,193,270,False
2026,overall,rozszerzony,67,019c23da-6f34-7ee2-b2af-76fcc5140265,IV LICEUM OGÓLNOKSZTAŁCĄCE Z ODDZIAŁAMI MISTRZOSTWA SPORTOWEGO IM. MARYNARZY WOJSK OCHRONY POGRANICZA W GDAŃSKU,gdansk/liceum-ogolnoksztalcace/iv-liceum-ogolnoksztalcace-z-oddzialami-mistrzostwa-sportowego-im-marynarzy-wojsk-ochrony-pogranicza-w-gdansku-18356,Gdańsk,POMORSKIE,38.22,196,270,True
2026,overall,rozszerzony,68,019c23dc-4b2e-7781-ac51-95a77447e7c9,GDYŃSKIE LICEUM AUTORSKIE SPOŁECZNEGO TOWARZYSTWA OŚWIATOWEGO,gdynia/liceum-ogolnoksztalcace/gdynskie-liceum-autorskie-spolecznego-towarzystwa-oswiatowego-30451,Gdynia,POMORSKIE,37.28,199,270,False
2026,overall,rozszerzony,69,019c23dd-35ae-745a-99dd-454f5d47de25,PAŃSTWOWE SZKOŁY BUDOWNICTWA W GDAŃSKU - TECHNIKUM NR 5,gdansk/technikum/panstwowe-szkoly-budownictwa-w-gdansku-technikum-nr-5-42893,Gdańsk,POMORSKIE,36.63,204,270,True
2026,overall,rozszerzony,70,019c23d9-553d-71bd-a3b7-b4e4d2e59bf0,TECHNIKUM CHŁODNICZE IM. PROF. M.T. HUBERA,gdynia/technikum/technikum-chlodnicze-im-prof-m-t-hubera-11366,Gdynia,POMORSKIE,36.58,205,270,True
2026,overall,rozszerzony,71,019c23e4-ee02-7254-8822-55d8e451bc9b,LICEUM OGÓLNOKSZTAŁCĄCE MUNDUROWE SPARTAKUS IM. MIECZYSŁAWA JAŁOWIECKIEGO W GDAŃSKU,gdansk/liceum-ogolnoksztalcace/liceum-ogolnoksztalcace-mundurowe-spartakus-im-mieczyslawa-jalowieckiego-w-gdansku-125432,Gdańsk,POMORSKIE,36.48,207,270,False
2026,overall,rozszerzony,72,019c23d9-72dc-72b3-b20b-c4daa45ae9a9,TECHNIKUM NR 3,gdynia/technikum/technikum-nr-3-12154,Gdynia,POMORSKIE,35.68,212,270,True
2026,overall,rozszerzony,73,019c23e3-d406-7379-b05b-2ca3c6d4ac12,LICEUM OGÓLNOKSZTAŁCĄCE TEB EDUKACJA W GDAŃSKU,gdansk/liceum-ogolnoksztalcace/liceum-ogolnoksztalcace-teb-edukacja-w-gdansku-115485,Gdańsk,POMORSKIE,35.12,216,270,False
2026,overall,rozszerzony,74,019c23dc-f7d3-7885-a255-3ec8ba03b3c8,ZESPÓŁ SZKÓŁ KREOWANIA WIZERUNKU W GDAŃSKU - TECHNIKUM NR 9 IM.XYMENY ZANIEWSKIEJ,gdansk/technikum/zespol-szkol-kreowania-wizerunku-w-gdansku-technikum-nr-9-im-xymeny-zaniewskiej-40819,Gdańsk,POMORSKIE,34.94,220,270,True
2026,overall,rozszerzony,75,019c23da-47e6-7a0f-9007-884a441f1b2a,CENTRUM KSZTAŁCENIA ZAWODOWEGO I USTAWICZNEGO NR 2 TECHNIKUM NR 14 W GDAŃSKU,gdansk/technikum/centrum-ksztalcenia-zawodowego-i-ustawicznego-nr-2-technikum-nr-14-w-gdansku-17295,Gdańsk,POMORSKIE,34.87,222,270,True
2026,overall,rozszerzony,76,019c23e8-5714-7163-b796-3b2dae02f943,SZKOŁA MISTRZOSTWA SPORTOWEGO LICEUM OGÓLNOKSZTAŁCĄCE GDAŃSKIEGO KLUBU SPORTOWEGO GEDANIA 1922,gdansk/liceum-ogolnoksztalcace/szkola-mistrzostwa-sportowego-liceum-ogolnoksztalcace-gdanskiego-klubu-sportowego-gedania-1922-480246,Gdańsk,POMORSKIE,34.81,223,270,False
2026,overall,rozszerzony,77,019c23de-8063-742b-9069-c3dffc9b8149,AKADEMICKIE LICEUM OGÓLNOKSZTAŁCĄCE DLA MŁODZIEŻY W GDAŃSKU,gdansk/liceum-ogolnoksztalcace/akademickie-liceum-ogolnoksztalcace-dla-mlodziezy-w-gdansku-57154,Gdańsk,POMORSKIE,34.59,224,270,False
2026,overall,rozszerzony,78,019c23e7-df76-7671-9e65-370f998283c6,PAŃSTWOWE SZKOŁY BUDOWNICTWA W GDAŃSKU - BRANŻOWA SZKOŁA II STOPNIA NR 5 W GDAŃSKU,gdansk/branzowa-szkola-ii-stopnia/panstwowe-szkoly-budownictwa-w-gdansku-branzowa-szkola-ii-stopnia-nr-5-w-gdansku-277633,Gdańsk,POMORSKIE,33.08,227,270,True
2026,overall,rozszerzony,79,019c23e5-d285-7cf9-a0a4-434421a0965c,I LICEUM OGÓLNOKSZTAŁCĄCE CN-B IM. POLSKICH SPADOCHRONIARZY W GDAŃSKU,gdansk/liceum-ogolnoksztalcace/i-liceum-ogolnoksztalcace-cn-b-im-polskich-spadochroniarzy-w-gdansku-130828,Gdańsk,POMORSKIE,31.87,232,270,False
2026,overall,rozszerzony,80,019c23d9-f4c1-72b6-a67a-da8c66f48adb,CENTRUM KSZTAŁCENIA ZAWODOWEGO I USTAWICZNEGO NR 2 TECHNIKUM NR 8 W GDAŃSKU,gdansk/technikum/centrum-ksztalcenia-zawodowego-i-ustawicznego-nr-2-technikum-nr-8-w-gdansku-15302,Gdańsk,POMORSKIE,29.96,242,270,True
