year,subject,position,school_id,school_name,slug,city,voivodeship,score,voivodeship_position,voivodeship_total,is_public
2019,overall,1,019c23e1-616e-74f1-adca-e1dedbc7bfcc,GDAŃSKIE SZKOŁY AUTONOMICZNE GDAŃSKA AUTONOMICZNA SZKOŁA PODSTAWOWA,gdansk/szkola-podstawowa/gdanskie-szkoly-autonomiczne-gdanska-autonomiczna-szkola-podstawowa-85999,Gdańsk,POMORSKIE,89.58,1,565,False
2019,overall,2,019c23e2-10a9-7973-9adf-79949fc7bf33,AMERYKAŃSKA SZKOŁA PODSTAWOWA Z WYKŁADOWYM JĘZYKIEM ANGIELSKIM,gdynia/szkola-podstawowa/amerykanska-szkola-podstawowa-z-wykladowym-jezykiem-angielskim-90298,Gdynia,POMORSKIE,87.5,3,565,False
2019,overall,3,019c23c2-5015-788a-b0d6-d50600a116f4,PIERWSZA SZKOŁA SPOŁECZNA PODSTAWOWA IM.DZIECI ZJEDNOCZONEJ EUROPY,gdynia/szkola-podstawowa/pierwsza-szkola-spoleczna-podstawowa-im-dzieci-zjednoczonej-europy-5959,Gdynia,POMORSKIE,86.94,4,565,False
2019,overall,4,019c23e1-7546-7a86-9791-e2c8d2fa541c,III SPOŁECZNA SZKOŁA PODSTAWOWA SPOŁECZNEGO TOWARZYSTWA OŚWIATOWEGO,gdansk/szkola-podstawowa/iii-spoleczna-szkola-podstawowa-spolecznego-towarzystwa-oswiatowego-86458,Gdańsk,POMORSKIE,85.95,5,565,False
2019,overall,5,019c23dd-3a9e-7e6f-80ef-4d360046bc2a,"PODSTAWOWA SZKOŁA SPOŁECZNA ""NIEDŹWIEDNIK""",gdansk/szkola-podstawowa/podstawowa-szkola-spoleczna-niedzwiednik-43412,Gdańsk,POMORSKIE,85.59,6,565,False
2019,overall,6,019c23e1-6b8c-747d-b86a-71d4163a5729,II SPOŁECZNA SZKOŁA PODSTAWOWA SPOŁECZNEGO TOWARZYSTWA OŚWIATOWEGO,gdansk/szkola-podstawowa/ii-spoleczna-szkola-podstawowa-spolecznego-towarzystwa-oswiatowego-86125,Gdańsk,POMORSKIE,85.35,7,565,False
2019,overall,7,019c23df-42af-7f75-a61d-e7cab4b0088e,"NIEPUBLICZNA SZKOŁA PODSTAWOWA ""SOKRATES""",gdansk/szkola-podstawowa/niepubliczna-szkola-podstawowa-sokrates-66309,Gdańsk,POMORSKIE,84.81,9,565,False
2019,overall,8,019c23e1-702a-7a7b-ac88-3904f32de525,KATOLICKA SZKOŁA PODSTAWOWA IM. ŚW. KAZIMIERZA W GDAŃSKU,gdansk/szkola-podstawowa/katolicka-szkola-podstawowa-im-sw-kazimierza-w-gdansku-86270,Gdańsk,POMORSKIE,84.17,10,565,False
2019,overall,9,019c23e1-7027-749c-bb81-1e9b35e222db,SZKOŁA PODSTAWOWA IM. ŚW. JANA DE LA SALLE,gdansk/szkola-podstawowa/szkola-podstawowa-im-sw-jana-de-la-salle-86264,Gdańsk,POMORSKIE,82.78,11,565,False
2019,overall,10,019c23e1-6bad-7a57-91d1-e87f5608fb63,I SPOŁECZNA SZKOŁA PODSTAWOWA SPOŁECZNEGO TOWARZYSTWA OŚWIATOWEGO,gdansk/szkola-podstawowa/i-spoleczna-szkola-podstawowa-spolecznego-towarzystwa-oswiatowego-86148,Gdańsk,POMORSKIE,81.81,13,565,False
2019,overall,11,019c23e6-8232-73bf-b6e1-7a35421bad2a,GDAŃSKA SZKOŁA PODSTAWOWA LINGWISTA IM. HYMNU NARODOWEGO,gdansk/szkola-podstawowa/gdanska-szkola-podstawowa-lingwista-im-hymnu-narodowego-262904,Gdańsk,POMORSKIE,81.72,14,565,False
2019,overall,12,019c23e6-8743-7bcc-93e1-e404525427ad,KATOLICKA SZKOŁA PODSTAWOWA IM. ŚW. JANA PAWŁA II W GDYNI,gdynia/szkola-podstawowa/katolicka-szkola-podstawowa-im-sw-jana-pawla-ii-w-gdyni-263021,Gdynia,POMORSKIE,80.96,18,565,True
2019,overall,13,019c23df-0382-744f-9214-164cfe6ca861,KATOLICKA SZKOŁA PODSTAWOWA IM ŚW. RODZINY W GDYNI,gdynia/szkola-podstawowa/katolicka-szkola-podstawowa-im-sw-rodziny-w-gdyni-62306,Gdynia,POMORSKIE,80.6,20,565,True
2019,overall,14,019c23a3-7a25-7a48-9035-f6ee0586e79e,SZKOŁA PODSTAWOWA NR 18 IM. KORNELA MAKUSZYŃSKIEGO,gdynia/szkola-podstawowa/szkola-podstawowa-nr-18-im-kornela-makuszynskiego-4563,Gdynia,POMORSKIE,79.81,22,565,True
2019,overall,15,019c23e0-a250-77d3-9f40-51c0eb31bc45,NOWY ŚWIAT NIEPUBLICZNA SZKOŁA PODSTAWOWA,gdansk/szkola-podstawowa/nowy-swiat-niepubliczna-szkola-podstawowa-80448,Gdańsk,POMORSKIE,78.96,23,565,False
2019,overall,16,019c23e6-44e2-71ff-9942-036eed85be55,SZKOŁA PODSTAWOWA JEZUITÓW Z ODDZIAŁAMI DWUJĘZYCZNYMI IM. ŚW. STANISŁAWA KOSTKI W GDYNI,gdynia/szkola-podstawowa/szkola-podstawowa-jezuitow-z-oddzialami-dwujezycznymi-im-sw-stanislawa-kostki-w-gdyni-133486,Gdynia,POMORSKIE,78.13,24,565,False
2019,overall,17,019c23e6-684d-706a-997d-2aa66781268f,ZESPÓŁ SZKÓŁ OGÓLNOKSZTAŁCĄCYCH NR 2 SZKOŁA PODSTAWOWA NR 33 IM. STEFANA BANACHA W GDAŃSKU,gdansk/szkola-podstawowa/zespol-szkol-ogolnoksztalcacych-nr-2-szkola-podstawowa-nr-33-im-stefana-banacha-w-gdansku-262215,Gdańsk,POMORSKIE,77.86,25,565,True
2019,overall,18,019c23dc-4f7e-7b00-893f-76a6c05182cb,"""FREGATA"" SZKOŁA PODSTAWOWA DLA CHŁOPCÓW",gdansk/szkola-podstawowa/fregata-szkola-podstawowa-dla-chlopcow-30613,Gdańsk,POMORSKIE,76.58,26,565,False
2019,overall,19,019c23d9-40aa-7f43-9c99-6ba57bfa4d05,"PRYWATNA SZKOŁA PODSTAWOWA ""LIBER""",gdynia/szkola-podstawowa/prywatna-szkola-podstawowa-liber-10829,Gdynia,POMORSKIE,76.28,28,565,False
2019,overall,20,019c23e2-287c-7ccd-8fc1-96afe989471e,GDYŃSKA SZKOŁA SPOŁECZNA,gdynia/szkola-podstawowa/gdynska-szkola-spoleczna-90963,Gdynia,POMORSKIE,75.4,30,565,False
2019,overall,21,019c23a3-638e-77f5-a650-11ec5780f3a1,SZKOŁA PODSTAWOWA NR 20 IM. 2 MORSKIEGO PUŁKU STRZELCÓW,gdynia/szkola-podstawowa/szkola-podstawowa-nr-20-im-2-morskiego-pulku-strzelcow-4053,Gdynia,POMORSKIE,75.21,32,565,True
2019,overall,22,019c23df-42b0-741e-a372-78fd58048094,"GDAŃSKA SZKOŁA PODSTAWOWA ""LINGWISTA"" IM. ZJEDNOCZONEJ EUROPY",gdansk/szkola-podstawowa/gdanska-szkola-podstawowa-lingwista-im-zjednoczonej-europy-66313,Gdańsk,POMORSKIE,73.15,34,565,False
2019,overall,23,019c23e6-822b-71e3-aeb7-37bd77f77703,NIEPUBLICZNA SZKOŁA PODSTAWOWA THINKING ZONE W GDAŃSKU,gdansk/szkola-podstawowa/niepubliczna-szkola-podstawowa-thinking-zone-w-gdansku-262876,Gdańsk,POMORSKIE,73.11,35,565,False
2019,overall,24,019c23e4-e46e-77cd-9898-1265e6b8e72a,"SZKOŁA PODSTAWOWA TOWARZYSTWA EDUKACYJNEGO ""VIZJA""",gdansk/szkola-podstawowa/szkola-podstawowa-towarzystwa-edukacyjnego-vizja-125174,Gdańsk,POMORSKIE,72.59,37,565,False
2019,overall,25,019c23d9-eba1-7f39-bab8-3a23a9c4095f,SZKOŁA PODSTAWOWA NR 1 IM. MARIUSZA ZARUSKIEGO W GDAŃSKU,gdansk/szkola-podstawowa/szkola-podstawowa-nr-1-im-mariusza-zaruskiego-w-gdansku-15124,Gdańsk,POMORSKIE,72.51,39,565,True
2019,overall,26,019c23d9-3461-76c2-9659-24047f985f67,SZKOŁA PODSTAWOWA NR 89 IM. TADEUSZA MAZOWIECKIEGO W GDAŃSKU,gdansk/szkola-podstawowa/szkola-podstawowa-nr-89-im-tadeusza-mazowieckiego-w-gdansku-10576,Gdańsk,POMORSKIE,72.11,42,565,True
2019,overall,27,019c23d9-da46-7c1b-9c39-986de2e79ab4,SZKOŁA PODSTAWOWA NR 50 IM. E.PLATER W GDAŃSKU,gdansk/szkola-podstawowa/szkola-podstawowa-nr-50-im-e-plater-w-gdansku-14699,Gdańsk,POMORSKIE,71.98,43,565,True
2019,overall,28,019c23d9-5991-7ce9-bb1e-4e647aaddc8a,SZKOŁA PODSTAWOWA NR 48 IM. PROFESORA KAZIMIERZA DEMELA,gdynia/szkola-podstawowa/szkola-podstawowa-nr-48-im-profesora-kazimierza-demela-11470,Gdynia,POMORSKIE,71.94,44,565,True
2019,overall,29,019c23d9-3446-7a8e-ab24-a3631d3f5f55,SZKOŁA PODSTAWOWA NR 17 IM. HETMANA STEFANA CZARNIECKIEGO W GDAŃSKU,gdansk/szkola-podstawowa/szkola-podstawowa-nr-17-im-hetmana-stefana-czarnieckiego-w-gdansku-10509,Gdańsk,POMORSKIE,71.68,45,565,True
2019,overall,30,019c23dd-003a-7b91-bef7-d4aa330ccd8f,PODSTAWOWA SZKOŁA GEDANENSIS,gdansk/szkola-podstawowa/podstawowa-szkola-gedanensis-41069,Gdańsk,POMORSKIE,71.5,46,565,False
2019,overall,31,019c23da-df6d-70fb-a550-320356e362db,SZKOŁA PODSTAWOWA NR 81 W GDAŃSKU IM. PROF. MICHAŁA SIEDLECKIEGO,gdansk/szkola-podstawowa/szkola-podstawowa-nr-81-w-gdansku-im-prof-michala-siedleckiego-21025,Gdańsk,POMORSKIE,70.86,48,565,True
2019,overall,32,019c23d8-ecbd-7091-915f-8b6001e8b49b,ZESPÓŁ SZKOLNO-PRZEDSZKOLNY NR 10 - SZKOŁA PODSTAWOWA NR 80 IM. BUDOWNICZYCH PORTU PÓŁNOCNEGO W GDAŃSKU,gdansk/szkola-podstawowa/zespol-szkolno-przedszkolny-nr-10-szkola-podstawowa-nr-80-im-budowniczych-portu-polnocnego-w-gdansku-8641,Gdańsk,POMORSKIE,70.66,49,565,True
2019,overall,33,019c23d8-e47c-7508-876a-98d51336b614,SZKOŁA PODSTAWOWA NR 8 IM. OBROŃCÓW HELU,gdynia/szkola-podstawowa/szkola-podstawowa-nr-8-im-obroncow-helu-8469,Gdynia,POMORSKIE,69.66,53,565,True
2019,overall,34,019c23a3-7a00-7af2-af5c-a2ea233a5be0,SZKOŁA PODSTAWOWA NR 28 IM. LOTNIKÓW POLSKICH,gdynia/szkola-podstawowa/szkola-podstawowa-nr-28-im-lotnikow-polskich-4529,Gdynia,POMORSKIE,69.48,55,565,True
2019,overall,35,019c23e6-6335-7afe-bf27-af1cd30a158a,SZKOŁA PODSTAWOWA NR 51 W GDYNI,gdynia/szkola-podstawowa/szkola-podstawowa-nr-51-w-gdyni-196334,Gdynia,POMORSKIE,69.41,56,565,True
2019,overall,36,019c23e4-b360-786c-ac20-381ed98490bd,POZYTYWNA SZKOŁA PODSTAWOWA IM. ARKADIUSZA ARAMA RYBICKIEGO W GDAŃSKU,gdansk/szkola-podstawowa/pozytywna-szkola-podstawowa-im-arkadiusza-arama-rybickiego-w-gdansku-124084,Gdańsk,POMORSKIE,69.28,57,565,True
2019,overall,37,019c23d9-2ff9-7558-b408-a671ea287fd4,SZKOŁA PODSTAWOWA NR 77 W GDAŃSKU,gdansk/szkola-podstawowa/szkola-podstawowa-nr-77-w-gdansku-10388,Gdańsk,POMORSKIE,69.11,58,565,True
2019,overall,38,019c23da-1b7c-792c-a0a7-e530093145c9,SZKOŁA PODSTAWOWA NR 19 IM. ZASŁUŻONYCH LUDZI MORZA W GDAŃSKU,gdansk/szkola-podstawowa/szkola-podstawowa-nr-19-im-zasluzonych-ludzi-morza-w-gdansku-16227,Gdańsk,POMORSKIE,68.98,60,565,True
2019,overall,39,019c23d8-c6bd-799e-9b80-d85cac1026bb,SZKOŁA PODSTAWOWA NR 46,gdynia/szkola-podstawowa/szkola-podstawowa-nr-46-7669,Gdynia,POMORSKIE,68.17,63,565,True
2019,overall,40,019c23a3-75b0-7d7e-86dd-3343db3b43a5,SZKOŁA PODSTAWOWA NR 34 Z ODDZIAŁAMI INTEGRACYJNYMI IM. LEONIDA TELIGI,gdynia/szkola-podstawowa/szkola-podstawowa-nr-34-z-oddzialami-integracyjnymi-im-leonida-teligi-4419,Gdynia,POMORSKIE,68.14,64,565,True
2019,overall,41,019c23d9-0a68-79f6-a021-c13fdb35a980,SZKOŁA PODSTAWOWA NR 44 IM. ADAMA MICKIEWICZA W GDAŃSKU,gdansk/szkola-podstawowa/szkola-podstawowa-nr-44-im-adama-mickiewicza-w-gdansku-9480,Gdańsk,POMORSKIE,67.86,65,565,True
2019,overall,42,019c23a3-70d2-7755-a470-e426e5a2be3f,SZKOŁA PODSTAWOWA NR 26 IM. ŻOŁNIERZY ARMII KRAJOWEJ,gdynia/szkola-podstawowa/szkola-podstawowa-nr-26-im-zolnierzy-armii-krajowej-4319,Gdynia,POMORSKIE,67.22,66,565,True
2019,overall,43,019c23d8-cacd-7a17-93b6-39278ecb5275,SZKOŁA PODSTAWOWA NR 47 IM FRANCISZKI CEGIELSKIEJ,gdynia/szkola-podstawowa/szkola-podstawowa-nr-47-im-franciszki-cegielskiej-7747,Gdynia,POMORSKIE,67.1,67,565,True
2019,overall,44,019c23d8-e07a-727a-8b07-778131cb9584,SZKOŁA PODSTAWOWA NR 23 IM.DZIECI ŚWIATA W GDAŃSKU,gdansk/szkola-podstawowa/szkola-podstawowa-nr-23-im-dzieci-swiata-w-gdansku-8315,Gdańsk,POMORSKIE,67.09,68,565,True
2019,overall,45,019c23dc-d559-74be-95fd-718e8de6e0c7,SZKOŁA PODSTAWOWA NR 48 IM. GEN. JÓZEFA HALLERA W GDAŃSKU,gdansk/szkola-podstawowa/szkola-podstawowa-nr-48-im-gen-jozefa-hallera-w-gdansku-39070,Gdańsk,POMORSKIE,66.92,69,565,True
2019,overall,46,019c23a3-70d7-774d-af73-159690741af8,SZKOŁA PODSTAWOWA NR 16 IM. ORŁA BIAŁEGO,gdynia/szkola-podstawowa/szkola-podstawowa-nr-16-im-orla-bialego-4324,Gdynia,POMORSKIE,66.79,72,565,True
2019,overall,47,019c23d9-1e9b-77ef-b38a-df73b6885e86,GDAŃSKA SZKOŁA SZERMIERKI - SZKOŁA PODSTAWOWA NR 70 Z ODDZIAŁAMI SPORTOWYMI W GDAŃSKU,gdansk/szkola-podstawowa/gdanska-szkola-szermierki-szkola-podstawowa-nr-70-z-oddzialami-sportowymi-w-gdansku-9987,Gdańsk,POMORSKIE,66.71,73,565,True
2019,overall,48,019c23da-e3d0-7afd-9493-64c60b0c3411,SPORTOWA SZKOŁA PODSTAWOWA NR 14 IM. JÓZEFA WYBICKIEGO,gdynia/szkola-podstawowa/sportowa-szkola-podstawowa-nr-14-im-jozefa-wybickiego-21126,Gdynia,POMORSKIE,66.32,74,565,True
2019,overall,49,019c23d8-c6c3-7bb7-8e43-445c8d4a0b6a,SZKOŁA PODSTAWOWA NR 27 IM. DZIECI ZJEDNOCZONEJ EUROPY W GDAŃSKU,gdansk/szkola-podstawowa/szkola-podstawowa-nr-27-im-dzieci-zjednoczonej-europy-w-gdansku-7678,Gdańsk,POMORSKIE,66.27,75,565,True
2019,overall,50,019c23d8-e07d-76cb-9b5e-85b1a751670d,SZKOŁA PODSTAWOWA NR 79 W GDAŃSKU,gdansk/szkola-podstawowa/szkola-podstawowa-nr-79-w-gdansku-8320,Gdańsk,POMORSKIE,66.14,76,565,True
2019,overall,51,019c23e4-353d-7512-9435-8d4aefd8c29a,CHRZEŚCIJAŃSKA SZKOŁA MONTESSORI,gdansk/szkola-podstawowa/chrzescijanska-szkola-montessori-120645,Gdańsk,POMORSKIE,65.83,78,565,False
2019,overall,52,019c23d9-eba5-7de0-b876-e70dfbffee51,SZKOŁA PODSTAWOWA NR 82 IM. PROF. JANA CZOCHRALSKIEGO W GDAŃSKU,gdansk/szkola-podstawowa/szkola-podstawowa-nr-82-im-prof-jana-czochralskiego-w-gdansku-15135,Gdańsk,POMORSKIE,65.23,83,565,True
2019,overall,53,019c23d9-2b63-75d2-adec-34a0b4117138,SZKOŁA PODSTAWOWA NR 47 IM. KASZUBSKIEJ BRYGADY WOP W GDAŃSKU,gdansk/szkola-podstawowa/szkola-podstawowa-nr-47-im-kaszubskiej-brygady-wop-w-gdansku-10347,Gdańsk,POMORSKIE,64.63,84,565,True
2019,overall,54,019c23da-3e61-71e4-b691-c712f00f4e4e,SZKOŁA PODSTAWOWA NR 38 IM. GEN. STANISŁAWA MACZKA W GDAŃSKU,gdansk/szkola-podstawowa/szkola-podstawowa-nr-38-im-gen-stanislawa-maczka-w-gdansku-17066,Gdańsk,POMORSKIE,64.61,85,565,True
2019,overall,55,019c23d8-a4ff-73a3-b479-b9299e17310f,SZKOŁA PODSTAWOWA NR 42 IM. KRÓLOWEJ JADWIGI,gdynia/szkola-podstawowa/szkola-podstawowa-nr-42-im-krolowej-jadwigi-6783,Gdynia,POMORSKIE,63.97,88,565,True
2019,overall,56,019c23d9-553e-73e4-9ace-31fd26aede63,SZKOŁA PODSTAWOWA NR 2 Z ODDZIAŁAMI SPORTOWYMI IM. ARMII KRAJOWEJ W GDAŃSKU,gdansk/szkola-podstawowa/szkola-podstawowa-nr-2-z-oddzialami-sportowymi-im-armii-krajowej-w-gdansku-11368,Gdańsk,POMORSKIE,63.87,90,565,True
2019,overall,57,019c23c2-3f92-75cb-905d-13b1f3eabd7d,SZKOŁA PODSTAWOWA NR 13 IM. LUCJANA CYLKOWSKIEGO,gdynia/szkola-podstawowa/szkola-podstawowa-nr-13-im-lucjana-cylkowskiego-5534,Gdynia,POMORSKIE,63.86,91,565,True
2019,overall,58,019c23a3-70c6-7bb5-a755-019f996cf421,SZKOŁA PODSTAWOWA NR 17 IM. WICEADM. JÓZEFA UNRUGA,gdynia/szkola-podstawowa/szkola-podstawowa-nr-17-im-wiceadm-jozefa-unruga-4307,Gdynia,POMORSKIE,63.76,92,565,True
2019,overall,59,019c23da-4809-7922-8ead-161d0e3c157b,ZESPÓŁ SZKOLNO-PRZEDSZKOLNY NR 5 SZKOŁA PODSTAWOWA NR 92 IM. KARD. STEFANA WYSZYŃSKIEGO PRYMASA TYSIĄCLECIA W GDAŃSKU,gdansk/szkola-podstawowa/zespol-szkolno-przedszkolny-nr-5-szkola-podstawowa-nr-92-im-kard-stefana-wyszynskiego-prymasa-tysiaclecia-w-gdansku-17348,Gdańsk,POMORSKIE,63.71,93,565,True
2019,overall,60,019c23da-c063-757a-ada4-fa8901bb4825,SZKOŁA PODSTAWOWA NR 85 IM. ZRZESZENIA KASZUBSKO-POMORSKIEGO W GDAŃSKU,gdansk/szkola-podstawowa/szkola-podstawowa-nr-85-im-zrzeszenia-kaszubsko-pomorskiego-w-gdansku-20267,Gdańsk,POMORSKIE,63.57,94,565,True
2019,overall,61,019c23da-519a-7c2e-8060-0ebab795da65,SZKOŁA PODSTAWOWA NR 86 IM. PROF. JERZEGO SAMPA W GDAŃSKU,gdansk/szkola-podstawowa/szkola-podstawowa-nr-86-im-prof-jerzego-sampa-w-gdansku-17531,Gdańsk,POMORSKIE,63.13,98,565,True
2019,overall,62,019c23e6-684d-706a-997d-2aa666099a4c,ZESPÓŁ SZKÓŁ OGÓLNOKSZTAŁCĄCYCH NR 7 SZKOŁA PODSTAWOWA NR 3 IM. JANA PAWŁA II W GDAŃSKU,gdansk/szkola-podstawowa/zespol-szkol-ogolnoksztalcacych-nr-7-szkola-podstawowa-nr-3-im-jana-pawla-ii-w-gdansku-262214,Gdańsk,POMORSKIE,63.07,99,565,True
2019,overall,63,019c23d9-22dc-76f3-9e2a-664f7586c774,SZKOŁA PODSTAWOWA NR 45 IM. BOHATERÓW WESTERPLATTE W GDAŃSKU,gdansk/szkola-podstawowa/szkola-podstawowa-nr-45-im-bohaterow-westerplatte-w-gdansku-10166,Gdańsk,POMORSKIE,62.46,101,565,True
2019,overall,64,019c23e5-2a6a-73ce-975e-592aeded4b87,SZKOŁA PODSTAWOWA AKADEMII DOBREJ EDUKACJI IM. MACIEJA PŁAŻYŃSKIEGO,gdansk/szkola-podstawowa/szkola-podstawowa-akademii-dobrej-edukacji-im-macieja-plazynskiego-126944,Gdańsk,POMORSKIE,62.42,102,565,False
2019,overall,65,019c23d8-d727-7bf3-b3fe-24b3ada1fc95,ZESPÓŁ SZKOLNO-PRZEDSZKOLNY NR 8 SZKOŁA PODSTAWOWA NR 8 W GDAŃSKU IM. PRZYJACIÓŁ ZIEMI,gdansk/szkola-podstawowa/zespol-szkolno-przedszkolny-nr-8-szkola-podstawowa-nr-8-w-gdansku-im-przyjaciol-ziemi-8060,Gdańsk,POMORSKIE,61.74,105,565,True
2019,overall,66,019c23d9-0ec4-7c18-aff6-30bef43c1c8a,SZKOŁA PODSTAWOWA NR 39 IM. WOJSKA POLSKIEGO W GDAŃSKU,gdansk/szkola-podstawowa/szkola-podstawowa-nr-39-im-wojska-polskiego-w-gdansku-9587,Gdańsk,POMORSKIE,61.63,107,565,True
2019,overall,67,019c23d8-a52a-7a3a-8268-ef536be69d0e,SZKOŁA PODSTAWOWA NR 12,gdynia/szkola-podstawowa/szkola-podstawowa-nr-12-6850,Gdynia,POMORSKIE,61.3,111,565,True
2019,overall,68,019c23da-6f03-7a2c-aca0-ea29a1b765a7,ZESPÓŁ SZKÓŁ SPORTOWYCH I MISTRZOSTWA SPORTOWEGO IM. JANUSZA KUSOCIŃSKIEGO SPORTOWA SZKOŁA PODSTAWOWA NR 75 Z ODDZIAŁAMI MISTRZOSTWA SPORTOWEGO IM. JANUSZA KUSOCIŃSKIEGO W GDAŃSKU,gdansk/szkola-podstawowa/zespol-szkol-sportowych-i-mistrzostwa-sportowego-im-janusza-kusocinskiego-sportowa-szkola-podstawowa-nr-75-z-oddzialami-mistrzostwa-sportowego-im-janusza-kusocinskiego-w-gdansku-18269,Gdańsk,POMORSKIE,61.18,112,565,True
2019,overall,69,019c23e6-051e-7701-88cc-d1057025f38f,MORSKA SZKOŁA PODSTAWOWA IM. ALEKSANDRA DOBY W GDAŃSKU,gdansk/szkola-podstawowa/morska-szkola-podstawowa-im-aleksandra-doby-w-gdansku-131786,Gdańsk,POMORSKIE,61.1,113,565,True
2019,overall,70,019c23d9-0619-720a-93a6-8edb2759c6b2,SZKOŁA PODSTAWOWA NR 14 IM. KS. GRZEGORZA PIRAMOWICZA W GDAŃSKU,gdansk/szkola-podstawowa/szkola-podstawowa-nr-14-im-ks-grzegorza-piramowicza-w-gdansku-9378,Gdańsk,POMORSKIE,61.01,114,565,True
2019,overall,71,019c23d9-eba2-7f0f-b37d-bc2daa935d0b,ZESPÓŁ SZKÓŁ OGÓLNOKSZTAŁCĄCYCH NR 8 W GDAŃSKU - SZKOŁA PODSTAWOWA NR 5 IM. JANA PAWŁA II,gdansk/szkola-podstawowa/zespol-szkol-ogolnoksztalcacych-nr-8-w-gdansku-szkola-podstawowa-nr-5-im-jana-pawla-ii-15126,Gdańsk,POMORSKIE,60.51,121,565,True
2019,overall,72,019c23a3-75e9-7347-bd1d-1b2cbe30a2e8,SZKOŁA PODSTAWOWA NR 37 IM. OBROŃCÓW KĘPY OKSYWSKIEJ,gdynia/szkola-podstawowa/szkola-podstawowa-nr-37-im-obroncow-kepy-oksywskiej-4482,Gdynia,POMORSKIE,60.36,122,565,True
2019,overall,73,019c23da-ce21-7983-91bc-81d75501e8ec,SZKOŁA PODSTAWOWA NR 84 IM. JANA BRZECHWY W GDAŃSKU,gdansk/szkola-podstawowa/szkola-podstawowa-nr-84-im-jana-brzechwy-w-gdansku-20599,Gdańsk,POMORSKIE,60.08,123,565,True
2019,overall,74,019c23e6-684b-7419-81fe-0a53b548460f,SZKOŁA PODSTAWOWA NR 43 IM. JANA KOCHANOWSKIEGO W GDAŃSKU,gdansk/szkola-podstawowa/szkola-podstawowa-nr-43-im-jana-kochanowskiego-w-gdansku-262207,Gdańsk,POMORSKIE,60.07,124,565,True
2019,overall,75,019c23d8-e470-7b69-baa6-781b51f124ca,SZKOŁA PODSTAWOWA NR 12 IM. PRZYJACIÓŁ GDAŃSKA,gdansk/szkola-podstawowa/szkola-podstawowa-nr-12-im-przyjaciol-gdanska-8438,Gdańsk,POMORSKIE,59.89,129,565,True
2019,overall,76,019c23dd-35b0-701e-8d37-e6dba044228e,SZKOŁA PODSTAWOWA NR 40 IM. KPT. Ż. W. K. O. BORCHARDTA W GDYNI,gdynia/szkola-podstawowa/szkola-podstawowa-nr-40-im-kpt-z-w-k-o-borchardta-w-gdyni-42897,Gdynia,POMORSKIE,59.17,137,565,True
2019,overall,77,019c23c2-5021-765c-a5a1-10c9aa4aff6d,SZKOŁA PODSTAWOWA NR 29 IM. JERZEGO PUCKA W GDAŃSKU,gdansk/szkola-podstawowa/szkola-podstawowa-nr-29-im-jerzego-pucka-w-gdansku-5981,Gdańsk,POMORSKIE,59.02,139,565,True
2019,overall,78,019c23d8-a94f-7be1-9898-adc01a806e7d,SZKOŁA PODSTAWOWA NR 11 IM. BOHATERÓW ZAŁOGI ORP GROM,gdynia/szkola-podstawowa/szkola-podstawowa-nr-11-im-bohaterow-zalogi-orp-grom-6970,Gdynia,POMORSKIE,58.74,142,565,True
2019,overall,79,019c23d9-4902-7358-8dc6-56f76bc75175,SZKOŁA PODSTAWOWA NR 46 W GDAŃSKU,gdansk/szkola-podstawowa/szkola-podstawowa-nr-46-w-gdansku-11134,Gdańsk,POMORSKIE,58.7,143,565,True
2019,overall,80,019c23d8-fd9e-761e-b612-0e8e151bc223,ZESPÓŁ SZKOLNO-PRZEDSZKOLNY NR 2 -SZKOŁA PODSTAWOWA NR 42 IM. IGNACEGO JANA PADEREWSKIEGO W GDAŃSKU,gdansk/szkola-podstawowa/zespol-szkolno-przedszkolny-nr-2-szkola-podstawowa-nr-42-im-ignacego-jana-paderewskiego-w-gdansku-9082,Gdańsk,POMORSKIE,58.51,147,565,True
2019,overall,81,019c23d9-345c-7ea2-b61b-48027c766a69,SZKOŁA PODSTAWOWA NR 35 Z ODDZIAŁAMI SPORTOWYMI IM. JANA PARANDOWSKIEGO W GDAŃSKU,gdansk/szkola-podstawowa/szkola-podstawowa-nr-35-z-oddzialami-sportowymi-im-jana-parandowskiego-w-gdansku-10561,Gdańsk,POMORSKIE,58.24,148,565,True
2019,overall,82,019c23d9-0ead-7630-9204-e6b92d9fecdb,SZKOŁA PODSTAWOWA NR 15 IM. DR URSZULI MROCZKIEWICZ W GDAŃSKU,gdansk/szkola-podstawowa/szkola-podstawowa-nr-15-im-dr-urszuli-mroczkiewicz-w-gdansku-9540,Gdańsk,POMORSKIE,57.82,154,565,True
2019,overall,83,019c23da-5197-7e67-b2b5-1afa97f67aed,ZESPÓŁ SZKOLNO - PRZEDSZKOLNY NR 1 W GDAŃSKU - SZKOŁA PODSTAWOWA NR 76 IM. JAROSŁAWA DĄBROWSKIEGO,gdansk/szkola-podstawowa/zespol-szkolno-przedszkolny-nr-1-w-gdansku-szkola-podstawowa-nr-76-im-jaroslawa-dabrowskiego-17523,Gdańsk,POMORSKIE,57.31,161,565,True
2019,overall,84,019c23a3-70e8-7c0e-af43-3222d4fabbed,SZKOŁA PODSTAWOWA NR 21 IM. LUDZI MORZA I MARZEŃ W GDYNI,gdynia/szkola-podstawowa/szkola-podstawowa-nr-21-im-ludzi-morza-i-marzen-w-gdyni-4342,Gdynia,POMORSKIE,57.31,161,565,True
2019,overall,85,019c23a3-6c42-73aa-8216-7415b651b210,SZKOŁA PODSTAWOWA NR 6 IM. ANTONIEGO ABRAHAMA,gdynia/szkola-podstawowa/szkola-podstawowa-nr-6-im-antoniego-abrahama-4254,Gdynia,POMORSKIE,56.88,167,565,True
2019,overall,86,019c23d9-389c-7d45-a285-0c4572f7f969,SZKOŁA PODSTAWOWA NR 24 IM. GUSTAWA MORCINKA W GDAŃSKU,gdansk/szkola-podstawowa/szkola-podstawowa-nr-24-im-gustawa-morcinka-w-gdansku-10634,Gdańsk,POMORSKIE,56.48,172,565,True
2019,overall,87,019c23d9-40b0-79b5-9655-7cab9095c18f,SZKOŁA PODSTAWOWA NR 20 W GDAŃSKU IM. KMDR PPOR. JANA GRUDZIŃSKIEGO,gdansk/szkola-podstawowa/szkola-podstawowa-nr-20-w-gdansku-im-kmdr-ppor-jana-grudzinskiego-10842,Gdańsk,POMORSKIE,56.16,176,565,True
2019,overall,88,019c23da-4cf4-7a92-9517-c95e57d65bf2,ZESPÓŁ SZKÓŁ OGÓLNOKSZTAŁCĄCYCH NR 10 IM. EUGENIUSZA KWIATKOWSKIEGO W GDAŃSKU - SZKOŁA PODSTAWOWA NR 18,gdansk/szkola-podstawowa/zespol-szkol-ogolnoksztalcacych-nr-10-im-eugeniusza-kwiatkowskiego-w-gdansku-szkola-podstawowa-nr-18-17430,Gdańsk,POMORSKIE,56.07,178,565,True
2019,overall,89,019c23da-2801-7317-a118-0261767bd083,ZESPÓŁ SZKOLNO-PRZEDSZKOLNY NR 11- SZKOŁA PODSTAWOWA NR 61 IM. JÓZEFA WYBICKIEGO W GDAŃSKU,gdansk/szkola-podstawowa/zespol-szkolno-przedszkolny-nr-11-szkola-podstawowa-nr-61-im-jozefa-wybickiego-w-gdansku-16564,Gdańsk,POMORSKIE,55.97,180,565,True
2019,overall,90,019c23e6-8234-7079-9edf-7a0a14cbe30e,NIEPUBLICZNA SZKOŁA PODSTAWOWA MISTRZOSTWA SPORTOWEGO GDAŃSKIEGO KLUBU SPORTOWEGO GEDANIA 1922,gdansk/szkola-podstawowa/niepubliczna-szkola-podstawowa-mistrzostwa-sportowego-gdanskiego-klubu-sportowego-gedania-1922-262911,Gdańsk,POMORSKIE,55.01,198,565,False
2019,overall,91,019c23d9-e794-7627-b7b8-61c1032c9f2c,SZKOŁA PODSTAWOWA NR 52 IM. TADEUSZA KOŚCIUSZKI W GDAŃSKU,gdansk/szkola-podstawowa/szkola-podstawowa-nr-52-im-tadeusza-kosciuszki-w-gdansku-15022,Gdańsk,POMORSKIE,54.97,199,565,True
2019,overall,92,019c23d8-c2ba-7bcd-8948-9b3fcebc65ac,SZKOŁA PODSTAWOWA NR 44 IM. OBROŃCÓW WYBRZEŻA,gdynia/szkola-podstawowa/szkola-podstawowa-nr-44-im-obroncow-wybrzeza-7580,Gdynia,POMORSKIE,54.93,200,565,True
2019,overall,93,019c23da-16a7-7bae-bd8f-f15b4d7b4094,SZKOŁA PODSTAWOWA NR 58 IM. KAZIMIERZA SOŁTYSIKA W GDAŃSKU,gdansk/szkola-podstawowa/szkola-podstawowa-nr-58-im-kazimierza-soltysika-w-gdansku-16171,Gdańsk,POMORSKIE,53.95,209,565,True
2019,overall,94,019c23d9-12c5-7174-806b-5519c4e30380,SZKOŁA PODSTAWOWA NR 56 IM. ANDRZEJA STRUGA W GDAŃSKU,gdansk/szkola-podstawowa/szkola-podstawowa-nr-56-im-andrzeja-struga-w-gdansku-9704,Gdańsk,POMORSKIE,53.72,219,565,True
2019,overall,95,019c23dc-d54f-79dc-8565-c0afa55f1254,ZESPÓŁ SZKOLNO-PRZEDSZKOLNY NR 9 - SZKOŁA PODSTAWOWA NR 7 IM.MJRA MIECZYSŁAWA SŁABEGO,gdansk/szkola-podstawowa/zespol-szkolno-przedszkolny-nr-9-szkola-podstawowa-nr-7-im-mjra-mieczyslawa-slabego-39056,Gdańsk,POMORSKIE,53.53,221,565,True
2019,overall,96,019c23d9-4d0e-782d-8261-01f1fb99f1ce,SZKOŁA PODSTAWOWA NR 49 IM. KS. BRONISŁAWA KOMOROWSKIEGO W GDAŃSKU,gdansk/szkola-podstawowa/szkola-podstawowa-nr-49-im-ks-bronislawa-komorowskiego-w-gdansku-11179,Gdańsk,POMORSKIE,53.51,222,565,True
2019,overall,97,019c23a3-6c25-78e2-83db-aa6e190a852b,SZKOŁA PODSTAWOWA NR 39 IM. KPT Ż. W. KAZIMIERZA JURKIEWICZA,gdynia/szkola-podstawowa/szkola-podstawowa-nr-39-im-kpt-z-w-kazimierza-jurkiewicza-4221,Gdynia,POMORSKIE,52.93,234,565,True
2019,overall,98,019c23d9-f4a4-71d1-8578-220dc18ef7eb,SZKOŁA PODSTAWOWA NR 60 W GDAŃSKU,gdansk/szkola-podstawowa/szkola-podstawowa-nr-60-w-gdansku-15253,Gdańsk,POMORSKIE,52.45,242,565,True
2019,overall,99,019c23dc-1811-7223-957c-286dc340975f,ZESPÓŁ KSZTAŁCENIA PODSTAWOWEGO I PRZEDSZKOLNEGO NR 1 W GDAŃSKU - SZKOŁA PODSTAWOWA NR 87,gdansk/szkola-podstawowa/zespol-ksztalcenia-podstawowego-i-przedszkolnego-nr-1-w-gdansku-szkola-podstawowa-nr-87-29329,Gdańsk,POMORSKIE,52.44,243,565,True
2019,overall,100,019c23da-47f8-70d9-9ef8-b86e471b170f,ZESPÓŁ SZKOLNO-PRZEDSZKOLNY NR 4 SZKOŁA PODSTAWOWA NR 11 IM. NA BURSZTYNOWYM SZLAKU W GDAŃSKU,gdansk/szkola-podstawowa/zespol-szkolno-przedszkolny-nr-4-szkola-podstawowa-nr-11-im-na-bursztynowym-szlaku-w-gdansku-17319,Gdańsk,POMORSKIE,52.43,244,565,True
2019,overall,101,019c23da-2000-7339-9fe0-e64502f79156,SZKOŁA PODSTAWOWA NR 88 IM. DANIELA GABRIELA FAHRENHEITA W GDAŃSKU,gdansk/szkola-podstawowa/szkola-podstawowa-nr-88-im-daniela-gabriela-fahrenheita-w-gdansku-16374,Gdańsk,POMORSKIE,52.3,245,565,True
2019,overall,102,019c23da-282c-7c40-8042-3e6d22bcad3e,SZKOŁA PODSTAWOWA NR 62 W GDAŃSKU,gdansk/szkola-podstawowa/szkola-podstawowa-nr-62-w-gdansku-16641,Gdańsk,POMORSKIE,51.18,265,565,True
2019,overall,103,019c23e6-3628-785b-a4dc-cc72df55f50b,ZESPÓŁ SZKÓŁ OGÓLNOKSZTAŁCĄCYCH NR 6 SZKOŁA PODSTAWOWA MISTRZOSTWA SPORTOWEGO NR 94 IM. HANZY W GDAŃSKU,gdansk/szkola-podstawowa/zespol-szkol-ogolnoksztalcacych-nr-6-szkola-podstawowa-mistrzostwa-sportowego-nr-94-im-hanzy-w-gdansku-133139,Gdańsk,POMORSKIE,51.13,269,565,True
2019,overall,104,019c23e0-d61a-7512-8943-90c776299544,GDAŃSKA SZKOŁA PODSTAWOWA,gdansk/szkola-podstawowa/gdanska-szkola-podstawowa-81749,Gdańsk,POMORSKIE,51.11,270,565,False
2019,overall,105,019c23d8-fd9d-744e-9f82-5950635e30d5,SZKOŁA PODSTAWOWA NR 40 IM. KPT. LEONIDA TELIGI W GDAŃSKU,gdansk/szkola-podstawowa/szkola-podstawowa-nr-40-im-kpt-leonida-teligi-w-gdansku-9081,Gdańsk,POMORSKIE,50.03,294,565,True
2019,overall,106,019c23e6-684c-7a8a-9df3-39367fc0f6da,SZKOŁA PODSTAWOWA NR 67 IM. KAPITANA ŻEGLUGI WIELKIEJ TADEUSZA ZIÓŁKOWSKIEGO,gdansk/szkola-podstawowa/szkola-podstawowa-nr-67-im-kapitana-zeglugi-wielkiej-tadeusza-ziolkowskiego-262208,Gdańsk,POMORSKIE,49.82,301,565,True
2019,overall,107,019c23d8-b206-7f8a-bf08-fb2a039dbb74,SZKOŁA PODSTAWOWA NR 31 IM. SYNÓW PUŁKU,gdynia/szkola-podstawowa/szkola-podstawowa-nr-31-im-synow-pulku-7112,Gdynia,POMORSKIE,49.37,315,565,True
2019,overall,108,019c23a3-6c51-7e63-8e84-358314c7f2f7,SZKOŁA PODSTAWOWA NR 23,gdynia/szkola-podstawowa/szkola-podstawowa-nr-23-4277,Gdynia,POMORSKIE,48.4,339,565,True
2019,overall,109,019c23d9-f91c-7724-b746-258e3d238951,SZKOŁA PODSTAWOWA NR 57 IM. GEN. WŁADYSŁAWA ANDERSA W GDAŃSKU,gdansk/szkola-podstawowa/szkola-podstawowa-nr-57-im-gen-wladyslawa-andersa-w-gdansku-15431,Gdańsk,POMORSKIE,48.1,345,565,True
2019,overall,110,019c23da-431f-7c71-94e8-8342096d9b44,SZKOŁA PODSTAWOWA NR 4 IM. KRÓLA KAZIMIERZA JAGIELLOŃCZYKA W GDAŃSKU,gdansk/szkola-podstawowa/szkola-podstawowa-nr-4-im-krola-kazimierza-jagiellonczyka-w-gdansku-17192,Gdańsk,POMORSKIE,48.07,347,565,True
2019,overall,111,019c23a3-6c55-7725-83c1-8f8655b3fd79,SZKOŁA PODSTAWOWA NR 35 IM. KPT. STANISŁAWA KOSKO,gdynia/szkola-podstawowa/szkola-podstawowa-nr-35-im-kpt-stanislawa-kosko-4284,Gdynia,POMORSKIE,47.36,369,565,True
2019,overall,112,019c23d9-2b49-7cd5-adb2-cca317fb715b,SZKOŁA PODSTAWOWA NR 16 IM. WŁADYSŁAWA BRONIEWSKIEGO W GDAŃSKU,gdansk/szkola-podstawowa/szkola-podstawowa-nr-16-im-wladyslawa-broniewskiego-w-gdansku-10294,Gdańsk,POMORSKIE,46.17,394,565,True
2019,overall,113,019c23da-ae03-724a-85aa-1dc846c7c42b,SZKOŁA PODSTAWOWA NR 65 IM. ALFA LICZMAŃSKIEGO W GDAŃSKU,gdansk/szkola-podstawowa/szkola-podstawowa-nr-65-im-alfa-liczmanskiego-w-gdansku-19820,Gdańsk,POMORSKIE,45.29,409,565,True
2019,overall,114,019c23a3-70f8-75de-8860-8173575c4202,SZKOŁA PODSTAWOWA NR 33 IM. OBROŃCÓW KĘPY OKSYWSKIEJ,gdynia/szkola-podstawowa/szkola-podstawowa-nr-33-im-obroncow-kepy-oksywskiej-4369,Gdynia,POMORSKIE,45,417,565,True
2019,overall,115,019c23dc-b40a-798a-ba95-5692bb2959f6,SZKOŁA PODSTAWOWA NR 43 IM. WICEADMIRAŁA KAZIMIERZA PORĘBSKIEGO,gdynia/szkola-podstawowa/szkola-podstawowa-nr-43-im-wiceadmirala-kazimierza-porebskiego-35190,Gdynia,POMORSKIE,44.53,428,565,True
2019,overall,116,019c23da-0a47-79b7-8d48-cb89702169f5,SZKOŁA PODSTAWOWA NR 59 IM. I DYWIZJI PANCERNEJ GEN. STANISŁAWA MACZKA W GDAŃSKU,gdansk/szkola-podstawowa/szkola-podstawowa-nr-59-im-i-dywizji-pancernej-gen-stanislawa-maczka-w-gdansku-15831,Gdańsk,POMORSKIE,42.91,457,565,True
2019,overall,117,019c23a3-6c54-7172-91cf-67b2ea639da9,SZKOŁA PODSTAWOWA NR 29 IM. STEFANA ŻEROMSKIEGO,gdynia/szkola-podstawowa/szkola-podstawowa-nr-29-im-stefana-zeromskiego-4282,Gdynia,POMORSKIE,41.12,493,565,True
2019,overall,118,019c23da-9c15-72ac-ab7f-c6b1a8a99cd9,SZKOŁA PODSTAWOWA NR 83 IM. ŻOŁNIERZY Z WESTERPLATTE W GDAŃSKU,gdansk/szkola-podstawowa/szkola-podstawowa-nr-83-im-zolnierzy-z-westerplatte-w-gdansku-19432,Gdańsk,POMORSKIE,40.57,499,565,True
2019,overall,119,019c23d9-eba1-7f39-bab8-3a23a758f192,ZESPÓŁ SZKOLNO-PRZEDSZKOLNY NR 7 SZKOŁA PODSTAWOWA NR 55 IM. JANA HEWELIUSZA W GDAŃSKU,gdansk/szkola-podstawowa/zespol-szkolno-przedszkolny-nr-7-szkola-podstawowa-nr-55-im-jana-heweliusza-w-gdansku-15122,Gdańsk,POMORSKIE,40.39,501,565,True
2019,overall,120,019c23a3-70b9-7839-89f4-5c8c3b97c69d,SZKOŁA PODSTAWOWA NR 10 IM. EUGENIUSZA KWIATKOWSKIEGO,gdynia/szkola-podstawowa/szkola-podstawowa-nr-10-im-eugeniusza-kwiatkowskiego-4300,Gdynia,POMORSKIE,36.28,539,565,True
2019,overall,121,019c23d9-1ebc-7f7f-8e28-6fd73a5690e0,SZKOŁA PODSTAWOWA NR 21 IM. KPT. Ż. W. OLGIERDA BORCHARDTA W GDAŃSKU,gdansk/szkola-podstawowa/szkola-podstawowa-nr-21-im-kpt-z-w-olgierda-borchardta-w-gdansku-10067,Gdańsk,POMORSKIE,35.44,541,565,True
2019,overall,122,019c23da-4cec-7562-b8d2-47abc21f2b67,SZKOŁA PODSTAWOWA NR 69 IM GENERAŁA STANISŁAWA SOSABOWSKIEGO W GDAŃSKU,gdansk/szkola-podstawowa/szkola-podstawowa-nr-69-im-generala-stanislawa-sosabowskiego-w-gdansku-17410,Gdańsk,POMORSKIE,30.51,551,565,True
2019,overall,123,019c23e6-684c-7a8a-9df3-3936816eaab3,ZESPÓŁ SZKOLNO-PRZEDSZKOLNY NR 3 SZKOŁA PODSTAWOWA NR 72 IM. OBROŃCÓW WESTERPLATTE W GDAŃSKU,gdansk/szkola-podstawowa/zespol-szkolno-przedszkolny-nr-3-szkola-podstawowa-nr-72-im-obroncow-westerplatte-w-gdansku-262209,Gdańsk,POMORSKIE,30.01,552,565,True
2019,overall,124,019c23dc-d556-7fff-be9c-9054842b9126,SZKOŁA PODSTAWOWA SPECJALNA NR 28,gdansk/szkola-podstawowa/szkola-podstawowa-specjalna-nr-28-39066,Gdańsk,POMORSKIE,23,559,565,True
2020,overall,1,019c23e1-7546-7a86-9791-e2c8d2fa541c,III SPOŁECZNA SZKOŁA PODSTAWOWA SPOŁECZNEGO TOWARZYSTWA OŚWIATOWEGO,gdansk/szkola-podstawowa/iii-spoleczna-szkola-podstawowa-spolecznego-towarzystwa-oswiatowego-86458,Gdańsk,POMORSKIE,90.83,1,565,False
2020,overall,2,019c23e1-616e-74f1-adca-e1dedbc7bfcc,GDAŃSKIE SZKOŁY AUTONOMICZNE GDAŃSKA AUTONOMICZNA SZKOŁA PODSTAWOWA,gdansk/szkola-podstawowa/gdanskie-szkoly-autonomiczne-gdanska-autonomiczna-szkola-podstawowa-85999,Gdańsk,POMORSKIE,89.95,2,565,False
2020,overall,3,019c23e2-10a9-7973-9adf-79949fc7bf33,AMERYKAŃSKA SZKOŁA PODSTAWOWA Z WYKŁADOWYM JĘZYKIEM ANGIELSKIM,gdynia/szkola-podstawowa/amerykanska-szkola-podstawowa-z-wykladowym-jezykiem-angielskim-90298,Gdynia,POMORSKIE,87.45,3,565,False
2020,overall,4,019c23e1-6b8c-747d-b86a-71d4163a5729,II SPOŁECZNA SZKOŁA PODSTAWOWA SPOŁECZNEGO TOWARZYSTWA OŚWIATOWEGO,gdansk/szkola-podstawowa/ii-spoleczna-szkola-podstawowa-spolecznego-towarzystwa-oswiatowego-86125,Gdańsk,POMORSKIE,85.83,4,565,False
2020,overall,5,019c23dd-3a9e-7e6f-80ef-4d360046bc2a,"PODSTAWOWA SZKOŁA SPOŁECZNA ""NIEDŹWIEDNIK""",gdansk/szkola-podstawowa/podstawowa-szkola-spoleczna-niedzwiednik-43412,Gdańsk,POMORSKIE,85.71,5,565,False
2020,overall,6,019c23df-42af-7f75-a61d-e7cab4b0088e,"NIEPUBLICZNA SZKOŁA PODSTAWOWA ""SOKRATES""",gdansk/szkola-podstawowa/niepubliczna-szkola-podstawowa-sokrates-66309,Gdańsk,POMORSKIE,83.18,7,565,False
2020,overall,7,019c23e1-6bad-7a57-91d1-e87f5608fb63,I SPOŁECZNA SZKOŁA PODSTAWOWA SPOŁECZNEGO TOWARZYSTWA OŚWIATOWEGO,gdansk/szkola-podstawowa/i-spoleczna-szkola-podstawowa-spolecznego-towarzystwa-oswiatowego-86148,Gdańsk,POMORSKIE,82.82,8,565,False
2020,overall,8,019c23e0-a250-77d3-9f40-51c0eb31bc45,NOWY ŚWIAT NIEPUBLICZNA SZKOŁA PODSTAWOWA,gdansk/szkola-podstawowa/nowy-swiat-niepubliczna-szkola-podstawowa-80448,Gdańsk,POMORSKIE,81.98,9,565,False
2020,overall,9,019c23e6-8743-7bcc-93e1-e404525427ad,KATOLICKA SZKOŁA PODSTAWOWA IM. ŚW. JANA PAWŁA II W GDYNI,gdynia/szkola-podstawowa/katolicka-szkola-podstawowa-im-sw-jana-pawla-ii-w-gdyni-263021,Gdynia,POMORSKIE,81.91,10,565,True
2020,overall,10,019c23c2-5015-788a-b0d6-d50600a116f4,PIERWSZA SZKOŁA SPOŁECZNA PODSTAWOWA IM.DZIECI ZJEDNOCZONEJ EUROPY,gdynia/szkola-podstawowa/pierwsza-szkola-spoleczna-podstawowa-im-dzieci-zjednoczonej-europy-5959,Gdynia,POMORSKIE,80.71,11,565,False
2020,overall,11,019c23e1-702a-7a7b-ac88-3904f32de525,KATOLICKA SZKOŁA PODSTAWOWA IM. ŚW. KAZIMIERZA W GDAŃSKU,gdansk/szkola-podstawowa/katolicka-szkola-podstawowa-im-sw-kazimierza-w-gdansku-86270,Gdańsk,POMORSKIE,80.44,12,565,False
2020,overall,12,019c23e1-7027-749c-bb81-1e9b35e222db,SZKOŁA PODSTAWOWA IM. ŚW. JANA DE LA SALLE,gdansk/szkola-podstawowa/szkola-podstawowa-im-sw-jana-de-la-salle-86264,Gdańsk,POMORSKIE,80.02,13,565,False
2020,overall,13,019c23a3-7a25-7a48-9035-f6ee0586e79e,SZKOŁA PODSTAWOWA NR 18 IM. KORNELA MAKUSZYŃSKIEGO,gdynia/szkola-podstawowa/szkola-podstawowa-nr-18-im-kornela-makuszynskiego-4563,Gdynia,POMORSKIE,79.33,14,565,True
2020,overall,14,019c23df-0382-744f-9214-164cfe6ca861,KATOLICKA SZKOŁA PODSTAWOWA IM ŚW. RODZINY W GDYNI,gdynia/szkola-podstawowa/katolicka-szkola-podstawowa-im-sw-rodziny-w-gdyni-62306,Gdynia,POMORSKIE,78.85,17,565,True
2020,overall,15,019c23df-d124-73b5-88a5-48d994aa5d99,BRITISH INTERNATIONAL SCHOOL GDAŃSK - SZKOLA PODSTAWOWA,gdansk/szkola-podstawowa/british-international-school-gdansk-szkola-podstawowa-71958,Gdańsk,POMORSKIE,77.31,20,565,False
2020,overall,16,019c23dd-003a-7b91-bef7-d4aa330ccd8f,PODSTAWOWA SZKOŁA GEDANENSIS,gdansk/szkola-podstawowa/podstawowa-szkola-gedanensis-41069,Gdańsk,POMORSKIE,77.19,21,565,False
2020,overall,17,019c23e6-8232-73bf-b6e1-7a35421bad2a,GDAŃSKA SZKOŁA PODSTAWOWA LINGWISTA IM. HYMNU NARODOWEGO,gdansk/szkola-podstawowa/gdanska-szkola-podstawowa-lingwista-im-hymnu-narodowego-262904,Gdańsk,POMORSKIE,76.46,23,565,False
2020,overall,18,019c23a3-638e-77f5-a650-11ec5780f3a1,SZKOŁA PODSTAWOWA NR 20 IM. 2 MORSKIEGO PUŁKU STRZELCÓW,gdynia/szkola-podstawowa/szkola-podstawowa-nr-20-im-2-morskiego-pulku-strzelcow-4053,Gdynia,POMORSKIE,76.35,24,565,True
2020,overall,19,019c23e6-44e2-71ff-9942-036eed85be55,SZKOŁA PODSTAWOWA JEZUITÓW Z ODDZIAŁAMI DWUJĘZYCZNYMI IM. ŚW. STANISŁAWA KOSTKI W GDYNI,gdynia/szkola-podstawowa/szkola-podstawowa-jezuitow-z-oddzialami-dwujezycznymi-im-sw-stanislawa-kostki-w-gdyni-133486,Gdynia,POMORSKIE,76.31,25,565,False
2020,overall,20,019c23df-42b0-741e-a372-78fd58048094,"GDAŃSKA SZKOŁA PODSTAWOWA ""LINGWISTA"" IM. ZJEDNOCZONEJ EUROPY",gdansk/szkola-podstawowa/gdanska-szkola-podstawowa-lingwista-im-zjednoczonej-europy-66313,Gdańsk,POMORSKIE,75.4,26,565,False
2020,overall,21,019c23dc-0ac6-7b9c-beca-c8c521f0c7d0,NIEPUBLICZNA POLSKO-BRYTYJSKA SZKOŁA PODSTAWOWA NR 1,gdansk/szkola-podstawowa/niepubliczna-polsko-brytyjska-szkola-podstawowa-nr-1-28757,Gdańsk,POMORSKIE,74.45,28,565,False
2020,overall,22,019c23dc-4f7e-7b00-893f-76a6c05182cb,"""FREGATA"" SZKOŁA PODSTAWOWA DLA CHŁOPCÓW",gdansk/szkola-podstawowa/fregata-szkola-podstawowa-dla-chlopcow-30613,Gdańsk,POMORSKIE,74.36,29,565,False
2020,overall,23,019c23a3-75b0-7d7e-86dd-3343db3b43a5,SZKOŁA PODSTAWOWA NR 34 Z ODDZIAŁAMI INTEGRACYJNYMI IM. LEONIDA TELIGI,gdynia/szkola-podstawowa/szkola-podstawowa-nr-34-z-oddzialami-integracyjnymi-im-leonida-teligi-4419,Gdynia,POMORSKIE,73.9,32,565,True
2020,overall,24,019c23e4-0df5-72c8-8d0a-f60a60b1d6aa,FREGATA SZKOŁA PODSTAWOWA DLA DZIEWCZĄT,gdansk/szkola-podstawowa/fregata-szkola-podstawowa-dla-dziewczat-119762,Gdańsk,POMORSKIE,73.62,33,565,False
2020,overall,25,019c23e4-353d-7512-9435-8d4aefd8c29a,CHRZEŚCIJAŃSKA SZKOŁA MONTESSORI,gdansk/szkola-podstawowa/chrzescijanska-szkola-montessori-120645,Gdańsk,POMORSKIE,72.53,35,565,False
2020,overall,26,019c23d9-40aa-7f43-9c99-6ba57bfa4d05,"PRYWATNA SZKOŁA PODSTAWOWA ""LIBER""",gdynia/szkola-podstawowa/prywatna-szkola-podstawowa-liber-10829,Gdynia,POMORSKIE,72.43,36,565,False
2020,overall,27,019c23d9-2ff9-7558-b408-a671ea287fd4,SZKOŁA PODSTAWOWA NR 77 W GDAŃSKU,gdansk/szkola-podstawowa/szkola-podstawowa-nr-77-w-gdansku-10388,Gdańsk,POMORSKIE,71.04,37,565,True
2020,overall,28,019c23e6-684d-706a-997d-2aa66781268f,ZESPÓŁ SZKÓŁ OGÓLNOKSZTAŁCĄCYCH NR 2 SZKOŁA PODSTAWOWA NR 33 IM. STEFANA BANACHA W GDAŃSKU,gdansk/szkola-podstawowa/zespol-szkol-ogolnoksztalcacych-nr-2-szkola-podstawowa-nr-33-im-stefana-banacha-w-gdansku-262215,Gdańsk,POMORSKIE,70.86,39,565,True
2020,overall,29,019c23e6-822b-71e3-aeb7-37bd77f77703,NIEPUBLICZNA SZKOŁA PODSTAWOWA THINKING ZONE W GDAŃSKU,gdansk/szkola-podstawowa/niepubliczna-szkola-podstawowa-thinking-zone-w-gdansku-262876,Gdańsk,POMORSKIE,70.65,40,565,False
2020,overall,30,019c23d9-eba1-7f39-bab8-3a23a9c4095f,SZKOŁA PODSTAWOWA NR 1 IM. MARIUSZA ZARUSKIEGO W GDAŃSKU,gdansk/szkola-podstawowa/szkola-podstawowa-nr-1-im-mariusza-zaruskiego-w-gdansku-15124,Gdańsk,POMORSKIE,70.14,42,565,True
2020,overall,31,019c23e6-360d-759c-84e6-ceea1e717cdf,"PUBLICZNA SZKOŁA PODSTAWOWA ""OLIMPIJCZYK"" W GDAŃSKU Z ODDZIAŁAMI SPORTOWYMI",gdansk/szkola-podstawowa/publiczna-szkola-podstawowa-olimpijczyk-w-gdansku-z-oddzialami-sportowymi-133053,Gdańsk,POMORSKIE,69.47,45,565,True
2020,overall,32,019c23e6-684d-706a-997d-2aa666099a4c,ZESPÓŁ SZKÓŁ OGÓLNOKSZTAŁCĄCYCH NR 7 SZKOŁA PODSTAWOWA NR 3 IM. JANA PAWŁA II W GDAŃSKU,gdansk/szkola-podstawowa/zespol-szkol-ogolnoksztalcacych-nr-7-szkola-podstawowa-nr-3-im-jana-pawla-ii-w-gdansku-262214,Gdańsk,POMORSKIE,69.39,46,565,True
2020,overall,33,019c23d8-e47c-7508-876a-98d51336b614,SZKOŁA PODSTAWOWA NR 8 IM. OBROŃCÓW HELU,gdynia/szkola-podstawowa/szkola-podstawowa-nr-8-im-obroncow-helu-8469,Gdynia,POMORSKIE,69.29,47,565,True
2020,overall,34,019c23d9-2b63-75d2-adec-34a0b4117138,SZKOŁA PODSTAWOWA NR 47 IM. KASZUBSKIEJ BRYGADY WOP W GDAŃSKU,gdansk/szkola-podstawowa/szkola-podstawowa-nr-47-im-kaszubskiej-brygady-wop-w-gdansku-10347,Gdańsk,POMORSKIE,68.75,49,565,True
2020,overall,35,019c23a3-7a00-7af2-af5c-a2ea233a5be0,SZKOŁA PODSTAWOWA NR 28 IM. LOTNIKÓW POLSKICH,gdynia/szkola-podstawowa/szkola-podstawowa-nr-28-im-lotnikow-polskich-4529,Gdynia,POMORSKIE,68.46,50,565,True
2020,overall,36,019c23d8-c6bd-799e-9b80-d85cac1026bb,SZKOŁA PODSTAWOWA NR 46,gdynia/szkola-podstawowa/szkola-podstawowa-nr-46-7669,Gdynia,POMORSKIE,68.44,51,565,True
2020,overall,37,019c23d9-5991-7ce9-bb1e-4e647aaddc8a,SZKOŁA PODSTAWOWA NR 48 IM. PROFESORA KAZIMIERZA DEMELA,gdynia/szkola-podstawowa/szkola-podstawowa-nr-48-im-profesora-kazimierza-demela-11470,Gdynia,POMORSKIE,68.35,52,565,True
2020,overall,38,019c23d9-4902-7358-8dc6-56f76bc75175,SZKOŁA PODSTAWOWA NR 46 W GDAŃSKU,gdansk/szkola-podstawowa/szkola-podstawowa-nr-46-w-gdansku-11134,Gdańsk,POMORSKIE,68.05,53,565,True
2020,overall,39,019c23d9-1e9b-77ef-b38a-df73b6885e86,GDAŃSKA SZKOŁA SZERMIERKI - SZKOŁA PODSTAWOWA NR 70 Z ODDZIAŁAMI SPORTOWYMI W GDAŃSKU,gdansk/szkola-podstawowa/gdanska-szkola-szermierki-szkola-podstawowa-nr-70-z-oddzialami-sportowymi-w-gdansku-9987,Gdańsk,POMORSKIE,67.41,55,565,True
2020,overall,40,019c23d8-c6c3-7bb7-8e43-445c8d4a0b6a,SZKOŁA PODSTAWOWA NR 27 IM. DZIECI ZJEDNOCZONEJ EUROPY W GDAŃSKU,gdansk/szkola-podstawowa/szkola-podstawowa-nr-27-im-dzieci-zjednoczonej-europy-w-gdansku-7678,Gdańsk,POMORSKIE,67.02,56,565,True
2020,overall,41,019c23e2-287c-7ccd-8fc1-96afe989471e,GDYŃSKA SZKOŁA SPOŁECZNA,gdynia/szkola-podstawowa/gdynska-szkola-spoleczna-90963,Gdynia,POMORSKIE,66.54,58,565,False
2020,overall,42,019c23d8-cacd-7a17-93b6-39278ecb5275,SZKOŁA PODSTAWOWA NR 47 IM FRANCISZKI CEGIELSKIEJ,gdynia/szkola-podstawowa/szkola-podstawowa-nr-47-im-franciszki-cegielskiej-7747,Gdynia,POMORSKIE,65.9,60,565,True
2020,overall,43,019c23d9-0a68-79f6-a021-c13fdb35a980,SZKOŁA PODSTAWOWA NR 44 IM. ADAMA MICKIEWICZA W GDAŃSKU,gdansk/szkola-podstawowa/szkola-podstawowa-nr-44-im-adama-mickiewicza-w-gdansku-9480,Gdańsk,POMORSKIE,65.62,61,565,True
2020,overall,44,019c23da-1b7c-792c-a0a7-e530093145c9,SZKOŁA PODSTAWOWA NR 19 IM. ZASŁUŻONYCH LUDZI MORZA W GDAŃSKU,gdansk/szkola-podstawowa/szkola-podstawowa-nr-19-im-zasluzonych-ludzi-morza-w-gdansku-16227,Gdańsk,POMORSKIE,65.55,62,565,True
2020,overall,45,019c23e4-b360-786c-ac20-381ed98490bd,POZYTYWNA SZKOŁA PODSTAWOWA IM. ARKADIUSZA ARAMA RYBICKIEGO W GDAŃSKU,gdansk/szkola-podstawowa/pozytywna-szkola-podstawowa-im-arkadiusza-arama-rybickiego-w-gdansku-124084,Gdańsk,POMORSKIE,65.28,64,565,True
2020,overall,46,019c23d8-a94f-7be1-9898-adc01a806e7d,SZKOŁA PODSTAWOWA NR 11 IM. BOHATERÓW ZAŁOGI ORP GROM,gdynia/szkola-podstawowa/szkola-podstawowa-nr-11-im-bohaterow-zalogi-orp-grom-6970,Gdynia,POMORSKIE,65.21,66,565,True
2020,overall,47,019c23da-c063-757a-ada4-fa8901bb4825,SZKOŁA PODSTAWOWA NR 85 IM. ZRZESZENIA KASZUBSKO-POMORSKIEGO W GDAŃSKU,gdansk/szkola-podstawowa/szkola-podstawowa-nr-85-im-zrzeszenia-kaszubsko-pomorskiego-w-gdansku-20267,Gdańsk,POMORSKIE,65.05,67,565,True
2020,overall,48,019c23e6-6335-7afe-bf27-af1cd30a158a,SZKOŁA PODSTAWOWA NR 51 W GDYNI,gdynia/szkola-podstawowa/szkola-podstawowa-nr-51-w-gdyni-196334,Gdynia,POMORSKIE,64.97,68,565,True
2020,overall,49,019c23dc-d559-74be-95fd-718e8de6e0c7,SZKOŁA PODSTAWOWA NR 48 IM. GEN. JÓZEFA HALLERA W GDAŃSKU,gdansk/szkola-podstawowa/szkola-podstawowa-nr-48-im-gen-jozefa-hallera-w-gdansku-39070,Gdańsk,POMORSKIE,64.96,69,565,True
2020,overall,50,019c23d9-389c-7d45-a285-0c4572f7f969,SZKOŁA PODSTAWOWA NR 24 IM. GUSTAWA MORCINKA W GDAŃSKU,gdansk/szkola-podstawowa/szkola-podstawowa-nr-24-im-gustawa-morcinka-w-gdansku-10634,Gdańsk,POMORSKIE,64.68,70,565,True
2020,overall,51,019c23d9-3461-76c2-9659-24047f985f67,SZKOŁA PODSTAWOWA NR 89 IM. TADEUSZA MAZOWIECKIEGO W GDAŃSKU,gdansk/szkola-podstawowa/szkola-podstawowa-nr-89-im-tadeusza-mazowieckiego-w-gdansku-10576,Gdańsk,POMORSKIE,64.34,73,565,True
2020,overall,52,019c23a3-70d7-774d-af73-159690741af8,SZKOŁA PODSTAWOWA NR 16 IM. ORŁA BIAŁEGO,gdynia/szkola-podstawowa/szkola-podstawowa-nr-16-im-orla-bialego-4324,Gdynia,POMORSKIE,64.03,74,565,True
2020,overall,53,019c23da-df6d-70fb-a550-320356e362db,SZKOŁA PODSTAWOWA NR 81 W GDAŃSKU IM. PROF. MICHAŁA SIEDLECKIEGO,gdansk/szkola-podstawowa/szkola-podstawowa-nr-81-w-gdansku-im-prof-michala-siedleckiego-21025,Gdańsk,POMORSKIE,63.77,76,565,True
2020,overall,54,019c23d8-ecbd-7091-915f-8b6001e8b49b,ZESPÓŁ SZKOLNO-PRZEDSZKOLNY NR 10 - SZKOŁA PODSTAWOWA NR 80 IM. BUDOWNICZYCH PORTU PÓŁNOCNEGO W GDAŃSKU,gdansk/szkola-podstawowa/zespol-szkolno-przedszkolny-nr-10-szkola-podstawowa-nr-80-im-budowniczych-portu-polnocnego-w-gdansku-8641,Gdańsk,POMORSKIE,63.67,77,565,True
2020,overall,55,019c23d9-22dc-76f3-9e2a-664f7586c774,SZKOŁA PODSTAWOWA NR 45 IM. BOHATERÓW WESTERPLATTE W GDAŃSKU,gdansk/szkola-podstawowa/szkola-podstawowa-nr-45-im-bohaterow-westerplatte-w-gdansku-10166,Gdańsk,POMORSKIE,63.38,79,565,True
2020,overall,56,019c23da-ce21-7983-91bc-81d75501e8ec,SZKOŁA PODSTAWOWA NR 84 IM. JANA BRZECHWY W GDAŃSKU,gdansk/szkola-podstawowa/szkola-podstawowa-nr-84-im-jana-brzechwy-w-gdansku-20599,Gdańsk,POMORSKIE,63.36,80,565,True
2020,overall,57,019c23d8-d727-7bf3-b3fe-24b3ada1fc95,ZESPÓŁ SZKOLNO-PRZEDSZKOLNY NR 8 SZKOŁA PODSTAWOWA NR 8 W GDAŃSKU IM. PRZYJACIÓŁ ZIEMI,gdansk/szkola-podstawowa/zespol-szkolno-przedszkolny-nr-8-szkola-podstawowa-nr-8-w-gdansku-im-przyjaciol-ziemi-8060,Gdańsk,POMORSKIE,63.29,82,565,True
2020,overall,58,019c23da-4809-7922-8ead-161d0e3c157b,ZESPÓŁ SZKOLNO-PRZEDSZKOLNY NR 5 SZKOŁA PODSTAWOWA NR 92 IM. KARD. STEFANA WYSZYŃSKIEGO PRYMASA TYSIĄCLECIA W GDAŃSKU,gdansk/szkola-podstawowa/zespol-szkolno-przedszkolny-nr-5-szkola-podstawowa-nr-92-im-kard-stefana-wyszynskiego-prymasa-tysiaclecia-w-gdansku-17348,Gdańsk,POMORSKIE,62.71,83,565,True
2020,overall,59,019c23a3-70e8-7c0e-af43-3222d4fabbed,SZKOŁA PODSTAWOWA NR 21 IM. LUDZI MORZA I MARZEŃ W GDYNI,gdynia/szkola-podstawowa/szkola-podstawowa-nr-21-im-ludzi-morza-i-marzen-w-gdyni-4342,Gdynia,POMORSKIE,62.64,84,565,True
2020,overall,60,019c23da-3e61-71e4-b691-c712f00f4e4e,SZKOŁA PODSTAWOWA NR 38 IM. GEN. STANISŁAWA MACZKA W GDAŃSKU,gdansk/szkola-podstawowa/szkola-podstawowa-nr-38-im-gen-stanislawa-maczka-w-gdansku-17066,Gdańsk,POMORSKIE,62.52,85,565,True
2020,overall,61,019c23d9-da46-7c1b-9c39-986de2e79ab4,SZKOŁA PODSTAWOWA NR 50 IM. E.PLATER W GDAŃSKU,gdansk/szkola-podstawowa/szkola-podstawowa-nr-50-im-e-plater-w-gdansku-14699,Gdańsk,POMORSKIE,62.34,87,565,True
2020,overall,62,019c23d9-0ead-7630-9204-e6b92d9fecdb,SZKOŁA PODSTAWOWA NR 15 IM. DR URSZULI MROCZKIEWICZ W GDAŃSKU,gdansk/szkola-podstawowa/szkola-podstawowa-nr-15-im-dr-urszuli-mroczkiewicz-w-gdansku-9540,Gdańsk,POMORSKIE,62.01,89,565,True
2020,overall,63,019c23d8-c2ba-7bcd-8948-9b3fcebc65ac,SZKOŁA PODSTAWOWA NR 44 IM. OBROŃCÓW WYBRZEŻA,gdynia/szkola-podstawowa/szkola-podstawowa-nr-44-im-obroncow-wybrzeza-7580,Gdynia,POMORSKIE,61.9,91,565,True
2020,overall,64,019c23c2-3f92-75cb-905d-13b1f3eabd7d,SZKOŁA PODSTAWOWA NR 13 IM. LUCJANA CYLKOWSKIEGO,gdynia/szkola-podstawowa/szkola-podstawowa-nr-13-im-lucjana-cylkowskiego-5534,Gdynia,POMORSKIE,61.63,95,565,True
2020,overall,65,019c23d9-0ec4-7c18-aff6-30bef43c1c8a,SZKOŁA PODSTAWOWA NR 39 IM. WOJSKA POLSKIEGO W GDAŃSKU,gdansk/szkola-podstawowa/szkola-podstawowa-nr-39-im-wojska-polskiego-w-gdansku-9587,Gdańsk,POMORSKIE,61.62,96,565,True
2020,overall,66,019c23d8-a4ff-73a3-b479-b9299e17310f,SZKOŁA PODSTAWOWA NR 42 IM. KRÓLOWEJ JADWIGI,gdynia/szkola-podstawowa/szkola-podstawowa-nr-42-im-krolowej-jadwigi-6783,Gdynia,POMORSKIE,61.42,98,565,True
2020,overall,67,019c23a3-70d2-7755-a470-e426e5a2be3f,SZKOŁA PODSTAWOWA NR 26 IM. ŻOŁNIERZY ARMII KRAJOWEJ,gdynia/szkola-podstawowa/szkola-podstawowa-nr-26-im-zolnierzy-armii-krajowej-4319,Gdynia,POMORSKIE,60.98,101,565,True
2020,overall,68,019c23d9-3446-7a8e-ab24-a3631d3f5f55,SZKOŁA PODSTAWOWA NR 17 IM. HETMANA STEFANA CZARNIECKIEGO W GDAŃSKU,gdansk/szkola-podstawowa/szkola-podstawowa-nr-17-im-hetmana-stefana-czarnieckiego-w-gdansku-10509,Gdańsk,POMORSKIE,60.87,102,565,True
2020,overall,69,019c23d9-553e-73e4-9ace-31fd26aede63,SZKOŁA PODSTAWOWA NR 2 Z ODDZIAŁAMI SPORTOWYMI IM. ARMII KRAJOWEJ W GDAŃSKU,gdansk/szkola-podstawowa/szkola-podstawowa-nr-2-z-oddzialami-sportowymi-im-armii-krajowej-w-gdansku-11368,Gdańsk,POMORSKIE,60.77,105,565,True
2020,overall,70,019c23d8-a52a-7a3a-8268-ef536be69d0e,SZKOŁA PODSTAWOWA NR 12,gdynia/szkola-podstawowa/szkola-podstawowa-nr-12-6850,Gdynia,POMORSKIE,60.76,106,565,True
2020,overall,71,019c23d8-e470-7b69-baa6-781b51f124ca,SZKOŁA PODSTAWOWA NR 12 IM. PRZYJACIÓŁ GDAŃSKA,gdansk/szkola-podstawowa/szkola-podstawowa-nr-12-im-przyjaciol-gdanska-8438,Gdańsk,POMORSKIE,60.56,109,565,True
2020,overall,72,019c23d8-e07d-76cb-9b5e-85b1a751670d,SZKOŁA PODSTAWOWA NR 79 W GDAŃSKU,gdansk/szkola-podstawowa/szkola-podstawowa-nr-79-w-gdansku-8320,Gdańsk,POMORSKIE,60.09,111,565,True
2020,overall,73,019c23a3-75e9-7347-bd1d-1b2cbe30a2e8,SZKOŁA PODSTAWOWA NR 37 IM. OBROŃCÓW KĘPY OKSYWSKIEJ,gdynia/szkola-podstawowa/szkola-podstawowa-nr-37-im-obroncow-kepy-oksywskiej-4482,Gdynia,POMORSKIE,59.77,113,565,True
2020,overall,74,019c23d8-e07a-727a-8b07-778131cb9584,SZKOŁA PODSTAWOWA NR 23 IM.DZIECI ŚWIATA W GDAŃSKU,gdansk/szkola-podstawowa/szkola-podstawowa-nr-23-im-dzieci-swiata-w-gdansku-8315,Gdańsk,POMORSKIE,59.68,114,565,True
2020,overall,75,019c23c2-5021-765c-a5a1-10c9aa4aff6d,SZKOŁA PODSTAWOWA NR 29 IM. JERZEGO PUCKA W GDAŃSKU,gdansk/szkola-podstawowa/szkola-podstawowa-nr-29-im-jerzego-pucka-w-gdansku-5981,Gdańsk,POMORSKIE,59.2,118,565,True
2020,overall,76,019c23d9-eba2-7f0f-b37d-bc2daa935d0b,ZESPÓŁ SZKÓŁ OGÓLNOKSZTAŁCĄCYCH NR 8 W GDAŃSKU - SZKOŁA PODSTAWOWA NR 5 IM. JANA PAWŁA II,gdansk/szkola-podstawowa/zespol-szkol-ogolnoksztalcacych-nr-8-w-gdansku-szkola-podstawowa-nr-5-im-jana-pawla-ii-15126,Gdańsk,POMORSKIE,58.99,120,565,True
2020,overall,77,019c23d9-345c-7ea2-b61b-48027c766a69,SZKOŁA PODSTAWOWA NR 35 Z ODDZIAŁAMI SPORTOWYMI IM. JANA PARANDOWSKIEGO W GDAŃSKU,gdansk/szkola-podstawowa/szkola-podstawowa-nr-35-z-oddzialami-sportowymi-im-jana-parandowskiego-w-gdansku-10561,Gdańsk,POMORSKIE,58.87,121,565,True
2020,overall,78,019c23e6-051e-7701-88cc-d1057025f38f,MORSKA SZKOŁA PODSTAWOWA IM. ALEKSANDRA DOBY W GDAŃSKU,gdansk/szkola-podstawowa/morska-szkola-podstawowa-im-aleksandra-doby-w-gdansku-131786,Gdańsk,POMORSKIE,58.86,122,565,True
2020,overall,79,019c23d9-0619-720a-93a6-8edb2759c6b2,SZKOŁA PODSTAWOWA NR 14 IM. KS. GRZEGORZA PIRAMOWICZA W GDAŃSKU,gdansk/szkola-podstawowa/szkola-podstawowa-nr-14-im-ks-grzegorza-piramowicza-w-gdansku-9378,Gdańsk,POMORSKIE,58.8,123,565,True
2020,overall,80,019c23da-519a-7c2e-8060-0ebab795da65,SZKOŁA PODSTAWOWA NR 86 IM. PROF. JERZEGO SAMPA W GDAŃSKU,gdansk/szkola-podstawowa/szkola-podstawowa-nr-86-im-prof-jerzego-sampa-w-gdansku-17531,Gdańsk,POMORSKIE,58.57,125,565,True
2020,overall,81,019c23d9-e794-7627-b7b8-61c1032c9f2c,SZKOŁA PODSTAWOWA NR 52 IM. TADEUSZA KOŚCIUSZKI W GDAŃSKU,gdansk/szkola-podstawowa/szkola-podstawowa-nr-52-im-tadeusza-kosciuszki-w-gdansku-15022,Gdańsk,POMORSKIE,57.65,134,565,True
2020,overall,82,019c23e6-8234-7079-9edf-7a0a14cbe30e,NIEPUBLICZNA SZKOŁA PODSTAWOWA MISTRZOSTWA SPORTOWEGO GDAŃSKIEGO KLUBU SPORTOWEGO GEDANIA 1922,gdansk/szkola-podstawowa/niepubliczna-szkola-podstawowa-mistrzostwa-sportowego-gdanskiego-klubu-sportowego-gedania-1922-262911,Gdańsk,POMORSKIE,57.64,135,565,False
2020,overall,83,019c23d8-fd9e-761e-b612-0e8e151bc223,ZESPÓŁ SZKOLNO-PRZEDSZKOLNY NR 2 -SZKOŁA PODSTAWOWA NR 42 IM. IGNACEGO JANA PADEREWSKIEGO W GDAŃSKU,gdansk/szkola-podstawowa/zespol-szkolno-przedszkolny-nr-2-szkola-podstawowa-nr-42-im-ignacego-jana-paderewskiego-w-gdansku-9082,Gdańsk,POMORSKIE,57.38,138,565,True
2020,overall,84,019c23da-5197-7e67-b2b5-1afa97f67aed,ZESPÓŁ SZKOLNO - PRZEDSZKOLNY NR 1 W GDAŃSKU - SZKOŁA PODSTAWOWA NR 76 IM. JAROSŁAWA DĄBROWSKIEGO,gdansk/szkola-podstawowa/zespol-szkolno-przedszkolny-nr-1-w-gdansku-szkola-podstawowa-nr-76-im-jaroslawa-dabrowskiego-17523,Gdańsk,POMORSKIE,56.91,145,565,True
2020,overall,85,019c23dc-d54f-79dc-8565-c0afa55f1254,ZESPÓŁ SZKOLNO-PRZEDSZKOLNY NR 9 - SZKOŁA PODSTAWOWA NR 7 IM.MJRA MIECZYSŁAWA SŁABEGO,gdansk/szkola-podstawowa/zespol-szkolno-przedszkolny-nr-9-szkola-podstawowa-nr-7-im-mjra-mieczyslawa-slabego-39056,Gdańsk,POMORSKIE,56.73,146,565,True
2020,overall,86,019c23dd-35b0-701e-8d37-e6dba044228e,SZKOŁA PODSTAWOWA NR 40 IM. KPT. Ż. W. K. O. BORCHARDTA W GDYNI,gdynia/szkola-podstawowa/szkola-podstawowa-nr-40-im-kpt-z-w-k-o-borchardta-w-gdyni-42897,Gdynia,POMORSKIE,56.33,151,565,True
2020,overall,87,019c23a3-70c6-7bb5-a755-019f996cf421,SZKOŁA PODSTAWOWA NR 17 IM. WICEADM. JÓZEFA UNRUGA,gdynia/szkola-podstawowa/szkola-podstawowa-nr-17-im-wiceadm-jozefa-unruga-4307,Gdynia,POMORSKIE,55.86,157,565,True
2020,overall,88,019c23e0-d61a-7512-8943-90c776299544,GDAŃSKA SZKOŁA PODSTAWOWA,gdansk/szkola-podstawowa/gdanska-szkola-podstawowa-81749,Gdańsk,POMORSKIE,55.67,160,565,False
2020,overall,89,019c23a3-6c54-7172-91cf-67b2ea639da9,SZKOŁA PODSTAWOWA NR 29 IM. STEFANA ŻEROMSKIEGO,gdynia/szkola-podstawowa/szkola-podstawowa-nr-29-im-stefana-zeromskiego-4282,Gdynia,POMORSKIE,55.57,161,565,True
2020,overall,90,019c23da-16a7-7bae-bd8f-f15b4d7b4094,SZKOŁA PODSTAWOWA NR 58 IM. KAZIMIERZA SOŁTYSIKA W GDAŃSKU,gdansk/szkola-podstawowa/szkola-podstawowa-nr-58-im-kazimierza-soltysika-w-gdansku-16171,Gdańsk,POMORSKIE,55.5,164,565,True
2020,overall,91,019c23da-e3d0-7afd-9493-64c60b0c3411,SPORTOWA SZKOŁA PODSTAWOWA NR 14 IM. JÓZEFA WYBICKIEGO,gdynia/szkola-podstawowa/sportowa-szkola-podstawowa-nr-14-im-jozefa-wybickiego-21126,Gdynia,POMORSKIE,55.31,166,565,True
2020,overall,92,019c23d9-eba5-7de0-b876-e70dfbffee51,SZKOŁA PODSTAWOWA NR 82 IM. PROF. JANA CZOCHRALSKIEGO W GDAŃSKU,gdansk/szkola-podstawowa/szkola-podstawowa-nr-82-im-prof-jana-czochralskiego-w-gdansku-15135,Gdańsk,POMORSKIE,54.86,169,565,True
2020,overall,93,019c23a3-6c42-73aa-8216-7415b651b210,SZKOŁA PODSTAWOWA NR 6 IM. ANTONIEGO ABRAHAMA,gdynia/szkola-podstawowa/szkola-podstawowa-nr-6-im-antoniego-abrahama-4254,Gdynia,POMORSKIE,53.3,192,565,True
2020,overall,94,019c23dc-1811-7223-957c-286dc340975f,ZESPÓŁ KSZTAŁCENIA PODSTAWOWEGO I PRZEDSZKOLNEGO NR 1 W GDAŃSKU - SZKOŁA PODSTAWOWA NR 87,gdansk/szkola-podstawowa/zespol-ksztalcenia-podstawowego-i-przedszkolnego-nr-1-w-gdansku-szkola-podstawowa-nr-87-29329,Gdańsk,POMORSKIE,53.21,195,565,True
2020,overall,95,019c23a3-70f8-75de-8860-8173575c4202,SZKOŁA PODSTAWOWA NR 33 IM. OBROŃCÓW KĘPY OKSYWSKIEJ,gdynia/szkola-podstawowa/szkola-podstawowa-nr-33-im-obroncow-kepy-oksywskiej-4369,Gdynia,POMORSKIE,53.13,196,565,True
2020,overall,96,019c23e6-684c-7a8a-9df3-39367fc0f6da,SZKOŁA PODSTAWOWA NR 67 IM. KAPITANA ŻEGLUGI WIELKIEJ TADEUSZA ZIÓŁKOWSKIEGO,gdansk/szkola-podstawowa/szkola-podstawowa-nr-67-im-kapitana-zeglugi-wielkiej-tadeusza-ziolkowskiego-262208,Gdańsk,POMORSKIE,53.05,197,565,True
2020,overall,97,019c23da-6f03-7a2c-aca0-ea29a1b765a7,ZESPÓŁ SZKÓŁ SPORTOWYCH I MISTRZOSTWA SPORTOWEGO IM. JANUSZA KUSOCIŃSKIEGO SPORTOWA SZKOŁA PODSTAWOWA NR 75 Z ODDZIAŁAMI MISTRZOSTWA SPORTOWEGO IM. JANUSZA KUSOCIŃSKIEGO W GDAŃSKU,gdansk/szkola-podstawowa/zespol-szkol-sportowych-i-mistrzostwa-sportowego-im-janusza-kusocinskiego-sportowa-szkola-podstawowa-nr-75-z-oddzialami-mistrzostwa-sportowego-im-janusza-kusocinskiego-w-gdansku-18269,Gdańsk,POMORSKIE,52.42,210,565,True
2020,overall,98,019c23a3-6c25-78e2-83db-aa6e190a852b,SZKOŁA PODSTAWOWA NR 39 IM. KPT Ż. W. KAZIMIERZA JURKIEWICZA,gdynia/szkola-podstawowa/szkola-podstawowa-nr-39-im-kpt-z-w-kazimierza-jurkiewicza-4221,Gdynia,POMORSKIE,51.62,230,565,True
2020,overall,99,019c23da-431f-7c71-94e8-8342096d9b44,SZKOŁA PODSTAWOWA NR 4 IM. KRÓLA KAZIMIERZA JAGIELLOŃCZYKA W GDAŃSKU,gdansk/szkola-podstawowa/szkola-podstawowa-nr-4-im-krola-kazimierza-jagiellonczyka-w-gdansku-17192,Gdańsk,POMORSKIE,50.94,245,565,True
2020,overall,100,019c23da-47f8-70d9-9ef8-b86e471b170f,ZESPÓŁ SZKOLNO-PRZEDSZKOLNY NR 4 SZKOŁA PODSTAWOWA NR 11 IM. NA BURSZTYNOWYM SZLAKU W GDAŃSKU,gdansk/szkola-podstawowa/zespol-szkolno-przedszkolny-nr-4-szkola-podstawowa-nr-11-im-na-bursztynowym-szlaku-w-gdansku-17319,Gdańsk,POMORSKIE,50.91,246,565,True
2020,overall,101,019c23da-4cf4-7a92-9517-c95e57d65bf2,ZESPÓŁ SZKÓŁ OGÓLNOKSZTAŁCĄCYCH NR 10 IM. EUGENIUSZA KWIATKOWSKIEGO W GDAŃSKU - SZKOŁA PODSTAWOWA NR 18,gdansk/szkola-podstawowa/zespol-szkol-ogolnoksztalcacych-nr-10-im-eugeniusza-kwiatkowskiego-w-gdansku-szkola-podstawowa-nr-18-17430,Gdańsk,POMORSKIE,50.35,257,565,True
2020,overall,102,019c23d9-40b0-79b5-9655-7cab9095c18f,SZKOŁA PODSTAWOWA NR 20 W GDAŃSKU IM. KMDR PPOR. JANA GRUDZIŃSKIEGO,gdansk/szkola-podstawowa/szkola-podstawowa-nr-20-w-gdansku-im-kmdr-ppor-jana-grudzinskiego-10842,Gdańsk,POMORSKIE,50.26,260,565,True
2020,overall,103,019c23a3-6c51-7e63-8e84-358314c7f2f7,SZKOŁA PODSTAWOWA NR 23,gdynia/szkola-podstawowa/szkola-podstawowa-nr-23-4277,Gdynia,POMORSKIE,49.91,264,565,True
2020,overall,104,019c23d9-f91c-7724-b746-258e3d238951,SZKOŁA PODSTAWOWA NR 57 IM. GEN. WŁADYSŁAWA ANDERSA W GDAŃSKU,gdansk/szkola-podstawowa/szkola-podstawowa-nr-57-im-gen-wladyslawa-andersa-w-gdansku-15431,Gdańsk,POMORSKIE,49.54,273,565,True
2020,overall,105,019c23d8-b206-7f8a-bf08-fb2a039dbb74,SZKOŁA PODSTAWOWA NR 31 IM. SYNÓW PUŁKU,gdynia/szkola-podstawowa/szkola-podstawowa-nr-31-im-synow-pulku-7112,Gdynia,POMORSKIE,48.66,289,565,True
2020,overall,106,019c23e7-2804-7c8c-82a9-e0fdb5ab5be2,ZESPÓŁ SZKOLNO-PRZEDSZKOLNY NR 6 SZKOŁA PODSTAWOWA NR 6 W GDAŃSKU,gdansk/szkola-podstawowa/zespol-szkolno-przedszkolny-nr-6-szkola-podstawowa-nr-6-w-gdansku-270564,Gdańsk,POMORSKIE,48.57,293,565,True
2020,overall,107,019c23a3-70b9-7839-89f4-5c8c3b97c69d,SZKOŁA PODSTAWOWA NR 10 IM. EUGENIUSZA KWIATKOWSKIEGO,gdynia/szkola-podstawowa/szkola-podstawowa-nr-10-im-eugeniusza-kwiatkowskiego-4300,Gdynia,POMORSKIE,47.84,313,565,True
2020,overall,108,019c23a3-6c55-7725-83c1-8f8655b3fd79,SZKOŁA PODSTAWOWA NR 35 IM. KPT. STANISŁAWA KOSKO,gdynia/szkola-podstawowa/szkola-podstawowa-nr-35-im-kpt-stanislawa-kosko-4284,Gdynia,POMORSKIE,47.51,320,565,True
2020,overall,109,019c23d8-fd9d-744e-9f82-5950635e30d5,SZKOŁA PODSTAWOWA NR 40 IM. KPT. LEONIDA TELIGI W GDAŃSKU,gdansk/szkola-podstawowa/szkola-podstawowa-nr-40-im-kpt-leonida-teligi-w-gdansku-9081,Gdańsk,POMORSKIE,47.07,331,565,True
2020,overall,110,019c23da-2801-7317-a118-0261767bd083,ZESPÓŁ SZKOLNO-PRZEDSZKOLNY NR 11- SZKOŁA PODSTAWOWA NR 61 IM. JÓZEFA WYBICKIEGO W GDAŃSKU,gdansk/szkola-podstawowa/zespol-szkolno-przedszkolny-nr-11-szkola-podstawowa-nr-61-im-jozefa-wybickiego-w-gdansku-16564,Gdańsk,POMORSKIE,46.41,342,565,True
2020,overall,111,019c23da-ae03-724a-85aa-1dc846c7c42b,SZKOŁA PODSTAWOWA NR 65 IM. ALFA LICZMAŃSKIEGO W GDAŃSKU,gdansk/szkola-podstawowa/szkola-podstawowa-nr-65-im-alfa-liczmanskiego-w-gdansku-19820,Gdańsk,POMORSKIE,46.19,349,565,True
2020,overall,112,019c23d9-12c5-7174-806b-5519c4e30380,SZKOŁA PODSTAWOWA NR 56 IM. ANDRZEJA STRUGA W GDAŃSKU,gdansk/szkola-podstawowa/szkola-podstawowa-nr-56-im-andrzeja-struga-w-gdansku-9704,Gdańsk,POMORSKIE,45.99,357,565,True
2020,overall,113,019c23dc-b40a-798a-ba95-5692bb2959f6,SZKOŁA PODSTAWOWA NR 43 IM. WICEADMIRAŁA KAZIMIERZA PORĘBSKIEGO,gdynia/szkola-podstawowa/szkola-podstawowa-nr-43-im-wiceadmirala-kazimierza-porebskiego-35190,Gdynia,POMORSKIE,45.4,369,565,True
2020,overall,114,019c23da-2000-7339-9fe0-e64502f79156,SZKOŁA PODSTAWOWA NR 88 IM. DANIELA GABRIELA FAHRENHEITA W GDAŃSKU,gdansk/szkola-podstawowa/szkola-podstawowa-nr-88-im-daniela-gabriela-fahrenheita-w-gdansku-16374,Gdańsk,POMORSKIE,45.2,377,565,True
2020,overall,115,019c23d9-eba1-7f39-bab8-3a23a758f192,ZESPÓŁ SZKOLNO-PRZEDSZKOLNY NR 7 SZKOŁA PODSTAWOWA NR 55 IM. JANA HEWELIUSZA W GDAŃSKU,gdansk/szkola-podstawowa/zespol-szkolno-przedszkolny-nr-7-szkola-podstawowa-nr-55-im-jana-heweliusza-w-gdansku-15122,Gdańsk,POMORSKIE,43.03,420,565,True
2020,overall,116,019c23da-9c15-72ac-ab7f-c6b1a8a99cd9,SZKOŁA PODSTAWOWA NR 83 IM. ŻOŁNIERZY Z WESTERPLATTE W GDAŃSKU,gdansk/szkola-podstawowa/szkola-podstawowa-nr-83-im-zolnierzy-z-westerplatte-w-gdansku-19432,Gdańsk,POMORSKIE,42.88,424,565,True
2020,overall,117,019c23da-0a47-79b7-8d48-cb89702169f5,SZKOŁA PODSTAWOWA NR 59 IM. I DYWIZJI PANCERNEJ GEN. STANISŁAWA MACZKA W GDAŃSKU,gdansk/szkola-podstawowa/szkola-podstawowa-nr-59-im-i-dywizji-pancernej-gen-stanislawa-maczka-w-gdansku-15831,Gdańsk,POMORSKIE,41.82,448,565,True
2020,overall,118,019c23da-4cec-7562-b8d2-47abc21f2b67,SZKOŁA PODSTAWOWA NR 69 IM GENERAŁA STANISŁAWA SOSABOWSKIEGO W GDAŃSKU,gdansk/szkola-podstawowa/szkola-podstawowa-nr-69-im-generala-stanislawa-sosabowskiego-w-gdansku-17410,Gdańsk,POMORSKIE,40.67,471,565,True
2020,overall,119,019c23d9-f4a4-71d1-8578-220dc18ef7eb,SZKOŁA PODSTAWOWA NR 60 W GDAŃSKU,gdansk/szkola-podstawowa/szkola-podstawowa-nr-60-w-gdansku-15253,Gdańsk,POMORSKIE,39.67,485,565,True
2020,overall,120,019c23d9-4d0e-782d-8261-01f1fb99f1ce,SZKOŁA PODSTAWOWA NR 49 IM. KS. BRONISŁAWA KOMOROWSKIEGO W GDAŃSKU,gdansk/szkola-podstawowa/szkola-podstawowa-nr-49-im-ks-bronislawa-komorowskiego-w-gdansku-11179,Gdańsk,POMORSKIE,39.19,493,565,True
2020,overall,121,019c23e6-3628-785b-a4dc-cc72df55f50b,ZESPÓŁ SZKÓŁ OGÓLNOKSZTAŁCĄCYCH NR 6 SZKOŁA PODSTAWOWA MISTRZOSTWA SPORTOWEGO NR 94 IM. HANZY W GDAŃSKU,gdansk/szkola-podstawowa/zespol-szkol-ogolnoksztalcacych-nr-6-szkola-podstawowa-mistrzostwa-sportowego-nr-94-im-hanzy-w-gdansku-133139,Gdańsk,POMORSKIE,36.29,526,565,True
2020,overall,122,019c23d9-2b49-7cd5-adb2-cca317fb715b,SZKOŁA PODSTAWOWA NR 16 IM. WŁADYSŁAWA BRONIEWSKIEGO W GDAŃSKU,gdansk/szkola-podstawowa/szkola-podstawowa-nr-16-im-wladyslawa-broniewskiego-w-gdansku-10294,Gdańsk,POMORSKIE,35.02,537,565,True
2020,overall,123,019c23da-282c-7c40-8042-3e6d22bcad3e,SZKOŁA PODSTAWOWA NR 62 W GDAŃSKU,gdansk/szkola-podstawowa/szkola-podstawowa-nr-62-w-gdansku-16641,Gdańsk,POMORSKIE,34.88,538,565,True
2020,overall,124,019c23d9-1ebc-7f7f-8e28-6fd73a5690e0,SZKOŁA PODSTAWOWA NR 21 IM. KPT. Ż. W. OLGIERDA BORCHARDTA W GDAŃSKU,gdansk/szkola-podstawowa/szkola-podstawowa-nr-21-im-kpt-z-w-olgierda-borchardta-w-gdansku-10067,Gdańsk,POMORSKIE,34.79,539,565,True
2021,overall,1,019c23e1-616e-74f1-adca-e1dedbc7bfcc,GDAŃSKIE SZKOŁY AUTONOMICZNE GDAŃSKA AUTONOMICZNA SZKOŁA PODSTAWOWA,gdansk/szkola-podstawowa/gdanskie-szkoly-autonomiczne-gdanska-autonomiczna-szkola-podstawowa-85999,Gdańsk,POMORSKIE,90.75,1,558,False
2021,overall,2,019c23dd-3a9e-7e6f-80ef-4d360046bc2a,"PODSTAWOWA SZKOŁA SPOŁECZNA ""NIEDŹWIEDNIK""",gdansk/szkola-podstawowa/podstawowa-szkola-spoleczna-niedzwiednik-43412,Gdańsk,POMORSKIE,90.66,2,558,False
2021,overall,3,019c23e2-10a9-7973-9adf-79949fc7bf33,AMERYKAŃSKA SZKOŁA PODSTAWOWA Z WYKŁADOWYM JĘZYKIEM ANGIELSKIM,gdynia/szkola-podstawowa/amerykanska-szkola-podstawowa-z-wykladowym-jezykiem-angielskim-90298,Gdynia,POMORSKIE,88.25,3,558,False
2021,overall,4,019c23e1-7546-7a86-9791-e2c8d2fa541c,III SPOŁECZNA SZKOŁA PODSTAWOWA SPOŁECZNEGO TOWARZYSTWA OŚWIATOWEGO,gdansk/szkola-podstawowa/iii-spoleczna-szkola-podstawowa-spolecznego-towarzystwa-oswiatowego-86458,Gdańsk,POMORSKIE,87.55,4,558,False
2021,overall,5,019c23e1-7027-749c-bb81-1e9b35e222db,SZKOŁA PODSTAWOWA IM. ŚW. JANA DE LA SALLE,gdansk/szkola-podstawowa/szkola-podstawowa-im-sw-jana-de-la-salle-86264,Gdańsk,POMORSKIE,86.62,5,558,False
2021,overall,6,019c23e1-702a-7a7b-ac88-3904f32de525,KATOLICKA SZKOŁA PODSTAWOWA IM. ŚW. KAZIMIERZA W GDAŃSKU,gdansk/szkola-podstawowa/katolicka-szkola-podstawowa-im-sw-kazimierza-w-gdansku-86270,Gdańsk,POMORSKIE,82.44,9,558,False
2021,overall,7,019c23e6-44e2-71ff-9942-036eed85be55,SZKOŁA PODSTAWOWA JEZUITÓW Z ODDZIAŁAMI DWUJĘZYCZNYMI IM. ŚW. STANISŁAWA KOSTKI W GDYNI,gdynia/szkola-podstawowa/szkola-podstawowa-jezuitow-z-oddzialami-dwujezycznymi-im-sw-stanislawa-kostki-w-gdyni-133486,Gdynia,POMORSKIE,82.09,10,558,False
2021,overall,8,019c23e0-a250-77d3-9f40-51c0eb31bc45,NOWY ŚWIAT NIEPUBLICZNA SZKOŁA PODSTAWOWA,gdansk/szkola-podstawowa/nowy-swiat-niepubliczna-szkola-podstawowa-80448,Gdańsk,POMORSKIE,81.92,11,558,False
2021,overall,9,019c23e1-6bad-7a57-91d1-e87f5608fb63,I SPOŁECZNA SZKOŁA PODSTAWOWA SPOŁECZNEGO TOWARZYSTWA OŚWIATOWEGO,gdansk/szkola-podstawowa/i-spoleczna-szkola-podstawowa-spolecznego-towarzystwa-oswiatowego-86148,Gdańsk,POMORSKIE,81.9,12,558,False
2021,overall,10,019c23df-42af-7f75-a61d-e7cab4b0088e,"NIEPUBLICZNA SZKOŁA PODSTAWOWA ""SOKRATES""",gdansk/szkola-podstawowa/niepubliczna-szkola-podstawowa-sokrates-66309,Gdańsk,POMORSKIE,81.56,13,558,False
2021,overall,11,019c23df-0382-744f-9214-164cfe6ca861,KATOLICKA SZKOŁA PODSTAWOWA IM ŚW. RODZINY W GDYNI,gdynia/szkola-podstawowa/katolicka-szkola-podstawowa-im-sw-rodziny-w-gdyni-62306,Gdynia,POMORSKIE,81.21,14,558,True
2021,overall,12,019c23e6-8743-7bcc-93e1-e404525427ad,KATOLICKA SZKOŁA PODSTAWOWA IM. ŚW. JANA PAWŁA II W GDYNI,gdynia/szkola-podstawowa/katolicka-szkola-podstawowa-im-sw-jana-pawla-ii-w-gdyni-263021,Gdynia,POMORSKIE,81.2,15,558,True
2021,overall,13,019c23d9-1e9b-77ef-b38a-df73b6885e86,GDAŃSKA SZKOŁA SZERMIERKI - SZKOŁA PODSTAWOWA NR 70 Z ODDZIAŁAMI SPORTOWYMI W GDAŃSKU,gdansk/szkola-podstawowa/gdanska-szkola-szermierki-szkola-podstawowa-nr-70-z-oddzialami-sportowymi-w-gdansku-9987,Gdańsk,POMORSKIE,81.11,16,558,True
2021,overall,14,019c23a3-638e-77f5-a650-11ec5780f3a1,SZKOŁA PODSTAWOWA NR 20 IM. 2 MORSKIEGO PUŁKU STRZELCÓW,gdynia/szkola-podstawowa/szkola-podstawowa-nr-20-im-2-morskiego-pulku-strzelcow-4053,Gdynia,POMORSKIE,80.71,17,558,True
2021,overall,15,019c23e1-6b8c-747d-b86a-71d4163a5729,II SPOŁECZNA SZKOŁA PODSTAWOWA SPOŁECZNEGO TOWARZYSTWA OŚWIATOWEGO,gdansk/szkola-podstawowa/ii-spoleczna-szkola-podstawowa-spolecznego-towarzystwa-oswiatowego-86125,Gdańsk,POMORSKIE,79.09,22,558,False
2021,overall,16,019c23a3-7a25-7a48-9035-f6ee0586e79e,SZKOŁA PODSTAWOWA NR 18 IM. KORNELA MAKUSZYŃSKIEGO,gdynia/szkola-podstawowa/szkola-podstawowa-nr-18-im-kornela-makuszynskiego-4563,Gdynia,POMORSKIE,78.53,24,558,True
2021,overall,17,019c23d9-40aa-7f43-9c99-6ba57bfa4d05,"PRYWATNA SZKOŁA PODSTAWOWA ""LIBER""",gdynia/szkola-podstawowa/prywatna-szkola-podstawowa-liber-10829,Gdynia,POMORSKIE,76.95,26,558,False
2021,overall,18,019c23e6-8232-73bf-b6e1-7a35421bad2a,GDAŃSKA SZKOŁA PODSTAWOWA LINGWISTA IM. HYMNU NARODOWEGO,gdansk/szkola-podstawowa/gdanska-szkola-podstawowa-lingwista-im-hymnu-narodowego-262904,Gdańsk,POMORSKIE,76.65,27,558,False
2021,overall,19,019c23e6-684d-706a-997d-2aa66781268f,ZESPÓŁ SZKÓŁ OGÓLNOKSZTAŁCĄCYCH NR 2 SZKOŁA PODSTAWOWA NR 33 IM. STEFANA BANACHA W GDAŃSKU,gdansk/szkola-podstawowa/zespol-szkol-ogolnoksztalcacych-nr-2-szkola-podstawowa-nr-33-im-stefana-banacha-w-gdansku-262215,Gdańsk,POMORSKIE,76.19,29,558,True
2021,overall,20,019c23d8-c6c3-7bb7-8e43-445c8d4a0b6a,SZKOŁA PODSTAWOWA NR 27 IM. DZIECI ZJEDNOCZONEJ EUROPY W GDAŃSKU,gdansk/szkola-podstawowa/szkola-podstawowa-nr-27-im-dzieci-zjednoczonej-europy-w-gdansku-7678,Gdańsk,POMORSKIE,75.81,30,558,True
2021,overall,21,019c23d9-2ff9-7558-b408-a671ea287fd4,SZKOŁA PODSTAWOWA NR 77 W GDAŃSKU,gdansk/szkola-podstawowa/szkola-podstawowa-nr-77-w-gdansku-10388,Gdańsk,POMORSKIE,75.14,33,558,True
2021,overall,22,019c23d9-3446-7a8e-ab24-a3631d3f5f55,SZKOŁA PODSTAWOWA NR 17 IM. HETMANA STEFANA CZARNIECKIEGO W GDAŃSKU,gdansk/szkola-podstawowa/szkola-podstawowa-nr-17-im-hetmana-stefana-czarnieckiego-w-gdansku-10509,Gdańsk,POMORSKIE,74.69,35,558,True
2021,overall,23,019c23d9-0a68-79f6-a021-c13fdb35a980,SZKOŁA PODSTAWOWA NR 44 IM. ADAMA MICKIEWICZA W GDAŃSKU,gdansk/szkola-podstawowa/szkola-podstawowa-nr-44-im-adama-mickiewicza-w-gdansku-9480,Gdańsk,POMORSKIE,74.6,36,558,True
2021,overall,24,019c23e6-684c-7a8a-9df3-39367fc0f6da,SZKOŁA PODSTAWOWA NR 67 IM. KAPITANA ŻEGLUGI WIELKIEJ TADEUSZA ZIÓŁKOWSKIEGO,gdansk/szkola-podstawowa/szkola-podstawowa-nr-67-im-kapitana-zeglugi-wielkiej-tadeusza-ziolkowskiego-262208,Gdańsk,POMORSKIE,73.92,38,558,True
2021,overall,25,019c23dd-003a-7b91-bef7-d4aa330ccd8f,PODSTAWOWA SZKOŁA GEDANENSIS,gdansk/szkola-podstawowa/podstawowa-szkola-gedanensis-41069,Gdańsk,POMORSKIE,73.56,40,558,False
2021,overall,26,019c23d8-e47c-7508-876a-98d51336b614,SZKOŁA PODSTAWOWA NR 8 IM. OBROŃCÓW HELU,gdynia/szkola-podstawowa/szkola-podstawowa-nr-8-im-obroncow-helu-8469,Gdynia,POMORSKIE,72.75,41,558,True
2021,overall,27,019c23e6-051e-7701-88cc-d1057025f38f,MORSKA SZKOŁA PODSTAWOWA IM. ALEKSANDRA DOBY W GDAŃSKU,gdansk/szkola-podstawowa/morska-szkola-podstawowa-im-aleksandra-doby-w-gdansku-131786,Gdańsk,POMORSKIE,72.54,42,558,True
2021,overall,28,019c23d9-389c-7d45-a285-0c4572f7f969,SZKOŁA PODSTAWOWA NR 24 IM. GUSTAWA MORCINKA W GDAŃSKU,gdansk/szkola-podstawowa/szkola-podstawowa-nr-24-im-gustawa-morcinka-w-gdansku-10634,Gdańsk,POMORSKIE,72.28,43,558,True
2021,overall,29,019c23df-42b0-741e-a372-78fd58048094,"GDAŃSKA SZKOŁA PODSTAWOWA ""LINGWISTA"" IM. ZJEDNOCZONEJ EUROPY",gdansk/szkola-podstawowa/gdanska-szkola-podstawowa-lingwista-im-zjednoczonej-europy-66313,Gdańsk,POMORSKIE,71.42,48,558,False
2021,overall,30,019c23da-c063-757a-ada4-fa8901bb4825,SZKOŁA PODSTAWOWA NR 85 IM. ZRZESZENIA KASZUBSKO-POMORSKIEGO W GDAŃSKU,gdansk/szkola-podstawowa/szkola-podstawowa-nr-85-im-zrzeszenia-kaszubsko-pomorskiego-w-gdansku-20267,Gdańsk,POMORSKIE,71.36,49,558,True
2021,overall,31,019c23df-d124-73b5-88a5-48d994aa5d99,BRITISH INTERNATIONAL SCHOOL GDAŃSK - SZKOLA PODSTAWOWA,gdansk/szkola-podstawowa/british-international-school-gdansk-szkola-podstawowa-71958,Gdańsk,POMORSKIE,71.28,50,558,False
2021,overall,32,019c23d8-a4ff-73a3-b479-b9299e17310f,SZKOŁA PODSTAWOWA NR 42 IM. KRÓLOWEJ JADWIGI,gdynia/szkola-podstawowa/szkola-podstawowa-nr-42-im-krolowej-jadwigi-6783,Gdynia,POMORSKIE,71.21,51,558,True
2021,overall,33,019c23e4-b360-786c-ac20-381ed98490bd,POZYTYWNA SZKOŁA PODSTAWOWA IM. ARKADIUSZA ARAMA RYBICKIEGO W GDAŃSKU,gdansk/szkola-podstawowa/pozytywna-szkola-podstawowa-im-arkadiusza-arama-rybickiego-w-gdansku-124084,Gdańsk,POMORSKIE,71.07,52,558,True
2021,overall,34,019c23d8-c6bd-799e-9b80-d85cac1026bb,SZKOŁA PODSTAWOWA NR 46,gdynia/szkola-podstawowa/szkola-podstawowa-nr-46-7669,Gdynia,POMORSKIE,71.03,53,558,True
2021,overall,35,019c23dc-d559-74be-95fd-718e8de6e0c7,SZKOŁA PODSTAWOWA NR 48 IM. GEN. JÓZEFA HALLERA W GDAŃSKU,gdansk/szkola-podstawowa/szkola-podstawowa-nr-48-im-gen-jozefa-hallera-w-gdansku-39070,Gdańsk,POMORSKIE,70.76,55,558,True
2021,overall,36,019c23da-df6d-70fb-a550-320356e362db,SZKOŁA PODSTAWOWA NR 81 W GDAŃSKU IM. PROF. MICHAŁA SIEDLECKIEGO,gdansk/szkola-podstawowa/szkola-podstawowa-nr-81-w-gdansku-im-prof-michala-siedleckiego-21025,Gdańsk,POMORSKIE,70.38,57,558,True
2021,overall,37,019c23a3-75b0-7d7e-86dd-3343db3b43a5,SZKOŁA PODSTAWOWA NR 34 Z ODDZIAŁAMI INTEGRACYJNYMI IM. LEONIDA TELIGI,gdynia/szkola-podstawowa/szkola-podstawowa-nr-34-z-oddzialami-integracyjnymi-im-leonida-teligi-4419,Gdynia,POMORSKIE,70.15,58,558,True
2021,overall,38,019c23d9-eba2-7f0f-b37d-bc2daa935d0b,ZESPÓŁ SZKÓŁ OGÓLNOKSZTAŁCĄCYCH NR 8 W GDAŃSKU - SZKOŁA PODSTAWOWA NR 5 IM. JANA PAWŁA II,gdansk/szkola-podstawowa/zespol-szkol-ogolnoksztalcacych-nr-8-w-gdansku-szkola-podstawowa-nr-5-im-jana-pawla-ii-15126,Gdańsk,POMORSKIE,69.59,59,558,True
2021,overall,39,019c23a3-70d7-774d-af73-159690741af8,SZKOŁA PODSTAWOWA NR 16 IM. ORŁA BIAŁEGO,gdynia/szkola-podstawowa/szkola-podstawowa-nr-16-im-orla-bialego-4324,Gdynia,POMORSKIE,69.25,60,558,True
2021,overall,40,019c23e2-287c-7ccd-8fc1-96afe989471e,GDYŃSKA SZKOŁA SPOŁECZNA,gdynia/szkola-podstawowa/gdynska-szkola-spoleczna-90963,Gdynia,POMORSKIE,69.2,61,558,False
2021,overall,41,019c23d9-3461-76c2-9659-24047f985f67,SZKOŁA PODSTAWOWA NR 89 IM. TADEUSZA MAZOWIECKIEGO W GDAŃSKU,gdansk/szkola-podstawowa/szkola-podstawowa-nr-89-im-tadeusza-mazowieckiego-w-gdansku-10576,Gdańsk,POMORSKIE,69.19,62,558,True
2021,overall,42,019c23da-1b7c-792c-a0a7-e530093145c9,SZKOŁA PODSTAWOWA NR 19 IM. ZASŁUŻONYCH LUDZI MORZA W GDAŃSKU,gdansk/szkola-podstawowa/szkola-podstawowa-nr-19-im-zasluzonych-ludzi-morza-w-gdansku-16227,Gdańsk,POMORSKIE,69.18,63,558,True
2021,overall,43,019c23d9-22dc-76f3-9e2a-664f7586c774,SZKOŁA PODSTAWOWA NR 45 IM. BOHATERÓW WESTERPLATTE W GDAŃSKU,gdansk/szkola-podstawowa/szkola-podstawowa-nr-45-im-bohaterow-westerplatte-w-gdansku-10166,Gdańsk,POMORSKIE,69.04,65,558,True
2021,overall,44,019c23d9-0619-720a-93a6-8edb2759c6b2,SZKOŁA PODSTAWOWA NR 14 IM. KS. GRZEGORZA PIRAMOWICZA W GDAŃSKU,gdansk/szkola-podstawowa/szkola-podstawowa-nr-14-im-ks-grzegorza-piramowicza-w-gdansku-9378,Gdańsk,POMORSKIE,68.86,67,558,True
2021,overall,45,019c23d8-cacd-7a17-93b6-39278ecb5275,SZKOŁA PODSTAWOWA NR 47 IM FRANCISZKI CEGIELSKIEJ,gdynia/szkola-podstawowa/szkola-podstawowa-nr-47-im-franciszki-cegielskiej-7747,Gdynia,POMORSKIE,68.39,68,558,True
2021,overall,46,019c23d9-5991-7ce9-bb1e-4e647aaddc8a,SZKOŁA PODSTAWOWA NR 48 IM. PROFESORA KAZIMIERZA DEMELA,gdynia/szkola-podstawowa/szkola-podstawowa-nr-48-im-profesora-kazimierza-demela-11470,Gdynia,POMORSKIE,68.24,69,558,True
2021,overall,47,019c23d9-4902-7358-8dc6-56f76bc75175,SZKOŁA PODSTAWOWA NR 46 W GDAŃSKU,gdansk/szkola-podstawowa/szkola-podstawowa-nr-46-w-gdansku-11134,Gdańsk,POMORSKIE,68.02,72,558,True
2021,overall,48,019c23d8-a52a-7a3a-8268-ef536be69d0e,SZKOŁA PODSTAWOWA NR 12,gdynia/szkola-podstawowa/szkola-podstawowa-nr-12-6850,Gdynia,POMORSKIE,67.89,73,558,True
2021,overall,49,019c23d9-da46-7c1b-9c39-986de2e79ab4,SZKOŁA PODSTAWOWA NR 50 IM. E.PLATER W GDAŃSKU,gdansk/szkola-podstawowa/szkola-podstawowa-nr-50-im-e-plater-w-gdansku-14699,Gdańsk,POMORSKIE,67.79,74,558,True
2021,overall,50,019c23d8-ecbd-7091-915f-8b6001e8b49b,ZESPÓŁ SZKOLNO-PRZEDSZKOLNY NR 10 - SZKOŁA PODSTAWOWA NR 80 IM. BUDOWNICZYCH PORTU PÓŁNOCNEGO W GDAŃSKU,gdansk/szkola-podstawowa/zespol-szkolno-przedszkolny-nr-10-szkola-podstawowa-nr-80-im-budowniczych-portu-polnocnego-w-gdansku-8641,Gdańsk,POMORSKIE,67.73,75,558,True
2021,overall,51,019c23d9-eba1-7f39-bab8-3a23a9c4095f,SZKOŁA PODSTAWOWA NR 1 IM. MARIUSZA ZARUSKIEGO W GDAŃSKU,gdansk/szkola-podstawowa/szkola-podstawowa-nr-1-im-mariusza-zaruskiego-w-gdansku-15124,Gdańsk,POMORSKIE,67.43,77,558,True
2021,overall,52,019c23e4-353d-7512-9435-8d4aefd8c29a,CHRZEŚCIJAŃSKA SZKOŁA MONTESSORI,gdansk/szkola-podstawowa/chrzescijanska-szkola-montessori-120645,Gdańsk,POMORSKIE,67.06,78,558,False
2021,overall,53,019c23a3-70e8-7c0e-af43-3222d4fabbed,SZKOŁA PODSTAWOWA NR 21 IM. LUDZI MORZA I MARZEŃ W GDYNI,gdynia/szkola-podstawowa/szkola-podstawowa-nr-21-im-ludzi-morza-i-marzen-w-gdyni-4342,Gdynia,POMORSKIE,66.97,80,558,True
2021,overall,54,019c23d9-0ec4-7c18-aff6-30bef43c1c8a,SZKOŁA PODSTAWOWA NR 39 IM. WOJSKA POLSKIEGO W GDAŃSKU,gdansk/szkola-podstawowa/szkola-podstawowa-nr-39-im-wojska-polskiego-w-gdansku-9587,Gdańsk,POMORSKIE,66.78,81,558,True
2021,overall,55,019c23d9-2b63-75d2-adec-34a0b4117138,SZKOŁA PODSTAWOWA NR 47 IM. KASZUBSKIEJ BRYGADY WOP W GDAŃSKU,gdansk/szkola-podstawowa/szkola-podstawowa-nr-47-im-kaszubskiej-brygady-wop-w-gdansku-10347,Gdańsk,POMORSKIE,66.75,82,558,True
2021,overall,56,019c23a3-7a00-7af2-af5c-a2ea233a5be0,SZKOŁA PODSTAWOWA NR 28 IM. LOTNIKÓW POLSKICH,gdynia/szkola-podstawowa/szkola-podstawowa-nr-28-im-lotnikow-polskich-4529,Gdynia,POMORSKIE,66.65,83,558,True
2021,overall,57,019c23da-4809-7922-8ead-161d0e3c157b,ZESPÓŁ SZKOLNO-PRZEDSZKOLNY NR 5 SZKOŁA PODSTAWOWA NR 92 IM. KARD. STEFANA WYSZYŃSKIEGO PRYMASA TYSIĄCLECIA W GDAŃSKU,gdansk/szkola-podstawowa/zespol-szkolno-przedszkolny-nr-5-szkola-podstawowa-nr-92-im-kard-stefana-wyszynskiego-prymasa-tysiaclecia-w-gdansku-17348,Gdańsk,POMORSKIE,66.2,88,558,True
2021,overall,58,019c23d9-0ead-7630-9204-e6b92d9fecdb,SZKOŁA PODSTAWOWA NR 15 IM. DR URSZULI MROCZKIEWICZ W GDAŃSKU,gdansk/szkola-podstawowa/szkola-podstawowa-nr-15-im-dr-urszuli-mroczkiewicz-w-gdansku-9540,Gdańsk,POMORSKIE,65.92,89,558,True
2021,overall,59,019c23d8-d727-7bf3-b3fe-24b3ada1fc95,ZESPÓŁ SZKOLNO-PRZEDSZKOLNY NR 8 SZKOŁA PODSTAWOWA NR 8 W GDAŃSKU IM. PRZYJACIÓŁ ZIEMI,gdansk/szkola-podstawowa/zespol-szkolno-przedszkolny-nr-8-szkola-podstawowa-nr-8-w-gdansku-im-przyjaciol-ziemi-8060,Gdańsk,POMORSKIE,65.85,90,558,True
2021,overall,60,019c23d9-553e-73e4-9ace-31fd26aede63,SZKOŁA PODSTAWOWA NR 2 Z ODDZIAŁAMI SPORTOWYMI IM. ARMII KRAJOWEJ W GDAŃSKU,gdansk/szkola-podstawowa/szkola-podstawowa-nr-2-z-oddzialami-sportowymi-im-armii-krajowej-w-gdansku-11368,Gdańsk,POMORSKIE,65.29,93,558,True
2021,overall,61,019c23a3-70d2-7755-a470-e426e5a2be3f,SZKOŁA PODSTAWOWA NR 26 IM. ŻOŁNIERZY ARMII KRAJOWEJ,gdynia/szkola-podstawowa/szkola-podstawowa-nr-26-im-zolnierzy-armii-krajowej-4319,Gdynia,POMORSKIE,65.14,94,558,True
2021,overall,62,019c23d8-e07a-727a-8b07-778131cb9584,SZKOŁA PODSTAWOWA NR 23 IM.DZIECI ŚWIATA W GDAŃSKU,gdansk/szkola-podstawowa/szkola-podstawowa-nr-23-im-dzieci-swiata-w-gdansku-8315,Gdańsk,POMORSKIE,64.92,97,558,True
2021,overall,63,019c23a3-6c42-73aa-8216-7415b651b210,SZKOŁA PODSTAWOWA NR 6 IM. ANTONIEGO ABRAHAMA,gdynia/szkola-podstawowa/szkola-podstawowa-nr-6-im-antoniego-abrahama-4254,Gdynia,POMORSKIE,64.82,98,558,True
2021,overall,64,019c23da-5197-7e67-b2b5-1afa97f67aed,ZESPÓŁ SZKOLNO - PRZEDSZKOLNY NR 1 W GDAŃSKU - SZKOŁA PODSTAWOWA NR 76 IM. JAROSŁAWA DĄBROWSKIEGO,gdansk/szkola-podstawowa/zespol-szkolno-przedszkolny-nr-1-w-gdansku-szkola-podstawowa-nr-76-im-jaroslawa-dabrowskiego-17523,Gdańsk,POMORSKIE,64.7,99,558,True
2021,overall,65,019c23d9-345c-7ea2-b61b-48027c766a69,SZKOŁA PODSTAWOWA NR 35 Z ODDZIAŁAMI SPORTOWYMI IM. JANA PARANDOWSKIEGO W GDAŃSKU,gdansk/szkola-podstawowa/szkola-podstawowa-nr-35-z-oddzialami-sportowymi-im-jana-parandowskiego-w-gdansku-10561,Gdańsk,POMORSKIE,64.65,100,558,True
2021,overall,66,019c23da-519a-7c2e-8060-0ebab795da65,SZKOŁA PODSTAWOWA NR 86 IM. PROF. JERZEGO SAMPA W GDAŃSKU,gdansk/szkola-podstawowa/szkola-podstawowa-nr-86-im-prof-jerzego-sampa-w-gdansku-17531,Gdańsk,POMORSKIE,64.58,101,558,True
2021,overall,67,019c23c2-3f92-75cb-905d-13b1f3eabd7d,SZKOŁA PODSTAWOWA NR 13 IM. LUCJANA CYLKOWSKIEGO,gdynia/szkola-podstawowa/szkola-podstawowa-nr-13-im-lucjana-cylkowskiego-5534,Gdynia,POMORSKIE,64.38,103,558,True
2021,overall,68,019c23e7-2804-7c8c-82a9-e0fdb5ab5be2,ZESPÓŁ SZKOLNO-PRZEDSZKOLNY NR 6 SZKOŁA PODSTAWOWA NR 6 W GDAŃSKU,gdansk/szkola-podstawowa/zespol-szkolno-przedszkolny-nr-6-szkola-podstawowa-nr-6-w-gdansku-270564,Gdańsk,POMORSKIE,64.16,104,558,True
2021,overall,69,019c23d8-e470-7b69-baa6-781b51f124ca,SZKOŁA PODSTAWOWA NR 12 IM. PRZYJACIÓŁ GDAŃSKA,gdansk/szkola-podstawowa/szkola-podstawowa-nr-12-im-przyjaciol-gdanska-8438,Gdańsk,POMORSKIE,63.99,109,558,True
2021,overall,70,019c23da-e3d0-7afd-9493-64c60b0c3411,SPORTOWA SZKOŁA PODSTAWOWA NR 14 IM. JÓZEFA WYBICKIEGO,gdynia/szkola-podstawowa/sportowa-szkola-podstawowa-nr-14-im-jozefa-wybickiego-21126,Gdynia,POMORSKIE,63.42,115,558,True
2021,overall,71,019c23d9-eba5-7de0-b876-e70dfbffee51,SZKOŁA PODSTAWOWA NR 82 IM. PROF. JANA CZOCHRALSKIEGO W GDAŃSKU,gdansk/szkola-podstawowa/szkola-podstawowa-nr-82-im-prof-jana-czochralskiego-w-gdansku-15135,Gdańsk,POMORSKIE,62.94,119,558,True
2021,overall,72,019c23d8-fd9e-761e-b612-0e8e151bc223,ZESPÓŁ SZKOLNO-PRZEDSZKOLNY NR 2 -SZKOŁA PODSTAWOWA NR 42 IM. IGNACEGO JANA PADEREWSKIEGO W GDAŃSKU,gdansk/szkola-podstawowa/zespol-szkolno-przedszkolny-nr-2-szkola-podstawowa-nr-42-im-ignacego-jana-paderewskiego-w-gdansku-9082,Gdańsk,POMORSKIE,62.28,126,558,True
2021,overall,73,019c23d8-c2ba-7bcd-8948-9b3fcebc65ac,SZKOŁA PODSTAWOWA NR 44 IM. OBROŃCÓW WYBRZEŻA,gdynia/szkola-podstawowa/szkola-podstawowa-nr-44-im-obroncow-wybrzeza-7580,Gdynia,POMORSKIE,62.14,128,558,True
2021,overall,74,019c23da-3e61-71e4-b691-c712f00f4e4e,SZKOŁA PODSTAWOWA NR 38 IM. GEN. STANISŁAWA MACZKA W GDAŃSKU,gdansk/szkola-podstawowa/szkola-podstawowa-nr-38-im-gen-stanislawa-maczka-w-gdansku-17066,Gdańsk,POMORSKIE,62.12,129,558,True
2021,overall,75,019c23d8-e07d-76cb-9b5e-85b1a751670d,SZKOŁA PODSTAWOWA NR 79 W GDAŃSKU,gdansk/szkola-podstawowa/szkola-podstawowa-nr-79-w-gdansku-8320,Gdańsk,POMORSKIE,62.07,133,558,True
2021,overall,76,019c23da-6f03-7a2c-aca0-ea29a1b765a7,ZESPÓŁ SZKÓŁ SPORTOWYCH I MISTRZOSTWA SPORTOWEGO IM. JANUSZA KUSOCIŃSKIEGO SPORTOWA SZKOŁA PODSTAWOWA NR 75 Z ODDZIAŁAMI MISTRZOSTWA SPORTOWEGO IM. JANUSZA KUSOCIŃSKIEGO W GDAŃSKU,gdansk/szkola-podstawowa/zespol-szkol-sportowych-i-mistrzostwa-sportowego-im-janusza-kusocinskiego-sportowa-szkola-podstawowa-nr-75-z-oddzialami-mistrzostwa-sportowego-im-janusza-kusocinskiego-w-gdansku-18269,Gdańsk,POMORSKIE,62.03,134,558,True
2021,overall,77,019c23a3-6c54-7172-91cf-67b2ea639da9,SZKOŁA PODSTAWOWA NR 29 IM. STEFANA ŻEROMSKIEGO,gdynia/szkola-podstawowa/szkola-podstawowa-nr-29-im-stefana-zeromskiego-4282,Gdynia,POMORSKIE,61.79,137,558,True
2021,overall,78,019c23a3-75e9-7347-bd1d-1b2cbe30a2e8,SZKOŁA PODSTAWOWA NR 37 IM. OBROŃCÓW KĘPY OKSYWSKIEJ,gdynia/szkola-podstawowa/szkola-podstawowa-nr-37-im-obroncow-kepy-oksywskiej-4482,Gdynia,POMORSKIE,61.44,139,558,True
2021,overall,79,019c23a3-70f8-75de-8860-8173575c4202,SZKOŁA PODSTAWOWA NR 33 IM. OBROŃCÓW KĘPY OKSYWSKIEJ,gdynia/szkola-podstawowa/szkola-podstawowa-nr-33-im-obroncow-kepy-oksywskiej-4369,Gdynia,POMORSKIE,61.11,142,558,True
2021,overall,80,019c23dd-35b0-701e-8d37-e6dba044228e,SZKOŁA PODSTAWOWA NR 40 IM. KPT. Ż. W. K. O. BORCHARDTA W GDYNI,gdynia/szkola-podstawowa/szkola-podstawowa-nr-40-im-kpt-z-w-k-o-borchardta-w-gdyni-42897,Gdynia,POMORSKIE,61.08,144,558,True
2021,overall,81,019c23c2-5021-765c-a5a1-10c9aa4aff6d,SZKOŁA PODSTAWOWA NR 29 IM. JERZEGO PUCKA W GDAŃSKU,gdansk/szkola-podstawowa/szkola-podstawowa-nr-29-im-jerzego-pucka-w-gdansku-5981,Gdańsk,POMORSKIE,60.61,147,558,True
2021,overall,82,019c23e6-3628-785b-a4dc-cc72df55f50b,ZESPÓŁ SZKÓŁ OGÓLNOKSZTAŁCĄCYCH NR 6 SZKOŁA PODSTAWOWA MISTRZOSTWA SPORTOWEGO NR 94 IM. HANZY W GDAŃSKU,gdansk/szkola-podstawowa/zespol-szkol-ogolnoksztalcacych-nr-6-szkola-podstawowa-mistrzostwa-sportowego-nr-94-im-hanzy-w-gdansku-133139,Gdańsk,POMORSKIE,60.45,151,558,True
2021,overall,83,019c23da-ce21-7983-91bc-81d75501e8ec,SZKOŁA PODSTAWOWA NR 84 IM. JANA BRZECHWY W GDAŃSKU,gdansk/szkola-podstawowa/szkola-podstawowa-nr-84-im-jana-brzechwy-w-gdansku-20599,Gdańsk,POMORSKIE,60.11,155,558,True
2021,overall,84,019c23d9-40b0-79b5-9655-7cab9095c18f,SZKOŁA PODSTAWOWA NR 20 W GDAŃSKU IM. KMDR PPOR. JANA GRUDZIŃSKIEGO,gdansk/szkola-podstawowa/szkola-podstawowa-nr-20-w-gdansku-im-kmdr-ppor-jana-grudzinskiego-10842,Gdańsk,POMORSKIE,59.93,157,558,True
2021,overall,85,019c23a3-70c6-7bb5-a755-019f996cf421,SZKOŁA PODSTAWOWA NR 17 IM. WICEADM. JÓZEFA UNRUGA,gdynia/szkola-podstawowa/szkola-podstawowa-nr-17-im-wiceadm-jozefa-unruga-4307,Gdynia,POMORSKIE,59.61,163,558,True
2021,overall,86,019c23a3-6c25-78e2-83db-aa6e190a852b,SZKOŁA PODSTAWOWA NR 39 IM. KPT Ż. W. KAZIMIERZA JURKIEWICZA,gdynia/szkola-podstawowa/szkola-podstawowa-nr-39-im-kpt-z-w-kazimierza-jurkiewicza-4221,Gdynia,POMORSKIE,59.38,168,558,True
2021,overall,87,019c23dc-d54f-79dc-8565-c0afa55f1254,ZESPÓŁ SZKOLNO-PRZEDSZKOLNY NR 9 - SZKOŁA PODSTAWOWA NR 7 IM.MJRA MIECZYSŁAWA SŁABEGO,gdansk/szkola-podstawowa/zespol-szkolno-przedszkolny-nr-9-szkola-podstawowa-nr-7-im-mjra-mieczyslawa-slabego-39056,Gdańsk,POMORSKIE,58.4,186,558,True
2021,overall,88,019c23e0-d61a-7512-8943-90c776299544,GDAŃSKA SZKOŁA PODSTAWOWA,gdansk/szkola-podstawowa/gdanska-szkola-podstawowa-81749,Gdańsk,POMORSKIE,58.07,189,558,False
2021,overall,89,019c23d8-a94f-7be1-9898-adc01a806e7d,SZKOŁA PODSTAWOWA NR 11 IM. BOHATERÓW ZAŁOGI ORP GROM,gdynia/szkola-podstawowa/szkola-podstawowa-nr-11-im-bohaterow-zalogi-orp-grom-6970,Gdynia,POMORSKIE,57.52,201,558,True
2021,overall,90,019c23da-4cf4-7a92-9517-c95e57d65bf2,ZESPÓŁ SZKÓŁ OGÓLNOKSZTAŁCĄCYCH NR 10 IM. EUGENIUSZA KWIATKOWSKIEGO W GDAŃSKU - SZKOŁA PODSTAWOWA NR 18,gdansk/szkola-podstawowa/zespol-szkol-ogolnoksztalcacych-nr-10-im-eugeniusza-kwiatkowskiego-w-gdansku-szkola-podstawowa-nr-18-17430,Gdańsk,POMORSKIE,57.02,211,558,True
2021,overall,91,019c23a3-6c51-7e63-8e84-358314c7f2f7,SZKOŁA PODSTAWOWA NR 23,gdynia/szkola-podstawowa/szkola-podstawowa-nr-23-4277,Gdynia,POMORSKIE,56.87,214,558,True
2021,overall,92,019c23d9-e794-7627-b7b8-61c1032c9f2c,SZKOŁA PODSTAWOWA NR 52 IM. TADEUSZA KOŚCIUSZKI W GDAŃSKU,gdansk/szkola-podstawowa/szkola-podstawowa-nr-52-im-tadeusza-kosciuszki-w-gdansku-15022,Gdańsk,POMORSKIE,56.66,219,558,True
2021,overall,93,019c23da-2000-7339-9fe0-e64502f79156,SZKOŁA PODSTAWOWA NR 88 IM. DANIELA GABRIELA FAHRENHEITA W GDAŃSKU,gdansk/szkola-podstawowa/szkola-podstawowa-nr-88-im-daniela-gabriela-fahrenheita-w-gdansku-16374,Gdańsk,POMORSKIE,56.27,227,558,True
2021,overall,94,019c23da-16a7-7bae-bd8f-f15b4d7b4094,SZKOŁA PODSTAWOWA NR 58 IM. KAZIMIERZA SOŁTYSIKA W GDAŃSKU,gdansk/szkola-podstawowa/szkola-podstawowa-nr-58-im-kazimierza-soltysika-w-gdansku-16171,Gdańsk,POMORSKIE,55.83,234,558,True
2021,overall,95,019c23da-2801-7317-a118-0261767bd083,ZESPÓŁ SZKOLNO-PRZEDSZKOLNY NR 11- SZKOŁA PODSTAWOWA NR 61 IM. JÓZEFA WYBICKIEGO W GDAŃSKU,gdansk/szkola-podstawowa/zespol-szkolno-przedszkolny-nr-11-szkola-podstawowa-nr-61-im-jozefa-wybickiego-w-gdansku-16564,Gdańsk,POMORSKIE,55.4,243,558,True
2021,overall,96,019c23d8-fd9d-744e-9f82-5950635e30d5,SZKOŁA PODSTAWOWA NR 40 IM. KPT. LEONIDA TELIGI W GDAŃSKU,gdansk/szkola-podstawowa/szkola-podstawowa-nr-40-im-kpt-leonida-teligi-w-gdansku-9081,Gdańsk,POMORSKIE,54.89,255,558,True
2021,overall,97,019c23da-431f-7c71-94e8-8342096d9b44,SZKOŁA PODSTAWOWA NR 4 IM. KRÓLA KAZIMIERZA JAGIELLOŃCZYKA W GDAŃSKU,gdansk/szkola-podstawowa/szkola-podstawowa-nr-4-im-krola-kazimierza-jagiellonczyka-w-gdansku-17192,Gdańsk,POMORSKIE,54.57,260,558,True
2021,overall,98,019c23d8-b206-7f8a-bf08-fb2a039dbb74,SZKOŁA PODSTAWOWA NR 31 IM. SYNÓW PUŁKU,gdynia/szkola-podstawowa/szkola-podstawowa-nr-31-im-synow-pulku-7112,Gdynia,POMORSKIE,54.33,267,558,True
2021,overall,99,019c23d9-f91c-7724-b746-258e3d238951,SZKOŁA PODSTAWOWA NR 57 IM. GEN. WŁADYSŁAWA ANDERSA W GDAŃSKU,gdansk/szkola-podstawowa/szkola-podstawowa-nr-57-im-gen-wladyslawa-andersa-w-gdansku-15431,Gdańsk,POMORSKIE,53.57,274,558,True
2021,overall,100,019c23d9-f4a4-71d1-8578-220dc18ef7eb,SZKOŁA PODSTAWOWA NR 60 W GDAŃSKU,gdansk/szkola-podstawowa/szkola-podstawowa-nr-60-w-gdansku-15253,Gdańsk,POMORSKIE,53.37,280,558,True
2021,overall,101,019c23d9-4d0e-782d-8261-01f1fb99f1ce,SZKOŁA PODSTAWOWA NR 49 IM. KS. BRONISŁAWA KOMOROWSKIEGO W GDAŃSKU,gdansk/szkola-podstawowa/szkola-podstawowa-nr-49-im-ks-bronislawa-komorowskiego-w-gdansku-11179,Gdańsk,POMORSKIE,53.26,283,558,True
2021,overall,102,019c23da-282c-7c40-8042-3e6d22bcad3e,SZKOŁA PODSTAWOWA NR 62 W GDAŃSKU,gdansk/szkola-podstawowa/szkola-podstawowa-nr-62-w-gdansku-16641,Gdańsk,POMORSKIE,53.23,284,558,True
2021,overall,103,019c23dc-1811-7223-957c-286dc340975f,ZESPÓŁ KSZTAŁCENIA PODSTAWOWEGO I PRZEDSZKOLNEGO NR 1 W GDAŃSKU - SZKOŁA PODSTAWOWA NR 87,gdansk/szkola-podstawowa/zespol-ksztalcenia-podstawowego-i-przedszkolnego-nr-1-w-gdansku-szkola-podstawowa-nr-87-29329,Gdańsk,POMORSKIE,52.67,291,558,True
2021,overall,104,019c23dc-b40a-798a-ba95-5692bb2959f6,SZKOŁA PODSTAWOWA NR 43 IM. WICEADMIRAŁA KAZIMIERZA PORĘBSKIEGO,gdynia/szkola-podstawowa/szkola-podstawowa-nr-43-im-wiceadmirala-kazimierza-porebskiego-35190,Gdynia,POMORSKIE,51.23,320,558,True
2021,overall,105,019c23d9-12c5-7174-806b-5519c4e30380,SZKOŁA PODSTAWOWA NR 56 IM. ANDRZEJA STRUGA W GDAŃSKU,gdansk/szkola-podstawowa/szkola-podstawowa-nr-56-im-andrzeja-struga-w-gdansku-9704,Gdańsk,POMORSKIE,49.87,351,558,True
2021,overall,106,019c23da-0a47-79b7-8d48-cb89702169f5,SZKOŁA PODSTAWOWA NR 59 IM. I DYWIZJI PANCERNEJ GEN. STANISŁAWA MACZKA W GDAŃSKU,gdansk/szkola-podstawowa/szkola-podstawowa-nr-59-im-i-dywizji-pancernej-gen-stanislawa-maczka-w-gdansku-15831,Gdańsk,POMORSKIE,49.37,361,558,True
2021,overall,107,019c23da-47f8-70d9-9ef8-b86e471b170f,ZESPÓŁ SZKOLNO-PRZEDSZKOLNY NR 4 SZKOŁA PODSTAWOWA NR 11 IM. NA BURSZTYNOWYM SZLAKU W GDAŃSKU,gdansk/szkola-podstawowa/zespol-szkolno-przedszkolny-nr-4-szkola-podstawowa-nr-11-im-na-bursztynowym-szlaku-w-gdansku-17319,Gdańsk,POMORSKIE,49.03,372,558,True
2021,overall,108,019c23a3-6c55-7725-83c1-8f8655b3fd79,SZKOŁA PODSTAWOWA NR 35 IM. KPT. STANISŁAWA KOSKO,gdynia/szkola-podstawowa/szkola-podstawowa-nr-35-im-kpt-stanislawa-kosko-4284,Gdynia,POMORSKIE,48.11,394,558,True
2021,overall,109,019c23da-ae03-724a-85aa-1dc846c7c42b,SZKOŁA PODSTAWOWA NR 65 IM. ALFA LICZMAŃSKIEGO W GDAŃSKU,gdansk/szkola-podstawowa/szkola-podstawowa-nr-65-im-alfa-liczmanskiego-w-gdansku-19820,Gdańsk,POMORSKIE,47.77,402,558,True
2021,overall,110,019c23d9-eba1-7f39-bab8-3a23a758f192,ZESPÓŁ SZKOLNO-PRZEDSZKOLNY NR 7 SZKOŁA PODSTAWOWA NR 55 IM. JANA HEWELIUSZA W GDAŃSKU,gdansk/szkola-podstawowa/zespol-szkolno-przedszkolny-nr-7-szkola-podstawowa-nr-55-im-jana-heweliusza-w-gdansku-15122,Gdańsk,POMORSKIE,47.49,407,558,True
2021,overall,111,019c23e6-8234-7079-9edf-7a0a14cbe30e,NIEPUBLICZNA SZKOŁA PODSTAWOWA MISTRZOSTWA SPORTOWEGO GDAŃSKIEGO KLUBU SPORTOWEGO GEDANIA 1922,gdansk/szkola-podstawowa/niepubliczna-szkola-podstawowa-mistrzostwa-sportowego-gdanskiego-klubu-sportowego-gedania-1922-262911,Gdańsk,POMORSKIE,47.41,409,558,False
2021,overall,112,019c23da-9c15-72ac-ab7f-c6b1a8a99cd9,SZKOŁA PODSTAWOWA NR 83 IM. ŻOŁNIERZY Z WESTERPLATTE W GDAŃSKU,gdansk/szkola-podstawowa/szkola-podstawowa-nr-83-im-zolnierzy-z-westerplatte-w-gdansku-19432,Gdańsk,POMORSKIE,47.1,418,558,True
2021,overall,113,019c23a3-70b9-7839-89f4-5c8c3b97c69d,SZKOŁA PODSTAWOWA NR 10 IM. EUGENIUSZA KWIATKOWSKIEGO,gdynia/szkola-podstawowa/szkola-podstawowa-nr-10-im-eugeniusza-kwiatkowskiego-4300,Gdynia,POMORSKIE,45.64,445,558,True
2021,overall,114,019c23d9-2b49-7cd5-adb2-cca317fb715b,SZKOŁA PODSTAWOWA NR 16 IM. WŁADYSŁAWA BRONIEWSKIEGO W GDAŃSKU,gdansk/szkola-podstawowa/szkola-podstawowa-nr-16-im-wladyslawa-broniewskiego-w-gdansku-10294,Gdańsk,POMORSKIE,43.91,474,558,True
2021,overall,115,019c23da-4cec-7562-b8d2-47abc21f2b67,SZKOŁA PODSTAWOWA NR 69 IM GENERAŁA STANISŁAWA SOSABOWSKIEGO W GDAŃSKU,gdansk/szkola-podstawowa/szkola-podstawowa-nr-69-im-generala-stanislawa-sosabowskiego-w-gdansku-17410,Gdańsk,POMORSKIE,43.4,483,558,True
2021,overall,116,019c23d9-1ebc-7f7f-8e28-6fd73a5690e0,SZKOŁA PODSTAWOWA NR 21 IM. KPT. Ż. W. OLGIERDA BORCHARDTA W GDAŃSKU,gdansk/szkola-podstawowa/szkola-podstawowa-nr-21-im-kpt-z-w-olgierda-borchardta-w-gdansku-10067,Gdańsk,POMORSKIE,40.33,514,558,True
2021,overall,117,019c23dc-d556-7fff-be9c-9054842b9126,SZKOŁA PODSTAWOWA SPECJALNA NR 28,gdansk/szkola-podstawowa/szkola-podstawowa-specjalna-nr-28-39066,Gdańsk,POMORSKIE,18.08,557,558,True
2022,overall,1,019c23e1-702a-7a7b-ac88-3904f32de525,KATOLICKA SZKOŁA PODSTAWOWA IM. ŚW. KAZIMIERZA W GDAŃSKU,gdansk/szkola-podstawowa/katolicka-szkola-podstawowa-im-sw-kazimierza-w-gdansku-86270,Gdańsk,POMORSKIE,92.17,1,645,False
2022,overall,2,019c23d9-40aa-7f43-9c99-6ba57bfa4d05,"PRYWATNA SZKOŁA PODSTAWOWA ""LIBER""",gdynia/szkola-podstawowa/prywatna-szkola-podstawowa-liber-10829,Gdynia,POMORSKIE,91.62,2,645,False
2022,overall,3,019c23e2-10a9-7973-9adf-79949fc7bf33,AMERYKAŃSKA SZKOŁA PODSTAWOWA Z WYKŁADOWYM JĘZYKIEM ANGIELSKIM,gdynia/szkola-podstawowa/amerykanska-szkola-podstawowa-z-wykladowym-jezykiem-angielskim-90298,Gdynia,POMORSKIE,91.22,3,645,False
2022,overall,4,019c23c2-5015-788a-b0d6-d50600a116f4,PIERWSZA SZKOŁA SPOŁECZNA PODSTAWOWA IM.DZIECI ZJEDNOCZONEJ EUROPY,gdynia/szkola-podstawowa/pierwsza-szkola-spoleczna-podstawowa-im-dzieci-zjednoczonej-europy-5959,Gdynia,POMORSKIE,90.59,4,645,False
2022,overall,5,019c23dd-3a9e-7e6f-80ef-4d360046bc2a,"PODSTAWOWA SZKOŁA SPOŁECZNA ""NIEDŹWIEDNIK""",gdansk/szkola-podstawowa/podstawowa-szkola-spoleczna-niedzwiednik-43412,Gdańsk,POMORSKIE,88.96,5,645,False
2022,overall,6,019c23e1-7027-749c-bb81-1e9b35e222db,SZKOŁA PODSTAWOWA IM. ŚW. JANA DE LA SALLE,gdansk/szkola-podstawowa/szkola-podstawowa-im-sw-jana-de-la-salle-86264,Gdańsk,POMORSKIE,87.33,6,645,False
2022,overall,7,019c23e1-6b8c-747d-b86a-71d4163a5729,II SPOŁECZNA SZKOŁA PODSTAWOWA SPOŁECZNEGO TOWARZYSTWA OŚWIATOWEGO,gdansk/szkola-podstawowa/ii-spoleczna-szkola-podstawowa-spolecznego-towarzystwa-oswiatowego-86125,Gdańsk,POMORSKIE,86.87,9,645,False
2022,overall,8,019c23e1-6bad-7a57-91d1-e87f5608fb63,I SPOŁECZNA SZKOŁA PODSTAWOWA SPOŁECZNEGO TOWARZYSTWA OŚWIATOWEGO,gdansk/szkola-podstawowa/i-spoleczna-szkola-podstawowa-spolecznego-towarzystwa-oswiatowego-86148,Gdańsk,POMORSKIE,84.82,12,645,False
2022,overall,9,019c23e1-7546-7a86-9791-e2c8d2fa541c,III SPOŁECZNA SZKOŁA PODSTAWOWA SPOŁECZNEGO TOWARZYSTWA OŚWIATOWEGO,gdansk/szkola-podstawowa/iii-spoleczna-szkola-podstawowa-spolecznego-towarzystwa-oswiatowego-86458,Gdańsk,POMORSKIE,84.72,13,645,False
2022,overall,10,019c23dc-0ac6-7b9c-beca-c8c521f0c7d0,NIEPUBLICZNA POLSKO-BRYTYJSKA SZKOŁA PODSTAWOWA NR 1,gdansk/szkola-podstawowa/niepubliczna-polsko-brytyjska-szkola-podstawowa-nr-1-28757,Gdańsk,POMORSKIE,84.48,14,645,False
2022,overall,11,019c23e1-616e-74f1-adca-e1dedbc7bfcc,GDAŃSKIE SZKOŁY AUTONOMICZNE GDAŃSKA AUTONOMICZNA SZKOŁA PODSTAWOWA,gdansk/szkola-podstawowa/gdanskie-szkoly-autonomiczne-gdanska-autonomiczna-szkola-podstawowa-85999,Gdańsk,POMORSKIE,84.09,15,645,False
2022,overall,12,019c23e4-e46e-77cd-9898-1265e6b8e72a,"SZKOŁA PODSTAWOWA TOWARZYSTWA EDUKACYJNEGO ""VIZJA""",gdansk/szkola-podstawowa/szkola-podstawowa-towarzystwa-edukacyjnego-vizja-125174,Gdańsk,POMORSKIE,83.96,16,645,False
2022,overall,13,019c23e6-8743-7bcc-93e1-e404525427ad,KATOLICKA SZKOŁA PODSTAWOWA IM. ŚW. JANA PAWŁA II W GDYNI,gdynia/szkola-podstawowa/katolicka-szkola-podstawowa-im-sw-jana-pawla-ii-w-gdyni-263021,Gdynia,POMORSKIE,83.83,17,645,True
2022,overall,14,019c23e4-0df5-72c8-8d0a-f60a60b1d6aa,FREGATA SZKOŁA PODSTAWOWA DLA DZIEWCZĄT,gdansk/szkola-podstawowa/fregata-szkola-podstawowa-dla-dziewczat-119762,Gdańsk,POMORSKIE,83.82,18,645,False
2022,overall,15,019c23df-42af-7f75-a61d-e7cab4b0088e,"NIEPUBLICZNA SZKOŁA PODSTAWOWA ""SOKRATES""",gdansk/szkola-podstawowa/niepubliczna-szkola-podstawowa-sokrates-66309,Gdańsk,POMORSKIE,83.24,20,645,False
2022,overall,16,019c23df-0382-744f-9214-164cfe6ca861,KATOLICKA SZKOŁA PODSTAWOWA IM ŚW. RODZINY W GDYNI,gdynia/szkola-podstawowa/katolicka-szkola-podstawowa-im-sw-rodziny-w-gdyni-62306,Gdynia,POMORSKIE,83.19,21,645,True
2022,overall,17,019c23e0-a250-77d3-9f40-51c0eb31bc45,NOWY ŚWIAT NIEPUBLICZNA SZKOŁA PODSTAWOWA,gdansk/szkola-podstawowa/nowy-swiat-niepubliczna-szkola-podstawowa-80448,Gdańsk,POMORSKIE,83.13,22,645,False
2022,overall,18,019c23a3-638e-77f5-a650-11ec5780f3a1,SZKOŁA PODSTAWOWA NR 20 IM. 2 MORSKIEGO PUŁKU STRZELCÓW,gdynia/szkola-podstawowa/szkola-podstawowa-nr-20-im-2-morskiego-pulku-strzelcow-4053,Gdynia,POMORSKIE,82.94,25,645,True
2022,overall,19,019c23dd-003a-7b91-bef7-d4aa330ccd8f,PODSTAWOWA SZKOŁA GEDANENSIS,gdansk/szkola-podstawowa/podstawowa-szkola-gedanensis-41069,Gdańsk,POMORSKIE,82.03,27,645,False
2022,overall,20,019c23e6-44e2-71ff-9942-036eed85be55,SZKOŁA PODSTAWOWA JEZUITÓW Z ODDZIAŁAMI DWUJĘZYCZNYMI IM. ŚW. STANISŁAWA KOSTKI W GDYNI,gdynia/szkola-podstawowa/szkola-podstawowa-jezuitow-z-oddzialami-dwujezycznymi-im-sw-stanislawa-kostki-w-gdyni-133486,Gdynia,POMORSKIE,81.82,28,645,False
2022,overall,21,019c23e6-822b-71e3-aeb7-37bd77f77703,NIEPUBLICZNA SZKOŁA PODSTAWOWA THINKING ZONE W GDAŃSKU,gdansk/szkola-podstawowa/niepubliczna-szkola-podstawowa-thinking-zone-w-gdansku-262876,Gdańsk,POMORSKIE,80.76,30,645,False
2022,overall,22,019c23a3-7a25-7a48-9035-f6ee0586e79e,SZKOŁA PODSTAWOWA NR 18 IM. KORNELA MAKUSZYŃSKIEGO,gdynia/szkola-podstawowa/szkola-podstawowa-nr-18-im-kornela-makuszynskiego-4563,Gdynia,POMORSKIE,80.39,33,645,True
2022,overall,23,019c23e6-8232-73bf-b6e1-7a35421bad2a,GDAŃSKA SZKOŁA PODSTAWOWA LINGWISTA IM. HYMNU NARODOWEGO,gdansk/szkola-podstawowa/gdanska-szkola-podstawowa-lingwista-im-hymnu-narodowego-262904,Gdańsk,POMORSKIE,80.24,34,645,False
2022,overall,24,019c23dc-4f7e-7b00-893f-76a6c05182cb,"""FREGATA"" SZKOŁA PODSTAWOWA DLA CHŁOPCÓW",gdansk/szkola-podstawowa/fregata-szkola-podstawowa-dla-chlopcow-30613,Gdańsk,POMORSKIE,79.51,36,645,False
2022,overall,25,019c23e0-8b74-72e7-8e09-ed9226ceb02a,"NIEPUBLICZNA SZKOŁA PODSTAWOWA ""NASZA SZKOŁA""",gdansk/szkola-podstawowa/niepubliczna-szkola-podstawowa-nasza-szkola-79859,Gdańsk,POMORSKIE,79.23,37,645,False
2022,overall,26,019c23df-d124-73b5-88a5-48d994aa5d99,BRITISH INTERNATIONAL SCHOOL GDAŃSK - SZKOLA PODSTAWOWA,gdansk/szkola-podstawowa/british-international-school-gdansk-szkola-podstawowa-71958,Gdańsk,POMORSKIE,79.17,38,645,False
2022,overall,27,019c23df-42b0-741e-a372-78fd58048094,"GDAŃSKA SZKOŁA PODSTAWOWA ""LINGWISTA"" IM. ZJEDNOCZONEJ EUROPY",gdansk/szkola-podstawowa/gdanska-szkola-podstawowa-lingwista-im-zjednoczonej-europy-66313,Gdańsk,POMORSKIE,78.87,41,645,False
2022,overall,28,019c23e6-684b-7419-81fe-0a53b548460f,SZKOŁA PODSTAWOWA NR 43 IM. JANA KOCHANOWSKIEGO W GDAŃSKU,gdansk/szkola-podstawowa/szkola-podstawowa-nr-43-im-jana-kochanowskiego-w-gdansku-262207,Gdańsk,POMORSKIE,78.78,43,645,True
2022,overall,29,019c23e1-6622-77f7-a4ee-d5f098fbba0c,ELEMENTARY INTERNATIONAL SCHOOL OF GDANSK/MIĘDZYNARODOWA SZKOŁA PODSTAWOWA W GDAŃSKU,gdansk/szkola-podstawowa/elementary-international-school-of-gdansk-miedzynarodowa-szkola-podstawowa-w-gdansku-86063,Gdańsk,POMORSKIE,78.58,44,645,False
2022,overall,30,019c23d9-1e9b-77ef-b38a-df73b6885e86,GDAŃSKA SZKOŁA SZERMIERKI - SZKOŁA PODSTAWOWA NR 70 Z ODDZIAŁAMI SPORTOWYMI W GDAŃSKU,gdansk/szkola-podstawowa/gdanska-szkola-szermierki-szkola-podstawowa-nr-70-z-oddzialami-sportowymi-w-gdansku-9987,Gdańsk,POMORSKIE,78.57,45,645,True
2022,overall,31,019c23e2-287c-7ccd-8fc1-96afe989471e,GDYŃSKA SZKOŁA SPOŁECZNA,gdynia/szkola-podstawowa/gdynska-szkola-spoleczna-90963,Gdynia,POMORSKIE,78.34,46,645,False
2022,overall,32,019c23e6-684d-706a-997d-2aa66781268f,ZESPÓŁ SZKÓŁ OGÓLNOKSZTAŁCĄCYCH NR 2 SZKOŁA PODSTAWOWA NR 33 IM. STEFANA BANACHA W GDAŃSKU,gdansk/szkola-podstawowa/zespol-szkol-ogolnoksztalcacych-nr-2-szkola-podstawowa-nr-33-im-stefana-banacha-w-gdansku-262215,Gdańsk,POMORSKIE,77.72,49,645,True
2022,overall,33,019c23dc-d559-74be-95fd-718e8de6e0c7,SZKOŁA PODSTAWOWA NR 48 IM. GEN. JÓZEFA HALLERA W GDAŃSKU,gdansk/szkola-podstawowa/szkola-podstawowa-nr-48-im-gen-jozefa-hallera-w-gdansku-39070,Gdańsk,POMORSKIE,77.27,50,645,True
2022,overall,34,019c23d9-2ff9-7558-b408-a671ea287fd4,SZKOŁA PODSTAWOWA NR 77 W GDAŃSKU,gdansk/szkola-podstawowa/szkola-podstawowa-nr-77-w-gdansku-10388,Gdańsk,POMORSKIE,76.15,53,645,True
2022,overall,35,019c23e6-0057-7286-81e5-64c55679732b,SZKOŁA PODSTAWOWA BE MONTESSORI SCHOOL GDAŃSK,gdansk/szkola-podstawowa/szkola-podstawowa-be-montessori-school-gdansk-131758,Gdańsk,POMORSKIE,75.76,54,645,False
2022,overall,36,019c23d8-c6c3-7bb7-8e43-445c8d4a0b6a,SZKOŁA PODSTAWOWA NR 27 IM. DZIECI ZJEDNOCZONEJ EUROPY W GDAŃSKU,gdansk/szkola-podstawowa/szkola-podstawowa-nr-27-im-dzieci-zjednoczonej-europy-w-gdansku-7678,Gdańsk,POMORSKIE,75.42,57,645,True
2022,overall,37,019c23d9-3461-76c2-9659-24047f985f67,SZKOŁA PODSTAWOWA NR 89 IM. TADEUSZA MAZOWIECKIEGO W GDAŃSKU,gdansk/szkola-podstawowa/szkola-podstawowa-nr-89-im-tadeusza-mazowieckiego-w-gdansku-10576,Gdańsk,POMORSKIE,75.22,58,645,True
2022,overall,38,019c23d8-ecbd-7091-915f-8b6001e8b49b,ZESPÓŁ SZKOLNO-PRZEDSZKOLNY NR 10 - SZKOŁA PODSTAWOWA NR 80 IM. BUDOWNICZYCH PORTU PÓŁNOCNEGO W GDAŃSKU,gdansk/szkola-podstawowa/zespol-szkolno-przedszkolny-nr-10-szkola-podstawowa-nr-80-im-budowniczych-portu-polnocnego-w-gdansku-8641,Gdańsk,POMORSKIE,74.98,59,645,True
2022,overall,39,019c23d9-2b63-75d2-adec-34a0b4117138,SZKOŁA PODSTAWOWA NR 47 IM. KASZUBSKIEJ BRYGADY WOP W GDAŃSKU,gdansk/szkola-podstawowa/szkola-podstawowa-nr-47-im-kaszubskiej-brygady-wop-w-gdansku-10347,Gdańsk,POMORSKIE,74.62,61,645,True
2022,overall,40,019c23d9-5991-7ce9-bb1e-4e647aaddc8a,SZKOŁA PODSTAWOWA NR 48 IM. PROFESORA KAZIMIERZA DEMELA,gdynia/szkola-podstawowa/szkola-podstawowa-nr-48-im-profesora-kazimierza-demela-11470,Gdynia,POMORSKIE,74.39,63,645,True
2022,overall,41,019c23a3-75b0-7d7e-86dd-3343db3b43a5,SZKOŁA PODSTAWOWA NR 34 Z ODDZIAŁAMI INTEGRACYJNYMI IM. LEONIDA TELIGI,gdynia/szkola-podstawowa/szkola-podstawowa-nr-34-z-oddzialami-integracyjnymi-im-leonida-teligi-4419,Gdynia,POMORSKIE,73.74,66,645,True
2022,overall,42,019c23e6-360d-759c-84e6-ceea1e717cdf,"PUBLICZNA SZKOŁA PODSTAWOWA ""OLIMPIJCZYK"" W GDAŃSKU Z ODDZIAŁAMI SPORTOWYMI",gdansk/szkola-podstawowa/publiczna-szkola-podstawowa-olimpijczyk-w-gdansku-z-oddzialami-sportowymi-133053,Gdańsk,POMORSKIE,73.32,67,645,True
2022,overall,43,019c23d9-0ec4-7c18-aff6-30bef43c1c8a,SZKOŁA PODSTAWOWA NR 39 IM. WOJSKA POLSKIEGO W GDAŃSKU,gdansk/szkola-podstawowa/szkola-podstawowa-nr-39-im-wojska-polskiego-w-gdansku-9587,Gdańsk,POMORSKIE,73.14,68,645,True
2022,overall,44,019c23da-df6d-70fb-a550-320356e362db,SZKOŁA PODSTAWOWA NR 81 W GDAŃSKU IM. PROF. MICHAŁA SIEDLECKIEGO,gdansk/szkola-podstawowa/szkola-podstawowa-nr-81-w-gdansku-im-prof-michala-siedleckiego-21025,Gdańsk,POMORSKIE,73.08,69,645,True
2022,overall,45,019c23e4-b360-786c-ac20-381ed98490bd,POZYTYWNA SZKOŁA PODSTAWOWA IM. ARKADIUSZA ARAMA RYBICKIEGO W GDAŃSKU,gdansk/szkola-podstawowa/pozytywna-szkola-podstawowa-im-arkadiusza-arama-rybickiego-w-gdansku-124084,Gdańsk,POMORSKIE,72.82,73,645,True
2022,overall,46,019c23da-c063-757a-ada4-fa8901bb4825,SZKOŁA PODSTAWOWA NR 85 IM. ZRZESZENIA KASZUBSKO-POMORSKIEGO W GDAŃSKU,gdansk/szkola-podstawowa/szkola-podstawowa-nr-85-im-zrzeszenia-kaszubsko-pomorskiego-w-gdansku-20267,Gdańsk,POMORSKIE,72.8,74,645,True
2022,overall,47,019c23d8-e47c-7508-876a-98d51336b614,SZKOŁA PODSTAWOWA NR 8 IM. OBROŃCÓW HELU,gdynia/szkola-podstawowa/szkola-podstawowa-nr-8-im-obroncow-helu-8469,Gdynia,POMORSKIE,72.47,76,645,True
2022,overall,48,019c23d8-a4ff-73a3-b479-b9299e17310f,SZKOŁA PODSTAWOWA NR 42 IM. KRÓLOWEJ JADWIGI,gdynia/szkola-podstawowa/szkola-podstawowa-nr-42-im-krolowej-jadwigi-6783,Gdynia,POMORSKIE,72.42,77,645,True
2022,overall,49,019c23d9-eba1-7f39-bab8-3a23a9c4095f,SZKOŁA PODSTAWOWA NR 1 IM. MARIUSZA ZARUSKIEGO W GDAŃSKU,gdansk/szkola-podstawowa/szkola-podstawowa-nr-1-im-mariusza-zaruskiego-w-gdansku-15124,Gdańsk,POMORSKIE,72.39,78,645,True
2022,overall,50,019c23a3-70d7-774d-af73-159690741af8,SZKOŁA PODSTAWOWA NR 16 IM. ORŁA BIAŁEGO,gdynia/szkola-podstawowa/szkola-podstawowa-nr-16-im-orla-bialego-4324,Gdynia,POMORSKIE,72.36,79,645,True
2022,overall,51,019c23d8-a52a-7a3a-8268-ef536be69d0e,SZKOŁA PODSTAWOWA NR 12,gdynia/szkola-podstawowa/szkola-podstawowa-nr-12-6850,Gdynia,POMORSKIE,72.23,80,645,True
2022,overall,52,019c23a3-75e9-7347-bd1d-1b2cbe30a2e8,SZKOŁA PODSTAWOWA NR 37 IM. OBROŃCÓW KĘPY OKSYWSKIEJ,gdynia/szkola-podstawowa/szkola-podstawowa-nr-37-im-obroncow-kepy-oksywskiej-4482,Gdynia,POMORSKIE,72,82,645,True
2022,overall,53,019c23e4-353d-7512-9435-8d4aefd8c29a,CHRZEŚCIJAŃSKA SZKOŁA MONTESSORI,gdansk/szkola-podstawowa/chrzescijanska-szkola-montessori-120645,Gdańsk,POMORSKIE,71.98,83,645,False
2022,overall,54,019c23d8-e470-7b69-baa6-781b51f124ca,SZKOŁA PODSTAWOWA NR 12 IM. PRZYJACIÓŁ GDAŃSKA,gdansk/szkola-podstawowa/szkola-podstawowa-nr-12-im-przyjaciol-gdanska-8438,Gdańsk,POMORSKIE,71.94,84,645,True
2022,overall,55,019c23d8-d727-7bf3-b3fe-24b3ada1fc95,ZESPÓŁ SZKOLNO-PRZEDSZKOLNY NR 8 SZKOŁA PODSTAWOWA NR 8 W GDAŃSKU IM. PRZYJACIÓŁ ZIEMI,gdansk/szkola-podstawowa/zespol-szkolno-przedszkolny-nr-8-szkola-podstawowa-nr-8-w-gdansku-im-przyjaciol-ziemi-8060,Gdańsk,POMORSKIE,71.75,86,645,True
2022,overall,56,019c23da-1b7c-792c-a0a7-e530093145c9,SZKOŁA PODSTAWOWA NR 19 IM. ZASŁUŻONYCH LUDZI MORZA W GDAŃSKU,gdansk/szkola-podstawowa/szkola-podstawowa-nr-19-im-zasluzonych-ludzi-morza-w-gdansku-16227,Gdańsk,POMORSKIE,71.6,87,645,True
2022,overall,57,019c23d8-c6bd-799e-9b80-d85cac1026bb,SZKOŁA PODSTAWOWA NR 46,gdynia/szkola-podstawowa/szkola-podstawowa-nr-46-7669,Gdynia,POMORSKIE,71.35,89,645,True
2022,overall,58,019c23d8-e07d-76cb-9b5e-85b1a751670d,SZKOŁA PODSTAWOWA NR 79 W GDAŃSKU,gdansk/szkola-podstawowa/szkola-podstawowa-nr-79-w-gdansku-8320,Gdańsk,POMORSKIE,71.23,90,645,True
2022,overall,59,019c23dc-1811-7223-957c-286dc340975f,ZESPÓŁ KSZTAŁCENIA PODSTAWOWEGO I PRZEDSZKOLNEGO NR 1 W GDAŃSKU - SZKOŁA PODSTAWOWA NR 87,gdansk/szkola-podstawowa/zespol-ksztalcenia-podstawowego-i-przedszkolnego-nr-1-w-gdansku-szkola-podstawowa-nr-87-29329,Gdańsk,POMORSKIE,71.17,91,645,True
2022,overall,60,019c23d9-553e-73e4-9ace-31fd26aede63,SZKOŁA PODSTAWOWA NR 2 Z ODDZIAŁAMI SPORTOWYMI IM. ARMII KRAJOWEJ W GDAŃSKU,gdansk/szkola-podstawowa/szkola-podstawowa-nr-2-z-oddzialami-sportowymi-im-armii-krajowej-w-gdansku-11368,Gdańsk,POMORSKIE,70.91,92,645,True
2022,overall,61,019c23d8-cacd-7a17-93b6-39278ecb5275,SZKOŁA PODSTAWOWA NR 47 IM FRANCISZKI CEGIELSKIEJ,gdynia/szkola-podstawowa/szkola-podstawowa-nr-47-im-franciszki-cegielskiej-7747,Gdynia,POMORSKIE,70.84,93,645,True
2022,overall,62,019c23d9-da46-7c1b-9c39-986de2e79ab4,SZKOŁA PODSTAWOWA NR 50 IM. E.PLATER W GDAŃSKU,gdansk/szkola-podstawowa/szkola-podstawowa-nr-50-im-e-plater-w-gdansku-14699,Gdańsk,POMORSKIE,70.29,94,645,True
2022,overall,63,019c23d9-0a68-79f6-a021-c13fdb35a980,SZKOŁA PODSTAWOWA NR 44 IM. ADAMA MICKIEWICZA W GDAŃSKU,gdansk/szkola-podstawowa/szkola-podstawowa-nr-44-im-adama-mickiewicza-w-gdansku-9480,Gdańsk,POMORSKIE,70.22,95,645,True
2022,overall,64,019c23e6-051e-7701-88cc-d1057025f38f,MORSKA SZKOŁA PODSTAWOWA IM. ALEKSANDRA DOBY W GDAŃSKU,gdansk/szkola-podstawowa/morska-szkola-podstawowa-im-aleksandra-doby-w-gdansku-131786,Gdańsk,POMORSKIE,69.91,100,645,True
2022,overall,65,019c23d9-4902-7358-8dc6-56f76bc75175,SZKOŁA PODSTAWOWA NR 46 W GDAŃSKU,gdansk/szkola-podstawowa/szkola-podstawowa-nr-46-w-gdansku-11134,Gdańsk,POMORSKIE,69.68,103,645,True
2022,overall,66,019c23a3-70d2-7755-a470-e426e5a2be3f,SZKOŁA PODSTAWOWA NR 26 IM. ŻOŁNIERZY ARMII KRAJOWEJ,gdynia/szkola-podstawowa/szkola-podstawowa-nr-26-im-zolnierzy-armii-krajowej-4319,Gdynia,POMORSKIE,69.53,105,645,True
2022,overall,67,019c23d8-e07a-727a-8b07-778131cb9584,SZKOŁA PODSTAWOWA NR 23 IM.DZIECI ŚWIATA W GDAŃSKU,gdansk/szkola-podstawowa/szkola-podstawowa-nr-23-im-dzieci-swiata-w-gdansku-8315,Gdańsk,POMORSKIE,69.24,107,645,True
2022,overall,68,019c23d9-0619-720a-93a6-8edb2759c6b2,SZKOŁA PODSTAWOWA NR 14 IM. KS. GRZEGORZA PIRAMOWICZA W GDAŃSKU,gdansk/szkola-podstawowa/szkola-podstawowa-nr-14-im-ks-grzegorza-piramowicza-w-gdansku-9378,Gdańsk,POMORSKIE,69.14,108,645,True
2022,overall,69,019c23e6-6336-74b1-a323-90ae58f27aae,SZKOŁA PODSTAWOWA NR 53 W GDYNI,gdynia/szkola-podstawowa/szkola-podstawowa-nr-53-w-gdyni-196340,Gdynia,POMORSKIE,69.12,110,645,True
2022,overall,70,019c23da-519a-7c2e-8060-0ebab795da65,SZKOŁA PODSTAWOWA NR 86 IM. PROF. JERZEGO SAMPA W GDAŃSKU,gdansk/szkola-podstawowa/szkola-podstawowa-nr-86-im-prof-jerzego-sampa-w-gdansku-17531,Gdańsk,POMORSKIE,69.06,112,645,True
2022,overall,71,019c23d8-fd9e-761e-b612-0e8e151bc223,ZESPÓŁ SZKOLNO-PRZEDSZKOLNY NR 2 -SZKOŁA PODSTAWOWA NR 42 IM. IGNACEGO JANA PADEREWSKIEGO W GDAŃSKU,gdansk/szkola-podstawowa/zespol-szkolno-przedszkolny-nr-2-szkola-podstawowa-nr-42-im-ignacego-jana-paderewskiego-w-gdansku-9082,Gdańsk,POMORSKIE,68.83,114,645,True
2022,overall,72,019c23dd-35b0-701e-8d37-e6dba044228e,SZKOŁA PODSTAWOWA NR 40 IM. KPT. Ż. W. K. O. BORCHARDTA W GDYNI,gdynia/szkola-podstawowa/szkola-podstawowa-nr-40-im-kpt-z-w-k-o-borchardta-w-gdyni-42897,Gdynia,POMORSKIE,68.8,115,645,True
2022,overall,73,019c23d9-389c-7d45-a285-0c4572f7f969,SZKOŁA PODSTAWOWA NR 24 IM. GUSTAWA MORCINKA W GDAŃSKU,gdansk/szkola-podstawowa/szkola-podstawowa-nr-24-im-gustawa-morcinka-w-gdansku-10634,Gdańsk,POMORSKIE,68.51,117,645,True
2022,overall,74,019c23da-3e61-71e4-b691-c712f00f4e4e,SZKOŁA PODSTAWOWA NR 38 IM. GEN. STANISŁAWA MACZKA W GDAŃSKU,gdansk/szkola-podstawowa/szkola-podstawowa-nr-38-im-gen-stanislawa-maczka-w-gdansku-17066,Gdańsk,POMORSKIE,68.44,118,645,True
2022,overall,75,019c23da-e3d0-7afd-9493-64c60b0c3411,SPORTOWA SZKOŁA PODSTAWOWA NR 14 IM. JÓZEFA WYBICKIEGO,gdynia/szkola-podstawowa/sportowa-szkola-podstawowa-nr-14-im-jozefa-wybickiego-21126,Gdynia,POMORSKIE,68.19,120,645,True
2022,overall,76,019c23e7-52ca-784c-811e-bda62a5e0807,NIEPUBLICZNA SZKOŁA PODSTAWOWA ŻYRAFIA OSADA,gdansk/szkola-podstawowa/niepubliczna-szkola-podstawowa-zyrafia-osada-272459,Gdańsk,POMORSKIE,67.95,125,645,False
2022,overall,77,019c23a3-7a00-7af2-af5c-a2ea233a5be0,SZKOŁA PODSTAWOWA NR 28 IM. LOTNIKÓW POLSKICH,gdynia/szkola-podstawowa/szkola-podstawowa-nr-28-im-lotnikow-polskich-4529,Gdynia,POMORSKIE,67.54,129,645,True
2022,overall,78,019c23e6-6335-7afe-bf27-af1cd30a158a,SZKOŁA PODSTAWOWA NR 51 W GDYNI,gdynia/szkola-podstawowa/szkola-podstawowa-nr-51-w-gdyni-196334,Gdynia,POMORSKIE,67.54,128,645,True
2022,overall,79,019c23e6-8234-7079-9edf-7a0a14cbe30e,NIEPUBLICZNA SZKOŁA PODSTAWOWA MISTRZOSTWA SPORTOWEGO GDAŃSKIEGO KLUBU SPORTOWEGO GEDANIA 1922,gdansk/szkola-podstawowa/niepubliczna-szkola-podstawowa-mistrzostwa-sportowego-gdanskiego-klubu-sportowego-gedania-1922-262911,Gdańsk,POMORSKIE,67.28,131,645,False
2022,overall,80,019c23d9-3446-7a8e-ab24-a3631d3f5f55,SZKOŁA PODSTAWOWA NR 17 IM. HETMANA STEFANA CZARNIECKIEGO W GDAŃSKU,gdansk/szkola-podstawowa/szkola-podstawowa-nr-17-im-hetmana-stefana-czarnieckiego-w-gdansku-10509,Gdańsk,POMORSKIE,67.27,133,645,True
2022,overall,81,019c23d9-eba2-7f0f-b37d-bc2daa935d0b,ZESPÓŁ SZKÓŁ OGÓLNOKSZTAŁCĄCYCH NR 8 W GDAŃSKU - SZKOŁA PODSTAWOWA NR 5 IM. JANA PAWŁA II,gdansk/szkola-podstawowa/zespol-szkol-ogolnoksztalcacych-nr-8-w-gdansku-szkola-podstawowa-nr-5-im-jana-pawla-ii-15126,Gdańsk,POMORSKIE,67.17,135,645,True
2022,overall,82,019c23d8-a94f-7be1-9898-adc01a806e7d,SZKOŁA PODSTAWOWA NR 11 IM. BOHATERÓW ZAŁOGI ORP GROM,gdynia/szkola-podstawowa/szkola-podstawowa-nr-11-im-bohaterow-zalogi-orp-grom-6970,Gdynia,POMORSKIE,66.95,137,645,True
2022,overall,83,019c23d9-345c-7ea2-b61b-48027c766a69,SZKOŁA PODSTAWOWA NR 35 Z ODDZIAŁAMI SPORTOWYMI IM. JANA PARANDOWSKIEGO W GDAŃSKU,gdansk/szkola-podstawowa/szkola-podstawowa-nr-35-z-oddzialami-sportowymi-im-jana-parandowskiego-w-gdansku-10561,Gdańsk,POMORSKIE,66.71,140,645,True
2022,overall,84,019c23d8-c2ba-7bcd-8948-9b3fcebc65ac,SZKOŁA PODSTAWOWA NR 44 IM. OBROŃCÓW WYBRZEŻA,gdynia/szkola-podstawowa/szkola-podstawowa-nr-44-im-obroncow-wybrzeza-7580,Gdynia,POMORSKIE,66.44,147,645,True
2022,overall,85,019c23d9-22dc-76f3-9e2a-664f7586c774,SZKOŁA PODSTAWOWA NR 45 IM. BOHATERÓW WESTERPLATTE W GDAŃSKU,gdansk/szkola-podstawowa/szkola-podstawowa-nr-45-im-bohaterow-westerplatte-w-gdansku-10166,Gdańsk,POMORSKIE,65.27,163,645,True
2022,overall,86,019c23da-ce21-7983-91bc-81d75501e8ec,SZKOŁA PODSTAWOWA NR 84 IM. JANA BRZECHWY W GDAŃSKU,gdansk/szkola-podstawowa/szkola-podstawowa-nr-84-im-jana-brzechwy-w-gdansku-20599,Gdańsk,POMORSKIE,64.59,169,645,True
2022,overall,87,019c23a3-6c54-7172-91cf-67b2ea639da9,SZKOŁA PODSTAWOWA NR 29 IM. STEFANA ŻEROMSKIEGO,gdynia/szkola-podstawowa/szkola-podstawowa-nr-29-im-stefana-zeromskiego-4282,Gdynia,POMORSKIE,64.4,171,645,True
2022,overall,88,019c23da-4809-7922-8ead-161d0e3c157b,ZESPÓŁ SZKOLNO-PRZEDSZKOLNY NR 5 SZKOŁA PODSTAWOWA NR 92 IM. KARD. STEFANA WYSZYŃSKIEGO PRYMASA TYSIĄCLECIA W GDAŃSKU,gdansk/szkola-podstawowa/zespol-szkolno-przedszkolny-nr-5-szkola-podstawowa-nr-92-im-kard-stefana-wyszynskiego-prymasa-tysiaclecia-w-gdansku-17348,Gdańsk,POMORSKIE,64.2,175,645,True
2022,overall,89,019c23da-16a7-7bae-bd8f-f15b4d7b4094,SZKOŁA PODSTAWOWA NR 58 IM. KAZIMIERZA SOŁTYSIKA W GDAŃSKU,gdansk/szkola-podstawowa/szkola-podstawowa-nr-58-im-kazimierza-soltysika-w-gdansku-16171,Gdańsk,POMORSKIE,64.07,176,645,True
2022,overall,90,019c23e0-d61a-7512-8943-90c776299544,GDAŃSKA SZKOŁA PODSTAWOWA,gdansk/szkola-podstawowa/gdanska-szkola-podstawowa-81749,Gdańsk,POMORSKIE,63.71,179,645,False
2022,overall,91,019c23da-2000-7339-9fe0-e64502f79156,SZKOŁA PODSTAWOWA NR 88 IM. DANIELA GABRIELA FAHRENHEITA W GDAŃSKU,gdansk/szkola-podstawowa/szkola-podstawowa-nr-88-im-daniela-gabriela-fahrenheita-w-gdansku-16374,Gdańsk,POMORSKIE,63.64,181,645,True
2022,overall,92,019c23a3-6c25-78e2-83db-aa6e190a852b,SZKOŁA PODSTAWOWA NR 39 IM. KPT Ż. W. KAZIMIERZA JURKIEWICZA,gdynia/szkola-podstawowa/szkola-podstawowa-nr-39-im-kpt-z-w-kazimierza-jurkiewicza-4221,Gdynia,POMORSKIE,63.48,184,645,True
2022,overall,93,019c23a3-70f8-75de-8860-8173575c4202,SZKOŁA PODSTAWOWA NR 33 IM. OBROŃCÓW KĘPY OKSYWSKIEJ,gdynia/szkola-podstawowa/szkola-podstawowa-nr-33-im-obroncow-kepy-oksywskiej-4369,Gdynia,POMORSKIE,63.45,185,645,True
2022,overall,94,019c23c2-5021-765c-a5a1-10c9aa4aff6d,SZKOŁA PODSTAWOWA NR 29 IM. JERZEGO PUCKA W GDAŃSKU,gdansk/szkola-podstawowa/szkola-podstawowa-nr-29-im-jerzego-pucka-w-gdansku-5981,Gdańsk,POMORSKIE,63.38,187,645,True
2022,overall,95,019c23a3-70c6-7bb5-a755-019f996cf421,SZKOŁA PODSTAWOWA NR 17 IM. WICEADM. JÓZEFA UNRUGA,gdynia/szkola-podstawowa/szkola-podstawowa-nr-17-im-wiceadm-jozefa-unruga-4307,Gdynia,POMORSKIE,63.36,188,645,True
2022,overall,96,019c23a3-6c42-73aa-8216-7415b651b210,SZKOŁA PODSTAWOWA NR 6 IM. ANTONIEGO ABRAHAMA,gdynia/szkola-podstawowa/szkola-podstawowa-nr-6-im-antoniego-abrahama-4254,Gdynia,POMORSKIE,63.28,189,645,True
2022,overall,97,019c23da-5197-7e67-b2b5-1afa97f67aed,ZESPÓŁ SZKOLNO - PRZEDSZKOLNY NR 1 W GDAŃSKU - SZKOŁA PODSTAWOWA NR 76 IM. JAROSŁAWA DĄBROWSKIEGO,gdansk/szkola-podstawowa/zespol-szkolno-przedszkolny-nr-1-w-gdansku-szkola-podstawowa-nr-76-im-jaroslawa-dabrowskiego-17523,Gdańsk,POMORSKIE,63.22,191,645,True
2022,overall,98,019c23da-4cf4-7a92-9517-c95e57d65bf2,ZESPÓŁ SZKÓŁ OGÓLNOKSZTAŁCĄCYCH NR 10 IM. EUGENIUSZA KWIATKOWSKIEGO W GDAŃSKU - SZKOŁA PODSTAWOWA NR 18,gdansk/szkola-podstawowa/zespol-szkol-ogolnoksztalcacych-nr-10-im-eugeniusza-kwiatkowskiego-w-gdansku-szkola-podstawowa-nr-18-17430,Gdańsk,POMORSKIE,62.99,195,645,True
2022,overall,99,019c23c2-3f92-75cb-905d-13b1f3eabd7d,SZKOŁA PODSTAWOWA NR 13 IM. LUCJANA CYLKOWSKIEGO,gdynia/szkola-podstawowa/szkola-podstawowa-nr-13-im-lucjana-cylkowskiego-5534,Gdynia,POMORSKIE,62.56,206,645,True
2022,overall,100,019c23d9-eba5-7de0-b876-e70dfbffee51,SZKOŁA PODSTAWOWA NR 82 IM. PROF. JANA CZOCHRALSKIEGO W GDAŃSKU,gdansk/szkola-podstawowa/szkola-podstawowa-nr-82-im-prof-jana-czochralskiego-w-gdansku-15135,Gdańsk,POMORSKIE,62.54,207,645,True
2022,overall,101,019c23a3-70e8-7c0e-af43-3222d4fabbed,SZKOŁA PODSTAWOWA NR 21 IM. LUDZI MORZA I MARZEŃ W GDYNI,gdynia/szkola-podstawowa/szkola-podstawowa-nr-21-im-ludzi-morza-i-marzen-w-gdyni-4342,Gdynia,POMORSKIE,62.49,210,645,True
2022,overall,102,019c23da-9c15-72ac-ab7f-c6b1a8a99cd9,SZKOŁA PODSTAWOWA NR 83 IM. ŻOŁNIERZY Z WESTERPLATTE W GDAŃSKU,gdansk/szkola-podstawowa/szkola-podstawowa-nr-83-im-zolnierzy-z-westerplatte-w-gdansku-19432,Gdańsk,POMORSKIE,60.88,234,645,True
2022,overall,103,019c23d8-fd9d-744e-9f82-5950635e30d5,SZKOŁA PODSTAWOWA NR 40 IM. KPT. LEONIDA TELIGI W GDAŃSKU,gdansk/szkola-podstawowa/szkola-podstawowa-nr-40-im-kpt-leonida-teligi-w-gdansku-9081,Gdańsk,POMORSKIE,60.85,235,645,True
2022,overall,104,019c23dc-b40a-798a-ba95-5692bb2959f6,SZKOŁA PODSTAWOWA NR 43 IM. WICEADMIRAŁA KAZIMIERZA PORĘBSKIEGO,gdynia/szkola-podstawowa/szkola-podstawowa-nr-43-im-wiceadmirala-kazimierza-porebskiego-35190,Gdynia,POMORSKIE,60.17,254,645,True
2022,overall,105,019c23da-6f03-7a2c-aca0-ea29a1b765a7,ZESPÓŁ SZKÓŁ SPORTOWYCH I MISTRZOSTWA SPORTOWEGO IM. JANUSZA KUSOCIŃSKIEGO SPORTOWA SZKOŁA PODSTAWOWA NR 75 Z ODDZIAŁAMI MISTRZOSTWA SPORTOWEGO IM. JANUSZA KUSOCIŃSKIEGO W GDAŃSKU,gdansk/szkola-podstawowa/zespol-szkol-sportowych-i-mistrzostwa-sportowego-im-janusza-kusocinskiego-sportowa-szkola-podstawowa-nr-75-z-oddzialami-mistrzostwa-sportowego-im-janusza-kusocinskiego-w-gdansku-18269,Gdańsk,POMORSKIE,59.95,258,645,True
2022,overall,106,019c23e7-2804-7c8c-82a9-e0fdb5ab5be2,ZESPÓŁ SZKOLNO-PRZEDSZKOLNY NR 6 SZKOŁA PODSTAWOWA NR 6 W GDAŃSKU,gdansk/szkola-podstawowa/zespol-szkolno-przedszkolny-nr-6-szkola-podstawowa-nr-6-w-gdansku-270564,Gdańsk,POMORSKIE,59.95,258,645,True
2022,overall,107,019c23d8-b206-7f8a-bf08-fb2a039dbb74,SZKOŁA PODSTAWOWA NR 31 IM. SYNÓW PUŁKU,gdynia/szkola-podstawowa/szkola-podstawowa-nr-31-im-synow-pulku-7112,Gdynia,POMORSKIE,59.76,264,645,True
2022,overall,108,019c23da-47f8-70d9-9ef8-b86e471b170f,ZESPÓŁ SZKOLNO-PRZEDSZKOLNY NR 4 SZKOŁA PODSTAWOWA NR 11 IM. NA BURSZTYNOWYM SZLAKU W GDAŃSKU,gdansk/szkola-podstawowa/zespol-szkolno-przedszkolny-nr-4-szkola-podstawowa-nr-11-im-na-bursztynowym-szlaku-w-gdansku-17319,Gdańsk,POMORSKIE,59.47,274,645,True
2022,overall,109,019c23dc-d54f-79dc-8565-c0afa55f1254,ZESPÓŁ SZKOLNO-PRZEDSZKOLNY NR 9 - SZKOŁA PODSTAWOWA NR 7 IM.MJRA MIECZYSŁAWA SŁABEGO,gdansk/szkola-podstawowa/zespol-szkolno-przedszkolny-nr-9-szkola-podstawowa-nr-7-im-mjra-mieczyslawa-slabego-39056,Gdańsk,POMORSKIE,59.33,276,645,True
2022,overall,110,019c23d9-0ead-7630-9204-e6b92d9fecdb,SZKOŁA PODSTAWOWA NR 15 IM. DR URSZULI MROCZKIEWICZ W GDAŃSKU,gdansk/szkola-podstawowa/szkola-podstawowa-nr-15-im-dr-urszuli-mroczkiewicz-w-gdansku-9540,Gdańsk,POMORSKIE,59.27,277,645,True
2022,overall,111,019c23d9-e794-7627-b7b8-61c1032c9f2c,SZKOŁA PODSTAWOWA NR 52 IM. TADEUSZA KOŚCIUSZKI W GDAŃSKU,gdansk/szkola-podstawowa/szkola-podstawowa-nr-52-im-tadeusza-kosciuszki-w-gdansku-15022,Gdańsk,POMORSKIE,59.17,282,645,True
2022,overall,112,019c23a3-6c55-7725-83c1-8f8655b3fd79,SZKOŁA PODSTAWOWA NR 35 IM. KPT. STANISŁAWA KOSKO,gdynia/szkola-podstawowa/szkola-podstawowa-nr-35-im-kpt-stanislawa-kosko-4284,Gdynia,POMORSKIE,59.11,285,645,True
2022,overall,113,019c23a3-6c51-7e63-8e84-358314c7f2f7,SZKOŁA PODSTAWOWA NR 23,gdynia/szkola-podstawowa/szkola-podstawowa-nr-23-4277,Gdynia,POMORSKIE,58.32,304,645,True
2022,overall,114,019c23e5-2a6a-73ce-975e-592aeded4b87,SZKOŁA PODSTAWOWA AKADEMII DOBREJ EDUKACJI IM. MACIEJA PŁAŻYŃSKIEGO,gdansk/szkola-podstawowa/szkola-podstawowa-akademii-dobrej-edukacji-im-macieja-plazynskiego-126944,Gdańsk,POMORSKIE,57.84,315,645,False
2022,overall,115,019c23d9-f4a4-71d1-8578-220dc18ef7eb,SZKOŁA PODSTAWOWA NR 60 W GDAŃSKU,gdansk/szkola-podstawowa/szkola-podstawowa-nr-60-w-gdansku-15253,Gdańsk,POMORSKIE,57.44,321,645,True
2022,overall,116,019c23d9-40b0-79b5-9655-7cab9095c18f,SZKOŁA PODSTAWOWA NR 20 W GDAŃSKU IM. KMDR PPOR. JANA GRUDZIŃSKIEGO,gdansk/szkola-podstawowa/szkola-podstawowa-nr-20-w-gdansku-im-kmdr-ppor-jana-grudzinskiego-10842,Gdańsk,POMORSKIE,56.68,334,645,True
2022,overall,117,019c23e6-3628-785b-a4dc-cc72df55f50b,ZESPÓŁ SZKÓŁ OGÓLNOKSZTAŁCĄCYCH NR 6 SZKOŁA PODSTAWOWA MISTRZOSTWA SPORTOWEGO NR 94 IM. HANZY W GDAŃSKU,gdansk/szkola-podstawowa/zespol-szkol-ogolnoksztalcacych-nr-6-szkola-podstawowa-mistrzostwa-sportowego-nr-94-im-hanzy-w-gdansku-133139,Gdańsk,POMORSKIE,55.12,365,645,True
2022,overall,118,019c23da-431f-7c71-94e8-8342096d9b44,SZKOŁA PODSTAWOWA NR 4 IM. KRÓLA KAZIMIERZA JAGIELLOŃCZYKA W GDAŃSKU,gdansk/szkola-podstawowa/szkola-podstawowa-nr-4-im-krola-kazimierza-jagiellonczyka-w-gdansku-17192,Gdańsk,POMORSKIE,54.75,379,645,True
2022,overall,119,019c23da-2801-7317-a118-0261767bd083,ZESPÓŁ SZKOLNO-PRZEDSZKOLNY NR 11- SZKOŁA PODSTAWOWA NR 61 IM. JÓZEFA WYBICKIEGO W GDAŃSKU,gdansk/szkola-podstawowa/zespol-szkolno-przedszkolny-nr-11-szkola-podstawowa-nr-61-im-jozefa-wybickiego-w-gdansku-16564,Gdańsk,POMORSKIE,54.62,384,645,True
2022,overall,120,019c23d9-12c5-7174-806b-5519c4e30380,SZKOŁA PODSTAWOWA NR 56 IM. ANDRZEJA STRUGA W GDAŃSKU,gdansk/szkola-podstawowa/szkola-podstawowa-nr-56-im-andrzeja-struga-w-gdansku-9704,Gdańsk,POMORSKIE,54.43,390,645,True
2022,overall,121,019c23da-282c-7c40-8042-3e6d22bcad3e,SZKOŁA PODSTAWOWA NR 62 W GDAŃSKU,gdansk/szkola-podstawowa/szkola-podstawowa-nr-62-w-gdansku-16641,Gdańsk,POMORSKIE,53.86,404,645,True
2022,overall,122,019c23d9-1ebc-7f7f-8e28-6fd73a5690e0,SZKOŁA PODSTAWOWA NR 21 IM. KPT. Ż. W. OLGIERDA BORCHARDTA W GDAŃSKU,gdansk/szkola-podstawowa/szkola-podstawowa-nr-21-im-kpt-z-w-olgierda-borchardta-w-gdansku-10067,Gdańsk,POMORSKIE,53.18,415,645,True
2022,overall,123,019c23da-ae03-724a-85aa-1dc846c7c42b,SZKOŁA PODSTAWOWA NR 65 IM. ALFA LICZMAŃSKIEGO W GDAŃSKU,gdansk/szkola-podstawowa/szkola-podstawowa-nr-65-im-alfa-liczmanskiego-w-gdansku-19820,Gdańsk,POMORSKIE,52.66,425,645,True
2022,overall,124,019c23d9-eba1-7f39-bab8-3a23a758f192,ZESPÓŁ SZKOLNO-PRZEDSZKOLNY NR 7 SZKOŁA PODSTAWOWA NR 55 IM. JANA HEWELIUSZA W GDAŃSKU,gdansk/szkola-podstawowa/zespol-szkolno-przedszkolny-nr-7-szkola-podstawowa-nr-55-im-jana-heweliusza-w-gdansku-15122,Gdańsk,POMORSKIE,52.42,430,645,True
2022,overall,125,019c23d9-f91c-7724-b746-258e3d238951,SZKOŁA PODSTAWOWA NR 57 IM. GEN. WŁADYSŁAWA ANDERSA W GDAŃSKU,gdansk/szkola-podstawowa/szkola-podstawowa-nr-57-im-gen-wladyslawa-andersa-w-gdansku-15431,Gdańsk,POMORSKIE,52.17,435,645,True
2022,overall,126,019c23da-0a47-79b7-8d48-cb89702169f5,SZKOŁA PODSTAWOWA NR 59 IM. I DYWIZJI PANCERNEJ GEN. STANISŁAWA MACZKA W GDAŃSKU,gdansk/szkola-podstawowa/szkola-podstawowa-nr-59-im-i-dywizji-pancernej-gen-stanislawa-maczka-w-gdansku-15831,Gdańsk,POMORSKIE,51.87,447,645,True
2022,overall,127,019c23a3-70b9-7839-89f4-5c8c3b97c69d,SZKOŁA PODSTAWOWA NR 10 IM. EUGENIUSZA KWIATKOWSKIEGO,gdynia/szkola-podstawowa/szkola-podstawowa-nr-10-im-eugeniusza-kwiatkowskiego-4300,Gdynia,POMORSKIE,51.14,459,645,True
2022,overall,128,019c23d9-4d0e-782d-8261-01f1fb99f1ce,SZKOŁA PODSTAWOWA NR 49 IM. KS. BRONISŁAWA KOMOROWSKIEGO W GDAŃSKU,gdansk/szkola-podstawowa/szkola-podstawowa-nr-49-im-ks-bronislawa-komorowskiego-w-gdansku-11179,Gdańsk,POMORSKIE,48.45,518,645,True
2022,overall,129,019c23da-4cec-7562-b8d2-47abc21f2b67,SZKOŁA PODSTAWOWA NR 69 IM GENERAŁA STANISŁAWA SOSABOWSKIEGO W GDAŃSKU,gdansk/szkola-podstawowa/szkola-podstawowa-nr-69-im-generala-stanislawa-sosabowskiego-w-gdansku-17410,Gdańsk,POMORSKIE,47.8,531,645,True
2022,overall,130,019c23d9-2b49-7cd5-adb2-cca317fb715b,SZKOŁA PODSTAWOWA NR 16 IM. WŁADYSŁAWA BRONIEWSKIEGO W GDAŃSKU,gdansk/szkola-podstawowa/szkola-podstawowa-nr-16-im-wladyslawa-broniewskiego-w-gdansku-10294,Gdańsk,POMORSKIE,47.21,539,645,True
2022,overall,131,019c23dc-d556-7fff-be9c-9054842b9126,SZKOŁA PODSTAWOWA SPECJALNA NR 28,gdansk/szkola-podstawowa/szkola-podstawowa-specjalna-nr-28-39066,Gdańsk,POMORSKIE,22.33,642,645,True
2023,overall,1,019c23dd-3a9e-7e6f-80ef-4d360046bc2a,"PODSTAWOWA SZKOŁA SPOŁECZNA ""NIEDŹWIEDNIK""",gdansk/szkola-podstawowa/podstawowa-szkola-spoleczna-niedzwiednik-43412,Gdańsk,POMORSKIE,92.95,1,653,False
2023,overall,2,019c23e1-616e-74f1-adca-e1dedbc7bfcc,GDAŃSKIE SZKOŁY AUTONOMICZNE GDAŃSKA AUTONOMICZNA SZKOŁA PODSTAWOWA,gdansk/szkola-podstawowa/gdanskie-szkoly-autonomiczne-gdanska-autonomiczna-szkola-podstawowa-85999,Gdańsk,POMORSKIE,92.54,2,653,False
2023,overall,3,019c23e4-0df5-72c8-8d0a-f60a60b1d6aa,FREGATA SZKOŁA PODSTAWOWA DLA DZIEWCZĄT,gdansk/szkola-podstawowa/fregata-szkola-podstawowa-dla-dziewczat-119762,Gdańsk,POMORSKIE,92.41,3,653,False
2023,overall,4,019c23df-42af-7f75-a61d-e7cab4b0088e,"NIEPUBLICZNA SZKOŁA PODSTAWOWA ""SOKRATES""",gdansk/szkola-podstawowa/niepubliczna-szkola-podstawowa-sokrates-66309,Gdańsk,POMORSKIE,89.87,4,653,False
2023,overall,5,019c23e2-10a9-7973-9adf-79949fc7bf33,AMERYKAŃSKA SZKOŁA PODSTAWOWA Z WYKŁADOWYM JĘZYKIEM ANGIELSKIM,gdynia/szkola-podstawowa/amerykanska-szkola-podstawowa-z-wykladowym-jezykiem-angielskim-90298,Gdynia,POMORSKIE,89.73,5,653,False
2023,overall,6,019c23c2-5015-788a-b0d6-d50600a116f4,PIERWSZA SZKOŁA SPOŁECZNA PODSTAWOWA IM.DZIECI ZJEDNOCZONEJ EUROPY,gdynia/szkola-podstawowa/pierwsza-szkola-spoleczna-podstawowa-im-dzieci-zjednoczonej-europy-5959,Gdynia,POMORSKIE,89.69,6,653,False
2023,overall,7,019c23e1-6b8c-747d-b86a-71d4163a5729,II SPOŁECZNA SZKOŁA PODSTAWOWA SPOŁECZNEGO TOWARZYSTWA OŚWIATOWEGO,gdansk/szkola-podstawowa/ii-spoleczna-szkola-podstawowa-spolecznego-towarzystwa-oswiatowego-86125,Gdańsk,POMORSKIE,89.16,7,653,False
2023,overall,8,019c23df-0382-744f-9214-164cfe6ca861,KATOLICKA SZKOŁA PODSTAWOWA IM ŚW. RODZINY W GDYNI,gdynia/szkola-podstawowa/katolicka-szkola-podstawowa-im-sw-rodziny-w-gdyni-62306,Gdynia,POMORSKIE,88.81,9,653,True
2023,overall,9,019c23d9-40aa-7f43-9c99-6ba57bfa4d05,"PRYWATNA SZKOŁA PODSTAWOWA ""LIBER""",gdynia/szkola-podstawowa/prywatna-szkola-podstawowa-liber-10829,Gdynia,POMORSKIE,88.51,11,653,False
2023,overall,10,019c23e1-7027-749c-bb81-1e9b35e222db,SZKOŁA PODSTAWOWA IM. ŚW. JANA DE LA SALLE,gdansk/szkola-podstawowa/szkola-podstawowa-im-sw-jana-de-la-salle-86264,Gdańsk,POMORSKIE,88.25,12,653,False
2023,overall,11,019c23e1-7546-7a86-9791-e2c8d2fa541c,III SPOŁECZNA SZKOŁA PODSTAWOWA SPOŁECZNEGO TOWARZYSTWA OŚWIATOWEGO,gdansk/szkola-podstawowa/iii-spoleczna-szkola-podstawowa-spolecznego-towarzystwa-oswiatowego-86458,Gdańsk,POMORSKIE,87.88,13,653,False
2023,overall,12,019c23e1-6bad-7a57-91d1-e87f5608fb63,I SPOŁECZNA SZKOŁA PODSTAWOWA SPOŁECZNEGO TOWARZYSTWA OŚWIATOWEGO,gdansk/szkola-podstawowa/i-spoleczna-szkola-podstawowa-spolecznego-towarzystwa-oswiatowego-86148,Gdańsk,POMORSKIE,87.52,14,653,False
2023,overall,13,019c23e6-684d-706a-997d-2aa66781268f,ZESPÓŁ SZKÓŁ OGÓLNOKSZTAŁCĄCYCH NR 2 SZKOŁA PODSTAWOWA NR 33 IM. STEFANA BANACHA W GDAŃSKU,gdansk/szkola-podstawowa/zespol-szkol-ogolnoksztalcacych-nr-2-szkola-podstawowa-nr-33-im-stefana-banacha-w-gdansku-262215,Gdańsk,POMORSKIE,83.71,17,653,True
2023,overall,14,019c23e6-8743-7bcc-93e1-e404525427ad,KATOLICKA SZKOŁA PODSTAWOWA IM. ŚW. JANA PAWŁA II W GDYNI,gdynia/szkola-podstawowa/katolicka-szkola-podstawowa-im-sw-jana-pawla-ii-w-gdyni-263021,Gdynia,POMORSKIE,83.61,18,653,True
2023,overall,15,019c23e1-702a-7a7b-ac88-3904f32de525,KATOLICKA SZKOŁA PODSTAWOWA IM. ŚW. KAZIMIERZA W GDAŃSKU,gdansk/szkola-podstawowa/katolicka-szkola-podstawowa-im-sw-kazimierza-w-gdansku-86270,Gdańsk,POMORSKIE,83.23,19,653,False
2023,overall,16,019c23dc-4f7e-7b00-893f-76a6c05182cb,"""FREGATA"" SZKOŁA PODSTAWOWA DLA CHŁOPCÓW",gdansk/szkola-podstawowa/fregata-szkola-podstawowa-dla-chlopcow-30613,Gdańsk,POMORSKIE,82.91,20,653,False
2023,overall,17,019c23a3-638e-77f5-a650-11ec5780f3a1,SZKOŁA PODSTAWOWA NR 20 IM. 2 MORSKIEGO PUŁKU STRZELCÓW,gdynia/szkola-podstawowa/szkola-podstawowa-nr-20-im-2-morskiego-pulku-strzelcow-4053,Gdynia,POMORSKIE,82.64,21,653,True
2023,overall,18,019c23a3-7a25-7a48-9035-f6ee0586e79e,SZKOŁA PODSTAWOWA NR 18 IM. KORNELA MAKUSZYŃSKIEGO,gdynia/szkola-podstawowa/szkola-podstawowa-nr-18-im-kornela-makuszynskiego-4563,Gdynia,POMORSKIE,81.88,24,653,True
2023,overall,19,019c23e4-e46e-77cd-9898-1265e6b8e72a,"SZKOŁA PODSTAWOWA TOWARZYSTWA EDUKACYJNEGO ""VIZJA""",gdansk/szkola-podstawowa/szkola-podstawowa-towarzystwa-edukacyjnego-vizja-125174,Gdańsk,POMORSKIE,81.45,25,653,False
2023,overall,20,019c23d8-c6c3-7bb7-8e43-445c8d4a0b6a,SZKOŁA PODSTAWOWA NR 27 IM. DZIECI ZJEDNOCZONEJ EUROPY W GDAŃSKU,gdansk/szkola-podstawowa/szkola-podstawowa-nr-27-im-dzieci-zjednoczonej-europy-w-gdansku-7678,Gdańsk,POMORSKIE,81.37,26,653,True
2023,overall,21,019c23e0-8b74-72e7-8e09-ed9226ceb02a,"NIEPUBLICZNA SZKOŁA PODSTAWOWA ""NASZA SZKOŁA""",gdansk/szkola-podstawowa/niepubliczna-szkola-podstawowa-nasza-szkola-79859,Gdańsk,POMORSKIE,81.29,27,653,False
2023,overall,22,019c23e6-0057-7286-81e5-64c55679732b,SZKOŁA PODSTAWOWA BE MONTESSORI SCHOOL GDAŃSK,gdansk/szkola-podstawowa/szkola-podstawowa-be-montessori-school-gdansk-131758,Gdańsk,POMORSKIE,80.18,32,653,False
2023,overall,23,019c23da-df6d-70fb-a550-320356e362db,SZKOŁA PODSTAWOWA NR 81 W GDAŃSKU IM. PROF. MICHAŁA SIEDLECKIEGO,gdansk/szkola-podstawowa/szkola-podstawowa-nr-81-w-gdansku-im-prof-michala-siedleckiego-21025,Gdańsk,POMORSKIE,79.78,35,653,True
2023,overall,24,019c23e6-44e2-71ff-9942-036eed85be55,SZKOŁA PODSTAWOWA JEZUITÓW Z ODDZIAŁAMI DWUJĘZYCZNYMI IM. ŚW. STANISŁAWA KOSTKI W GDYNI,gdynia/szkola-podstawowa/szkola-podstawowa-jezuitow-z-oddzialami-dwujezycznymi-im-sw-stanislawa-kostki-w-gdyni-133486,Gdynia,POMORSKIE,79.5,36,653,False
2023,overall,25,019c23dc-0ac6-7b9c-beca-c8c521f0c7d0,NIEPUBLICZNA POLSKO-BRYTYJSKA SZKOŁA PODSTAWOWA NR 1,gdansk/szkola-podstawowa/niepubliczna-polsko-brytyjska-szkola-podstawowa-nr-1-28757,Gdańsk,POMORSKIE,79.39,37,653,False
2023,overall,26,019c23e1-6622-77f7-a4ee-d5f098fbba0c,ELEMENTARY INTERNATIONAL SCHOOL OF GDANSK/MIĘDZYNARODOWA SZKOŁA PODSTAWOWA W GDAŃSKU,gdansk/szkola-podstawowa/elementary-international-school-of-gdansk-miedzynarodowa-szkola-podstawowa-w-gdansku-86063,Gdańsk,POMORSKIE,78.92,41,653,False
2023,overall,27,019c23dc-d559-74be-95fd-718e8de6e0c7,SZKOŁA PODSTAWOWA NR 48 IM. GEN. JÓZEFA HALLERA W GDAŃSKU,gdansk/szkola-podstawowa/szkola-podstawowa-nr-48-im-gen-jozefa-hallera-w-gdansku-39070,Gdańsk,POMORSKIE,78.74,42,653,True
2023,overall,28,019c23e6-8232-73bf-b6e1-7a35421bad2a,GDAŃSKA SZKOŁA PODSTAWOWA LINGWISTA IM. HYMNU NARODOWEGO,gdansk/szkola-podstawowa/gdanska-szkola-podstawowa-lingwista-im-hymnu-narodowego-262904,Gdańsk,POMORSKIE,78.31,43,653,False
2023,overall,29,019c23e0-a250-77d3-9f40-51c0eb31bc45,NOWY ŚWIAT NIEPUBLICZNA SZKOŁA PODSTAWOWA,gdansk/szkola-podstawowa/nowy-swiat-niepubliczna-szkola-podstawowa-80448,Gdańsk,POMORSKIE,78.21,44,653,False
2023,overall,30,019c23d8-c6bd-799e-9b80-d85cac1026bb,SZKOŁA PODSTAWOWA NR 46,gdynia/szkola-podstawowa/szkola-podstawowa-nr-46-7669,Gdynia,POMORSKIE,78.19,45,653,True
2023,overall,31,019c23d8-ecbd-7091-915f-8b6001e8b49b,ZESPÓŁ SZKOLNO-PRZEDSZKOLNY NR 10 - SZKOŁA PODSTAWOWA NR 80 IM. BUDOWNICZYCH PORTU PÓŁNOCNEGO W GDAŃSKU,gdansk/szkola-podstawowa/zespol-szkolno-przedszkolny-nr-10-szkola-podstawowa-nr-80-im-budowniczych-portu-polnocnego-w-gdansku-8641,Gdańsk,POMORSKIE,77.65,47,653,True
2023,overall,32,019c23d9-2ff9-7558-b408-a671ea287fd4,SZKOŁA PODSTAWOWA NR 77 W GDAŃSKU,gdansk/szkola-podstawowa/szkola-podstawowa-nr-77-w-gdansku-10388,Gdańsk,POMORSKIE,77.52,48,653,True
2023,overall,33,019c23e4-b360-786c-ac20-381ed98490bd,POZYTYWNA SZKOŁA PODSTAWOWA IM. ARKADIUSZA ARAMA RYBICKIEGO W GDAŃSKU,gdansk/szkola-podstawowa/pozytywna-szkola-podstawowa-im-arkadiusza-arama-rybickiego-w-gdansku-124084,Gdańsk,POMORSKIE,77.13,49,653,True
2023,overall,34,019c23d9-389c-7d45-a285-0c4572f7f969,SZKOŁA PODSTAWOWA NR 24 IM. GUSTAWA MORCINKA W GDAŃSKU,gdansk/szkola-podstawowa/szkola-podstawowa-nr-24-im-gustawa-morcinka-w-gdansku-10634,Gdańsk,POMORSKIE,76.78,51,653,True
2023,overall,35,019c23d9-1e9b-77ef-b38a-df73b6885e86,GDAŃSKA SZKOŁA SZERMIERKI - SZKOŁA PODSTAWOWA NR 70 Z ODDZIAŁAMI SPORTOWYMI W GDAŃSKU,gdansk/szkola-podstawowa/gdanska-szkola-szermierki-szkola-podstawowa-nr-70-z-oddzialami-sportowymi-w-gdansku-9987,Gdańsk,POMORSKIE,76.25,53,653,True
2023,overall,36,019c23a3-75b0-7d7e-86dd-3343db3b43a5,SZKOŁA PODSTAWOWA NR 34 Z ODDZIAŁAMI INTEGRACYJNYMI IM. LEONIDA TELIGI,gdynia/szkola-podstawowa/szkola-podstawowa-nr-34-z-oddzialami-integracyjnymi-im-leonida-teligi-4419,Gdynia,POMORSKIE,76.14,54,653,True
2023,overall,37,019c23d9-eba1-7f39-bab8-3a23a9c4095f,SZKOŁA PODSTAWOWA NR 1 IM. MARIUSZA ZARUSKIEGO W GDAŃSKU,gdansk/szkola-podstawowa/szkola-podstawowa-nr-1-im-mariusza-zaruskiego-w-gdansku-15124,Gdańsk,POMORSKIE,76.07,55,653,True
2023,overall,38,019c23df-d124-73b5-88a5-48d994aa5d99,BRITISH INTERNATIONAL SCHOOL GDAŃSK - SZKOLA PODSTAWOWA,gdansk/szkola-podstawowa/british-international-school-gdansk-szkola-podstawowa-71958,Gdańsk,POMORSKIE,75.64,57,653,False
2023,overall,39,019c23da-1b7c-792c-a0a7-e530093145c9,SZKOŁA PODSTAWOWA NR 19 IM. ZASŁUŻONYCH LUDZI MORZA W GDAŃSKU,gdansk/szkola-podstawowa/szkola-podstawowa-nr-19-im-zasluzonych-ludzi-morza-w-gdansku-16227,Gdańsk,POMORSKIE,75.53,58,653,True
2023,overall,40,019c23e8-3026-748c-b0d9-c17836f616c0,NIEPUBLICZNA SZKOŁA PODSTAWOWA MENTAL ARTS,gdansk/szkola-podstawowa/niepubliczna-szkola-podstawowa-mental-arts-478563,Gdańsk,POMORSKIE,75.38,59,653,False
2023,overall,41,019c23d9-3446-7a8e-ab24-a3631d3f5f55,SZKOŁA PODSTAWOWA NR 17 IM. HETMANA STEFANA CZARNIECKIEGO W GDAŃSKU,gdansk/szkola-podstawowa/szkola-podstawowa-nr-17-im-hetmana-stefana-czarnieckiego-w-gdansku-10509,Gdańsk,POMORSKIE,75.25,60,653,True
2023,overall,42,019c23df-42b0-741e-a372-78fd58048094,"GDAŃSKA SZKOŁA PODSTAWOWA ""LINGWISTA"" IM. ZJEDNOCZONEJ EUROPY",gdansk/szkola-podstawowa/gdanska-szkola-podstawowa-lingwista-im-zjednoczonej-europy-66313,Gdańsk,POMORSKIE,75,62,653,False
2023,overall,43,019c23da-c063-757a-ada4-fa8901bb4825,SZKOŁA PODSTAWOWA NR 85 IM. ZRZESZENIA KASZUBSKO-POMORSKIEGO W GDAŃSKU,gdansk/szkola-podstawowa/szkola-podstawowa-nr-85-im-zrzeszenia-kaszubsko-pomorskiego-w-gdansku-20267,Gdańsk,POMORSKIE,74.51,67,653,True
2023,overall,44,019c23d8-a52a-7a3a-8268-ef536be69d0e,SZKOŁA PODSTAWOWA NR 12,gdynia/szkola-podstawowa/szkola-podstawowa-nr-12-6850,Gdynia,POMORSKIE,74.34,68,653,True
2023,overall,45,019c23d9-da46-7c1b-9c39-986de2e79ab4,SZKOŁA PODSTAWOWA NR 50 IM. E.PLATER W GDAŃSKU,gdansk/szkola-podstawowa/szkola-podstawowa-nr-50-im-e-plater-w-gdansku-14699,Gdańsk,POMORSKIE,73.93,69,653,True
2023,overall,46,019c23d9-2b63-75d2-adec-34a0b4117138,SZKOŁA PODSTAWOWA NR 47 IM. KASZUBSKIEJ BRYGADY WOP W GDAŃSKU,gdansk/szkola-podstawowa/szkola-podstawowa-nr-47-im-kaszubskiej-brygady-wop-w-gdansku-10347,Gdańsk,POMORSKIE,73.76,70,653,True
2023,overall,47,019c23dc-1811-7223-957c-286dc340975f,ZESPÓŁ KSZTAŁCENIA PODSTAWOWEGO I PRZEDSZKOLNEGO NR 1 W GDAŃSKU - SZKOŁA PODSTAWOWA NR 87,gdansk/szkola-podstawowa/zespol-ksztalcenia-podstawowego-i-przedszkolnego-nr-1-w-gdansku-szkola-podstawowa-nr-87-29329,Gdańsk,POMORSKIE,73.63,71,653,True
2023,overall,48,019c23e7-a912-7e55-98fb-7e95644024c0,AUTONOMICZNA SZKOŁA PODSTAWOWA W GDYNI,gdynia/szkola-podstawowa/autonomiczna-szkola-podstawowa-w-gdyni-275665,Gdynia,POMORSKIE,73.49,73,653,False
2023,overall,49,019c23d9-5991-7ce9-bb1e-4e647aaddc8a,SZKOŁA PODSTAWOWA NR 48 IM. PROFESORA KAZIMIERZA DEMELA,gdynia/szkola-podstawowa/szkola-podstawowa-nr-48-im-profesora-kazimierza-demela-11470,Gdynia,POMORSKIE,73.46,74,653,True
2023,overall,50,019c23d8-e47c-7508-876a-98d51336b614,SZKOŁA PODSTAWOWA NR 8 IM. OBROŃCÓW HELU,gdynia/szkola-podstawowa/szkola-podstawowa-nr-8-im-obroncow-helu-8469,Gdynia,POMORSKIE,73.46,75,653,True
2023,overall,51,019c23e2-287c-7ccd-8fc1-96afe989471e,GDYŃSKA SZKOŁA SPOŁECZNA,gdynia/szkola-podstawowa/gdynska-szkola-spoleczna-90963,Gdynia,POMORSKIE,73.33,76,653,False
2023,overall,52,019c23a3-70d7-774d-af73-159690741af8,SZKOŁA PODSTAWOWA NR 16 IM. ORŁA BIAŁEGO,gdynia/szkola-podstawowa/szkola-podstawowa-nr-16-im-orla-bialego-4324,Gdynia,POMORSKIE,73.08,78,653,True
2023,overall,53,019c23e6-051e-7701-88cc-d1057025f38f,MORSKA SZKOŁA PODSTAWOWA IM. ALEKSANDRA DOBY W GDAŃSKU,gdansk/szkola-podstawowa/morska-szkola-podstawowa-im-aleksandra-doby-w-gdansku-131786,Gdańsk,POMORSKIE,72.83,80,653,True
2023,overall,54,019c23e6-6335-7afe-bf27-af1cd30a158a,SZKOŁA PODSTAWOWA NR 51 W GDYNI,gdynia/szkola-podstawowa/szkola-podstawowa-nr-51-w-gdyni-196334,Gdynia,POMORSKIE,72.82,81,653,True
2023,overall,55,019c23da-6f03-7a2c-aca0-ea29a1b765a7,ZESPÓŁ SZKÓŁ SPORTOWYCH I MISTRZOSTWA SPORTOWEGO IM. JANUSZA KUSOCIŃSKIEGO SPORTOWA SZKOŁA PODSTAWOWA NR 75 Z ODDZIAŁAMI MISTRZOSTWA SPORTOWEGO IM. JANUSZA KUSOCIŃSKIEGO W GDAŃSKU,gdansk/szkola-podstawowa/zespol-szkol-sportowych-i-mistrzostwa-sportowego-im-janusza-kusocinskiego-sportowa-szkola-podstawowa-nr-75-z-oddzialami-mistrzostwa-sportowego-im-janusza-kusocinskiego-w-gdansku-18269,Gdańsk,POMORSKIE,72.8,82,653,True
2023,overall,56,019c23d8-d727-7bf3-b3fe-24b3ada1fc95,ZESPÓŁ SZKOLNO-PRZEDSZKOLNY NR 8 SZKOŁA PODSTAWOWA NR 8 W GDAŃSKU IM. PRZYJACIÓŁ ZIEMI,gdansk/szkola-podstawowa/zespol-szkolno-przedszkolny-nr-8-szkola-podstawowa-nr-8-w-gdansku-im-przyjaciol-ziemi-8060,Gdańsk,POMORSKIE,72.43,83,653,True
2023,overall,57,019c23e6-3628-785b-a4dc-cc72df55f50b,ZESPÓŁ SZKÓŁ OGÓLNOKSZTAŁCĄCYCH NR 6 SZKOŁA PODSTAWOWA MISTRZOSTWA SPORTOWEGO NR 94 IM. HANZY W GDAŃSKU,gdansk/szkola-podstawowa/zespol-szkol-ogolnoksztalcacych-nr-6-szkola-podstawowa-mistrzostwa-sportowego-nr-94-im-hanzy-w-gdansku-133139,Gdańsk,POMORSKIE,72.34,84,653,True
2023,overall,58,019c23dd-003a-7b91-bef7-d4aa330ccd8f,PODSTAWOWA SZKOŁA GEDANENSIS,gdansk/szkola-podstawowa/podstawowa-szkola-gedanensis-41069,Gdańsk,POMORSKIE,72.16,85,653,False
2023,overall,59,019c23d9-0a68-79f6-a021-c13fdb35a980,SZKOŁA PODSTAWOWA NR 44 IM. ADAMA MICKIEWICZA W GDAŃSKU,gdansk/szkola-podstawowa/szkola-podstawowa-nr-44-im-adama-mickiewicza-w-gdansku-9480,Gdańsk,POMORSKIE,72.1,87,653,True
2023,overall,60,019c23d9-0ec4-7c18-aff6-30bef43c1c8a,SZKOŁA PODSTAWOWA NR 39 IM. WOJSKA POLSKIEGO W GDAŃSKU,gdansk/szkola-podstawowa/szkola-podstawowa-nr-39-im-wojska-polskiego-w-gdansku-9587,Gdańsk,POMORSKIE,71.59,89,653,True
2023,overall,61,019c23c2-5021-765c-a5a1-10c9aa4aff6d,SZKOŁA PODSTAWOWA NR 29 IM. JERZEGO PUCKA W GDAŃSKU,gdansk/szkola-podstawowa/szkola-podstawowa-nr-29-im-jerzego-pucka-w-gdansku-5981,Gdańsk,POMORSKIE,71.52,90,653,True
2023,overall,62,019c23d8-a94f-7be1-9898-adc01a806e7d,SZKOŁA PODSTAWOWA NR 11 IM. BOHATERÓW ZAŁOGI ORP GROM,gdynia/szkola-podstawowa/szkola-podstawowa-nr-11-im-bohaterow-zalogi-orp-grom-6970,Gdynia,POMORSKIE,71.28,92,653,True
2023,overall,63,019c23d8-fd9e-761e-b612-0e8e151bc223,ZESPÓŁ SZKOLNO-PRZEDSZKOLNY NR 2 -SZKOŁA PODSTAWOWA NR 42 IM. IGNACEGO JANA PADEREWSKIEGO W GDAŃSKU,gdansk/szkola-podstawowa/zespol-szkolno-przedszkolny-nr-2-szkola-podstawowa-nr-42-im-ignacego-jana-paderewskiego-w-gdansku-9082,Gdańsk,POMORSKIE,71.21,94,653,True
2023,overall,64,019c23d9-553e-73e4-9ace-31fd26aede63,SZKOŁA PODSTAWOWA NR 2 Z ODDZIAŁAMI SPORTOWYMI IM. ARMII KRAJOWEJ W GDAŃSKU,gdansk/szkola-podstawowa/szkola-podstawowa-nr-2-z-oddzialami-sportowymi-im-armii-krajowej-w-gdansku-11368,Gdańsk,POMORSKIE,70.97,95,653,True
2023,overall,65,019c23d8-e470-7b69-baa6-781b51f124ca,SZKOŁA PODSTAWOWA NR 12 IM. PRZYJACIÓŁ GDAŃSKA,gdansk/szkola-podstawowa/szkola-podstawowa-nr-12-im-przyjaciol-gdanska-8438,Gdańsk,POMORSKIE,70.85,96,653,True
2023,overall,66,019c23e4-353d-7512-9435-8d4aefd8c29a,CHRZEŚCIJAŃSKA SZKOŁA MONTESSORI,gdansk/szkola-podstawowa/chrzescijanska-szkola-montessori-120645,Gdańsk,POMORSKIE,70.67,99,653,False
2023,overall,67,019c23a3-75e9-7347-bd1d-1b2cbe30a2e8,SZKOŁA PODSTAWOWA NR 37 IM. OBROŃCÓW KĘPY OKSYWSKIEJ,gdynia/szkola-podstawowa/szkola-podstawowa-nr-37-im-obroncow-kepy-oksywskiej-4482,Gdynia,POMORSKIE,70.3,103,653,True
2023,overall,68,019c23e6-684b-7419-81fe-0a53b548460f,SZKOŁA PODSTAWOWA NR 43 IM. JANA KOCHANOWSKIEGO W GDAŃSKU,gdansk/szkola-podstawowa/szkola-podstawowa-nr-43-im-jana-kochanowskiego-w-gdansku-262207,Gdańsk,POMORSKIE,70.13,105,653,True
2023,overall,69,019c23da-3e61-71e4-b691-c712f00f4e4e,SZKOŁA PODSTAWOWA NR 38 IM. GEN. STANISŁAWA MACZKA W GDAŃSKU,gdansk/szkola-podstawowa/szkola-podstawowa-nr-38-im-gen-stanislawa-maczka-w-gdansku-17066,Gdańsk,POMORSKIE,70.03,106,653,True
2023,overall,70,019c23a3-70d2-7755-a470-e426e5a2be3f,SZKOŁA PODSTAWOWA NR 26 IM. ŻOŁNIERZY ARMII KRAJOWEJ,gdynia/szkola-podstawowa/szkola-podstawowa-nr-26-im-zolnierzy-armii-krajowej-4319,Gdynia,POMORSKIE,70.02,107,653,True
2023,overall,71,019c23da-0a47-79b7-8d48-cb89702169f5,SZKOŁA PODSTAWOWA NR 59 IM. I DYWIZJI PANCERNEJ GEN. STANISŁAWA MACZKA W GDAŃSKU,gdansk/szkola-podstawowa/szkola-podstawowa-nr-59-im-i-dywizji-pancernej-gen-stanislawa-maczka-w-gdansku-15831,Gdańsk,POMORSKIE,70,108,653,True
2023,overall,72,019c23d9-22dc-76f3-9e2a-664f7586c774,SZKOŁA PODSTAWOWA NR 45 IM. BOHATERÓW WESTERPLATTE W GDAŃSKU,gdansk/szkola-podstawowa/szkola-podstawowa-nr-45-im-bohaterow-westerplatte-w-gdansku-10166,Gdańsk,POMORSKIE,69.47,110,653,True
2023,overall,73,019c23d9-3461-76c2-9659-24047f985f67,SZKOŁA PODSTAWOWA NR 89 IM. TADEUSZA MAZOWIECKIEGO W GDAŃSKU,gdansk/szkola-podstawowa/szkola-podstawowa-nr-89-im-tadeusza-mazowieckiego-w-gdansku-10576,Gdańsk,POMORSKIE,69.41,111,653,True
2023,overall,74,019c23a3-70c6-7bb5-a755-019f996cf421,SZKOŁA PODSTAWOWA NR 17 IM. WICEADM. JÓZEFA UNRUGA,gdynia/szkola-podstawowa/szkola-podstawowa-nr-17-im-wiceadm-jozefa-unruga-4307,Gdynia,POMORSKIE,69.36,112,653,True
2023,overall,75,019c23da-ce21-7983-91bc-81d75501e8ec,SZKOŁA PODSTAWOWA NR 84 IM. JANA BRZECHWY W GDAŃSKU,gdansk/szkola-podstawowa/szkola-podstawowa-nr-84-im-jana-brzechwy-w-gdansku-20599,Gdańsk,POMORSKIE,69.29,114,653,True
2023,overall,76,019c23d9-0619-720a-93a6-8edb2759c6b2,SZKOŁA PODSTAWOWA NR 14 IM. KS. GRZEGORZA PIRAMOWICZA W GDAŃSKU,gdansk/szkola-podstawowa/szkola-podstawowa-nr-14-im-ks-grzegorza-piramowicza-w-gdansku-9378,Gdańsk,POMORSKIE,69.08,115,653,True
2023,overall,77,019c23d8-e07a-727a-8b07-778131cb9584,SZKOŁA PODSTAWOWA NR 23 IM.DZIECI ŚWIATA W GDAŃSKU,gdansk/szkola-podstawowa/szkola-podstawowa-nr-23-im-dzieci-swiata-w-gdansku-8315,Gdańsk,POMORSKIE,68.64,119,653,True
2023,overall,78,019c23e6-822b-71e3-aeb7-37bd77f77703,NIEPUBLICZNA SZKOŁA PODSTAWOWA THINKING ZONE W GDAŃSKU,gdansk/szkola-podstawowa/niepubliczna-szkola-podstawowa-thinking-zone-w-gdansku-262876,Gdańsk,POMORSKIE,68.63,120,653,False
2023,overall,79,019c23da-519a-7c2e-8060-0ebab795da65,SZKOŁA PODSTAWOWA NR 86 IM. PROF. JERZEGO SAMPA W GDAŃSKU,gdansk/szkola-podstawowa/szkola-podstawowa-nr-86-im-prof-jerzego-sampa-w-gdansku-17531,Gdańsk,POMORSKIE,68.51,121,653,True
2023,overall,80,019c23e6-360d-759c-84e6-ceea1e717cdf,"PUBLICZNA SZKOŁA PODSTAWOWA ""OLIMPIJCZYK"" W GDAŃSKU Z ODDZIAŁAMI SPORTOWYMI",gdansk/szkola-podstawowa/publiczna-szkola-podstawowa-olimpijczyk-w-gdansku-z-oddzialami-sportowymi-133053,Gdańsk,POMORSKIE,68.32,123,653,True
2023,overall,81,019c23dc-d54f-79dc-8565-c0afa55f1254,ZESPÓŁ SZKOLNO-PRZEDSZKOLNY NR 9 - SZKOŁA PODSTAWOWA NR 7 IM.MJRA MIECZYSŁAWA SŁABEGO,gdansk/szkola-podstawowa/zespol-szkolno-przedszkolny-nr-9-szkola-podstawowa-nr-7-im-mjra-mieczyslawa-slabego-39056,Gdańsk,POMORSKIE,67.99,126,653,True
2023,overall,82,019c23da-4cf4-7a92-9517-c95e57d65bf2,ZESPÓŁ SZKÓŁ OGÓLNOKSZTAŁCĄCYCH NR 10 IM. EUGENIUSZA KWIATKOWSKIEGO W GDAŃSKU - SZKOŁA PODSTAWOWA NR 18,gdansk/szkola-podstawowa/zespol-szkol-ogolnoksztalcacych-nr-10-im-eugeniusza-kwiatkowskiego-w-gdansku-szkola-podstawowa-nr-18-17430,Gdańsk,POMORSKIE,67.89,128,653,True
2023,overall,83,019c23e6-684c-7a8a-9df3-39367fc0f6da,SZKOŁA PODSTAWOWA NR 67 IM. KAPITANA ŻEGLUGI WIELKIEJ TADEUSZA ZIÓŁKOWSKIEGO,gdansk/szkola-podstawowa/szkola-podstawowa-nr-67-im-kapitana-zeglugi-wielkiej-tadeusza-ziolkowskiego-262208,Gdańsk,POMORSKIE,67.69,132,653,True
2023,overall,84,019c23da-4809-7922-8ead-161d0e3c157b,ZESPÓŁ SZKOLNO-PRZEDSZKOLNY NR 5 SZKOŁA PODSTAWOWA NR 92 IM. KARD. STEFANA WYSZYŃSKIEGO PRYMASA TYSIĄCLECIA W GDAŃSKU,gdansk/szkola-podstawowa/zespol-szkolno-przedszkolny-nr-5-szkola-podstawowa-nr-92-im-kard-stefana-wyszynskiego-prymasa-tysiaclecia-w-gdansku-17348,Gdańsk,POMORSKIE,67.31,140,653,True
2023,overall,85,019c23a3-7a00-7af2-af5c-a2ea233a5be0,SZKOŁA PODSTAWOWA NR 28 IM. LOTNIKÓW POLSKICH,gdynia/szkola-podstawowa/szkola-podstawowa-nr-28-im-lotnikow-polskich-4529,Gdynia,POMORSKIE,67.17,142,653,True
2023,overall,86,019c23d9-eba2-7f0f-b37d-bc2daa935d0b,ZESPÓŁ SZKÓŁ OGÓLNOKSZTAŁCĄCYCH NR 8 W GDAŃSKU - SZKOŁA PODSTAWOWA NR 5 IM. JANA PAWŁA II,gdansk/szkola-podstawowa/zespol-szkol-ogolnoksztalcacych-nr-8-w-gdansku-szkola-podstawowa-nr-5-im-jana-pawla-ii-15126,Gdańsk,POMORSKIE,66.54,151,653,True
2023,overall,87,019c23a3-70e8-7c0e-af43-3222d4fabbed,SZKOŁA PODSTAWOWA NR 21 IM. LUDZI MORZA I MARZEŃ W GDYNI,gdynia/szkola-podstawowa/szkola-podstawowa-nr-21-im-ludzi-morza-i-marzen-w-gdyni-4342,Gdynia,POMORSKIE,66.5,152,653,True
2023,overall,88,019c23d8-a4ff-73a3-b479-b9299e17310f,SZKOŁA PODSTAWOWA NR 42 IM. KRÓLOWEJ JADWIGI,gdynia/szkola-podstawowa/szkola-podstawowa-nr-42-im-krolowej-jadwigi-6783,Gdynia,POMORSKIE,66.33,154,653,True
2023,overall,89,019c23d8-e07d-76cb-9b5e-85b1a751670d,SZKOŁA PODSTAWOWA NR 79 W GDAŃSKU,gdansk/szkola-podstawowa/szkola-podstawowa-nr-79-w-gdansku-8320,Gdańsk,POMORSKIE,66.31,155,653,True
2023,overall,90,019c23d9-e794-7627-b7b8-61c1032c9f2c,SZKOŁA PODSTAWOWA NR 52 IM. TADEUSZA KOŚCIUSZKI W GDAŃSKU,gdansk/szkola-podstawowa/szkola-podstawowa-nr-52-im-tadeusza-kosciuszki-w-gdansku-15022,Gdańsk,POMORSKIE,66.16,156,653,True
2023,overall,91,019c23d9-0ead-7630-9204-e6b92d9fecdb,SZKOŁA PODSTAWOWA NR 15 IM. DR URSZULI MROCZKIEWICZ W GDAŃSKU,gdansk/szkola-podstawowa/szkola-podstawowa-nr-15-im-dr-urszuli-mroczkiewicz-w-gdansku-9540,Gdańsk,POMORSKIE,65.96,159,653,True
2023,overall,92,019c23d8-cacd-7a17-93b6-39278ecb5275,SZKOŁA PODSTAWOWA NR 47 IM FRANCISZKI CEGIELSKIEJ,gdynia/szkola-podstawowa/szkola-podstawowa-nr-47-im-franciszki-cegielskiej-7747,Gdynia,POMORSKIE,65.41,169,653,True
2023,overall,93,019c23d9-345c-7ea2-b61b-48027c766a69,SZKOŁA PODSTAWOWA NR 35 Z ODDZIAŁAMI SPORTOWYMI IM. JANA PARANDOWSKIEGO W GDAŃSKU,gdansk/szkola-podstawowa/szkola-podstawowa-nr-35-z-oddzialami-sportowymi-im-jana-parandowskiego-w-gdansku-10561,Gdańsk,POMORSKIE,65.27,171,653,True
2023,overall,94,019c23d9-4902-7358-8dc6-56f76bc75175,SZKOŁA PODSTAWOWA NR 46 W GDAŃSKU,gdansk/szkola-podstawowa/szkola-podstawowa-nr-46-w-gdansku-11134,Gdańsk,POMORSKIE,65.07,174,653,True
2023,overall,95,019c23d9-40b0-79b5-9655-7cab9095c18f,SZKOŁA PODSTAWOWA NR 20 W GDAŃSKU IM. KMDR PPOR. JANA GRUDZIŃSKIEGO,gdansk/szkola-podstawowa/szkola-podstawowa-nr-20-w-gdansku-im-kmdr-ppor-jana-grudzinskiego-10842,Gdańsk,POMORSKIE,64.78,179,653,True
2023,overall,96,019c23a3-6c42-73aa-8216-7415b651b210,SZKOŁA PODSTAWOWA NR 6 IM. ANTONIEGO ABRAHAMA,gdynia/szkola-podstawowa/szkola-podstawowa-nr-6-im-antoniego-abrahama-4254,Gdynia,POMORSKIE,64.68,182,653,True
2023,overall,97,019c23e5-2a6a-73ce-975e-592aeded4b87,SZKOŁA PODSTAWOWA AKADEMII DOBREJ EDUKACJI IM. MACIEJA PŁAŻYŃSKIEGO,gdansk/szkola-podstawowa/szkola-podstawowa-akademii-dobrej-edukacji-im-macieja-plazynskiego-126944,Gdańsk,POMORSKIE,64.67,183,653,False
2023,overall,98,019c23e7-2804-7c8c-82a9-e0fdb5ab5be2,ZESPÓŁ SZKOLNO-PRZEDSZKOLNY NR 6 SZKOŁA PODSTAWOWA NR 6 W GDAŃSKU,gdansk/szkola-podstawowa/zespol-szkolno-przedszkolny-nr-6-szkola-podstawowa-nr-6-w-gdansku-270564,Gdańsk,POMORSKIE,64.18,190,653,True
2023,overall,99,019c23da-16a7-7bae-bd8f-f15b4d7b4094,SZKOŁA PODSTAWOWA NR 58 IM. KAZIMIERZA SOŁTYSIKA W GDAŃSKU,gdansk/szkola-podstawowa/szkola-podstawowa-nr-58-im-kazimierza-soltysika-w-gdansku-16171,Gdańsk,POMORSKIE,63.66,195,653,True
2023,overall,100,019c23dd-35b0-701e-8d37-e6dba044228e,SZKOŁA PODSTAWOWA NR 40 IM. KPT. Ż. W. K. O. BORCHARDTA W GDYNI,gdynia/szkola-podstawowa/szkola-podstawowa-nr-40-im-kpt-z-w-k-o-borchardta-w-gdyni-42897,Gdynia,POMORSKIE,63.37,201,653,True
2023,overall,101,019c23da-5197-7e67-b2b5-1afa97f67aed,ZESPÓŁ SZKOLNO - PRZEDSZKOLNY NR 1 W GDAŃSKU - SZKOŁA PODSTAWOWA NR 76 IM. JAROSŁAWA DĄBROWSKIEGO,gdansk/szkola-podstawowa/zespol-szkolno-przedszkolny-nr-1-w-gdansku-szkola-podstawowa-nr-76-im-jaroslawa-dabrowskiego-17523,Gdańsk,POMORSKIE,63.33,202,653,True
2023,overall,102,019c23a3-6c51-7e63-8e84-358314c7f2f7,SZKOŁA PODSTAWOWA NR 23,gdynia/szkola-podstawowa/szkola-podstawowa-nr-23-4277,Gdynia,POMORSKIE,62.51,213,653,True
2023,overall,103,019c23a3-6c54-7172-91cf-67b2ea639da9,SZKOŁA PODSTAWOWA NR 29 IM. STEFANA ŻEROMSKIEGO,gdynia/szkola-podstawowa/szkola-podstawowa-nr-29-im-stefana-zeromskiego-4282,Gdynia,POMORSKIE,62.51,213,653,True
2023,overall,104,019c23a3-70f8-75de-8860-8173575c4202,SZKOŁA PODSTAWOWA NR 33 IM. OBROŃCÓW KĘPY OKSYWSKIEJ,gdynia/szkola-podstawowa/szkola-podstawowa-nr-33-im-obroncow-kepy-oksywskiej-4369,Gdynia,POMORSKIE,61.94,226,653,True
2023,overall,105,019c23d8-c2ba-7bcd-8948-9b3fcebc65ac,SZKOŁA PODSTAWOWA NR 44 IM. OBROŃCÓW WYBRZEŻA,gdynia/szkola-podstawowa/szkola-podstawowa-nr-44-im-obroncow-wybrzeza-7580,Gdynia,POMORSKIE,61.32,239,653,True
2023,overall,106,019c23e6-8234-7079-9edf-7a0a14cbe30e,NIEPUBLICZNA SZKOŁA PODSTAWOWA MISTRZOSTWA SPORTOWEGO GDAŃSKIEGO KLUBU SPORTOWEGO GEDANIA 1922,gdansk/szkola-podstawowa/niepubliczna-szkola-podstawowa-mistrzostwa-sportowego-gdanskiego-klubu-sportowego-gedania-1922-262911,Gdańsk,POMORSKIE,61.24,241,653,False
2023,overall,107,019c23da-e3d0-7afd-9493-64c60b0c3411,SPORTOWA SZKOŁA PODSTAWOWA NR 14 IM. JÓZEFA WYBICKIEGO,gdynia/szkola-podstawowa/sportowa-szkola-podstawowa-nr-14-im-jozefa-wybickiego-21126,Gdynia,POMORSKIE,61.13,243,653,True
2023,overall,108,019c23d8-b206-7f8a-bf08-fb2a039dbb74,SZKOŁA PODSTAWOWA NR 31 IM. SYNÓW PUŁKU,gdynia/szkola-podstawowa/szkola-podstawowa-nr-31-im-synow-pulku-7112,Gdynia,POMORSKIE,60.29,253,653,True
2023,overall,109,019c23d8-fd9d-744e-9f82-5950635e30d5,SZKOŁA PODSTAWOWA NR 40 IM. KPT. LEONIDA TELIGI W GDAŃSKU,gdansk/szkola-podstawowa/szkola-podstawowa-nr-40-im-kpt-leonida-teligi-w-gdansku-9081,Gdańsk,POMORSKIE,60.25,254,653,True
2023,overall,110,019c23c2-3f92-75cb-905d-13b1f3eabd7d,SZKOŁA PODSTAWOWA NR 13 IM. LUCJANA CYLKOWSKIEGO,gdynia/szkola-podstawowa/szkola-podstawowa-nr-13-im-lucjana-cylkowskiego-5534,Gdynia,POMORSKIE,60.17,255,653,True
2023,overall,111,019c23a3-6c25-78e2-83db-aa6e190a852b,SZKOŁA PODSTAWOWA NR 39 IM. KPT Ż. W. KAZIMIERZA JURKIEWICZA,gdynia/szkola-podstawowa/szkola-podstawowa-nr-39-im-kpt-z-w-kazimierza-jurkiewicza-4221,Gdynia,POMORSKIE,59.75,267,653,True
2023,overall,112,019c23a3-6c55-7725-83c1-8f8655b3fd79,SZKOŁA PODSTAWOWA NR 35 IM. KPT. STANISŁAWA KOSKO,gdynia/szkola-podstawowa/szkola-podstawowa-nr-35-im-kpt-stanislawa-kosko-4284,Gdynia,POMORSKIE,58.77,291,653,True
2023,overall,113,019c23a3-70b9-7839-89f4-5c8c3b97c69d,SZKOŁA PODSTAWOWA NR 10 IM. EUGENIUSZA KWIATKOWSKIEGO,gdynia/szkola-podstawowa/szkola-podstawowa-nr-10-im-eugeniusza-kwiatkowskiego-4300,Gdynia,POMORSKIE,58.4,309,653,True
2023,overall,114,019c23da-2801-7317-a118-0261767bd083,ZESPÓŁ SZKOLNO-PRZEDSZKOLNY NR 11- SZKOŁA PODSTAWOWA NR 61 IM. JÓZEFA WYBICKIEGO W GDAŃSKU,gdansk/szkola-podstawowa/zespol-szkolno-przedszkolny-nr-11-szkola-podstawowa-nr-61-im-jozefa-wybickiego-w-gdansku-16564,Gdańsk,POMORSKIE,57.88,324,653,True
2023,overall,115,019c23dc-b40a-798a-ba95-5692bb2959f6,SZKOŁA PODSTAWOWA NR 43 IM. WICEADMIRAŁA KAZIMIERZA PORĘBSKIEGO,gdynia/szkola-podstawowa/szkola-podstawowa-nr-43-im-wiceadmirala-kazimierza-porebskiego-35190,Gdynia,POMORSKIE,57.14,344,653,True
2023,overall,116,019c23d9-eba5-7de0-b876-e70dfbffee51,SZKOŁA PODSTAWOWA NR 82 IM. PROF. JANA CZOCHRALSKIEGO W GDAŃSKU,gdansk/szkola-podstawowa/szkola-podstawowa-nr-82-im-prof-jana-czochralskiego-w-gdansku-15135,Gdańsk,POMORSKIE,56.8,354,653,True
2023,overall,117,019c23da-9c15-72ac-ab7f-c6b1a8a99cd9,SZKOŁA PODSTAWOWA NR 83 IM. ŻOŁNIERZY Z WESTERPLATTE W GDAŃSKU,gdansk/szkola-podstawowa/szkola-podstawowa-nr-83-im-zolnierzy-z-westerplatte-w-gdansku-19432,Gdańsk,POMORSKIE,56.25,371,653,True
2023,overall,118,019c23d9-12c5-7174-806b-5519c4e30380,SZKOŁA PODSTAWOWA NR 56 IM. ANDRZEJA STRUGA W GDAŃSKU,gdansk/szkola-podstawowa/szkola-podstawowa-nr-56-im-andrzeja-struga-w-gdansku-9704,Gdańsk,POMORSKIE,55.95,379,653,True
2023,overall,119,019c23d9-eba1-7f39-bab8-3a23a758f192,ZESPÓŁ SZKOLNO-PRZEDSZKOLNY NR 7 SZKOŁA PODSTAWOWA NR 55 IM. JANA HEWELIUSZA W GDAŃSKU,gdansk/szkola-podstawowa/zespol-szkolno-przedszkolny-nr-7-szkola-podstawowa-nr-55-im-jana-heweliusza-w-gdansku-15122,Gdańsk,POMORSKIE,55.88,383,653,True
2023,overall,120,019c23da-2000-7339-9fe0-e64502f79156,SZKOŁA PODSTAWOWA NR 88 IM. DANIELA GABRIELA FAHRENHEITA W GDAŃSKU,gdansk/szkola-podstawowa/szkola-podstawowa-nr-88-im-daniela-gabriela-fahrenheita-w-gdansku-16374,Gdańsk,POMORSKIE,55.77,389,653,True
2023,overall,121,019c23da-47f8-70d9-9ef8-b86e471b170f,ZESPÓŁ SZKOLNO-PRZEDSZKOLNY NR 4 SZKOŁA PODSTAWOWA NR 11 IM. NA BURSZTYNOWYM SZLAKU W GDAŃSKU,gdansk/szkola-podstawowa/zespol-szkolno-przedszkolny-nr-4-szkola-podstawowa-nr-11-im-na-bursztynowym-szlaku-w-gdansku-17319,Gdańsk,POMORSKIE,53.76,430,653,True
2023,overall,122,019c23e7-52ca-784c-811e-bda62a5e0807,NIEPUBLICZNA SZKOŁA PODSTAWOWA ŻYRAFIA OSADA,gdansk/szkola-podstawowa/niepubliczna-szkola-podstawowa-zyrafia-osada-272459,Gdańsk,POMORSKIE,53.64,435,653,False
2023,overall,123,019c23e0-d61a-7512-8943-90c776299544,GDAŃSKA SZKOŁA PODSTAWOWA,gdansk/szkola-podstawowa/gdanska-szkola-podstawowa-81749,Gdańsk,POMORSKIE,53.23,445,653,False
2023,overall,124,019c23d9-4d0e-782d-8261-01f1fb99f1ce,SZKOŁA PODSTAWOWA NR 49 IM. KS. BRONISŁAWA KOMOROWSKIEGO W GDAŃSKU,gdansk/szkola-podstawowa/szkola-podstawowa-nr-49-im-ks-bronislawa-komorowskiego-w-gdansku-11179,Gdańsk,POMORSKIE,52.33,469,653,True
2023,overall,125,019c23da-431f-7c71-94e8-8342096d9b44,SZKOŁA PODSTAWOWA NR 4 IM. KRÓLA KAZIMIERZA JAGIELLOŃCZYKA W GDAŃSKU,gdansk/szkola-podstawowa/szkola-podstawowa-nr-4-im-krola-kazimierza-jagiellonczyka-w-gdansku-17192,Gdańsk,POMORSKIE,51.99,476,653,True
2023,overall,126,019c23da-4cec-7562-b8d2-47abc21f2b67,SZKOŁA PODSTAWOWA NR 69 IM GENERAŁA STANISŁAWA SOSABOWSKIEGO W GDAŃSKU,gdansk/szkola-podstawowa/szkola-podstawowa-nr-69-im-generala-stanislawa-sosabowskiego-w-gdansku-17410,Gdańsk,POMORSKIE,51.5,488,653,True
2023,overall,127,019c23d9-f91c-7724-b746-258e3d238951,SZKOŁA PODSTAWOWA NR 57 IM. GEN. WŁADYSŁAWA ANDERSA W GDAŃSKU,gdansk/szkola-podstawowa/szkola-podstawowa-nr-57-im-gen-wladyslawa-andersa-w-gdansku-15431,Gdańsk,POMORSKIE,50.63,508,653,True
2023,overall,128,019c23d9-1ebc-7f7f-8e28-6fd73a5690e0,SZKOŁA PODSTAWOWA NR 21 IM. KPT. Ż. W. OLGIERDA BORCHARDTA W GDAŃSKU,gdansk/szkola-podstawowa/szkola-podstawowa-nr-21-im-kpt-z-w-olgierda-borchardta-w-gdansku-10067,Gdańsk,POMORSKIE,48.33,555,653,True
2023,overall,129,019c23d9-f4a4-71d1-8578-220dc18ef7eb,SZKOŁA PODSTAWOWA NR 60 W GDAŃSKU,gdansk/szkola-podstawowa/szkola-podstawowa-nr-60-w-gdansku-15253,Gdańsk,POMORSKIE,46.82,579,653,True
2023,overall,130,019c23da-282c-7c40-8042-3e6d22bcad3e,SZKOŁA PODSTAWOWA NR 62 W GDAŃSKU,gdansk/szkola-podstawowa/szkola-podstawowa-nr-62-w-gdansku-16641,Gdańsk,POMORSKIE,46.73,581,653,True
2023,overall,131,019c23d9-2b49-7cd5-adb2-cca317fb715b,SZKOŁA PODSTAWOWA NR 16 IM. WŁADYSŁAWA BRONIEWSKIEGO W GDAŃSKU,gdansk/szkola-podstawowa/szkola-podstawowa-nr-16-im-wladyslawa-broniewskiego-w-gdansku-10294,Gdańsk,POMORSKIE,44.62,599,653,True
2023,overall,132,019c23da-ae03-724a-85aa-1dc846c7c42b,SZKOŁA PODSTAWOWA NR 65 IM. ALFA LICZMAŃSKIEGO W GDAŃSKU,gdansk/szkola-podstawowa/szkola-podstawowa-nr-65-im-alfa-liczmanskiego-w-gdansku-19820,Gdańsk,POMORSKIE,41.47,629,653,True
2023,overall,133,019c23dc-d556-7fff-be9c-9054842b9126,SZKOŁA PODSTAWOWA SPECJALNA NR 28,gdansk/szkola-podstawowa/szkola-podstawowa-specjalna-nr-28-39066,Gdańsk,POMORSKIE,21.7,647,653,True
2024,overall,1,019c23c2-5015-788a-b0d6-d50600a116f4,PIERWSZA SZKOŁA SPOŁECZNA PODSTAWOWA IM.DZIECI ZJEDNOCZONEJ EUROPY,gdynia/szkola-podstawowa/pierwsza-szkola-spoleczna-podstawowa-im-dzieci-zjednoczonej-europy-5959,Gdynia,POMORSKIE,92.51,1,603,False
2024,overall,2,019c23e1-7546-7a86-9791-e2c8d2fa541c,III SPOŁECZNA SZKOŁA PODSTAWOWA SPOŁECZNEGO TOWARZYSTWA OŚWIATOWEGO,gdansk/szkola-podstawowa/iii-spoleczna-szkola-podstawowa-spolecznego-towarzystwa-oswiatowego-86458,Gdańsk,POMORSKIE,92.42,2,603,False
2024,overall,3,019c23e1-616e-74f1-adca-e1dedbc7bfcc,GDAŃSKIE SZKOŁY AUTONOMICZNE GDAŃSKA AUTONOMICZNA SZKOŁA PODSTAWOWA,gdansk/szkola-podstawowa/gdanskie-szkoly-autonomiczne-gdanska-autonomiczna-szkola-podstawowa-85999,Gdańsk,POMORSKIE,89.48,3,603,False
2024,overall,4,019c23df-42af-7f75-a61d-e7cab4b0088e,"NIEPUBLICZNA SZKOŁA PODSTAWOWA ""SOKRATES""",gdansk/szkola-podstawowa/niepubliczna-szkola-podstawowa-sokrates-66309,Gdańsk,POMORSKIE,88.29,4,603,False
2024,overall,5,019c23e1-6b8c-747d-b86a-71d4163a5729,II SPOŁECZNA SZKOŁA PODSTAWOWA SPOŁECZNEGO TOWARZYSTWA OŚWIATOWEGO,gdansk/szkola-podstawowa/ii-spoleczna-szkola-podstawowa-spolecznego-towarzystwa-oswiatowego-86125,Gdańsk,POMORSKIE,87.99,5,603,False
2024,overall,6,019c23e0-a250-77d3-9f40-51c0eb31bc45,NOWY ŚWIAT NIEPUBLICZNA SZKOŁA PODSTAWOWA,gdansk/szkola-podstawowa/nowy-swiat-niepubliczna-szkola-podstawowa-80448,Gdańsk,POMORSKIE,87.93,6,603,False
2024,overall,7,019c23df-0382-744f-9214-164cfe6ca861,KATOLICKA SZKOŁA PODSTAWOWA IM ŚW. RODZINY W GDYNI,gdynia/szkola-podstawowa/katolicka-szkola-podstawowa-im-sw-rodziny-w-gdyni-62306,Gdynia,POMORSKIE,87.09,8,603,True
2024,overall,8,019c23e1-702a-7a7b-ac88-3904f32de525,KATOLICKA SZKOŁA PODSTAWOWA IM. ŚW. KAZIMIERZA W GDAŃSKU,gdansk/szkola-podstawowa/katolicka-szkola-podstawowa-im-sw-kazimierza-w-gdansku-86270,Gdańsk,POMORSKIE,86.71,9,603,False
2024,overall,9,019c23dd-3a9e-7e6f-80ef-4d360046bc2a,"PODSTAWOWA SZKOŁA SPOŁECZNA ""NIEDŹWIEDNIK""",gdansk/szkola-podstawowa/podstawowa-szkola-spoleczna-niedzwiednik-43412,Gdańsk,POMORSKIE,86.38,10,603,False
2024,overall,10,019c23e5-2a6a-73ce-975e-592aeded4b87,SZKOŁA PODSTAWOWA AKADEMII DOBREJ EDUKACJI IM. MACIEJA PŁAŻYŃSKIEGO,gdansk/szkola-podstawowa/szkola-podstawowa-akademii-dobrej-edukacji-im-macieja-plazynskiego-126944,Gdańsk,POMORSKIE,86.24,12,603,False
2024,overall,11,019c23e6-44e2-71ff-9942-036eed85be55,SZKOŁA PODSTAWOWA JEZUITÓW Z ODDZIAŁAMI DWUJĘZYCZNYMI IM. ŚW. STANISŁAWA KOSTKI W GDYNI,gdynia/szkola-podstawowa/szkola-podstawowa-jezuitow-z-oddzialami-dwujezycznymi-im-sw-stanislawa-kostki-w-gdyni-133486,Gdynia,POMORSKIE,86.02,13,603,False
2024,overall,12,019c23e1-6bad-7a57-91d1-e87f5608fb63,I SPOŁECZNA SZKOŁA PODSTAWOWA SPOŁECZNEGO TOWARZYSTWA OŚWIATOWEGO,gdansk/szkola-podstawowa/i-spoleczna-szkola-podstawowa-spolecznego-towarzystwa-oswiatowego-86148,Gdańsk,POMORSKIE,84.39,16,603,False
2024,overall,13,019c23e1-7027-749c-bb81-1e9b35e222db,SZKOŁA PODSTAWOWA IM. ŚW. JANA DE LA SALLE,gdansk/szkola-podstawowa/szkola-podstawowa-im-sw-jana-de-la-salle-86264,Gdańsk,POMORSKIE,84.32,17,603,False
2024,overall,14,019c23e4-e46e-77cd-9898-1265e6b8e72a,"SZKOŁA PODSTAWOWA TOWARZYSTWA EDUKACYJNEGO ""VIZJA""",gdansk/szkola-podstawowa/szkola-podstawowa-towarzystwa-edukacyjnego-vizja-125174,Gdańsk,POMORSKIE,83.93,18,603,False
2024,overall,15,019c23e4-0df5-72c8-8d0a-f60a60b1d6aa,FREGATA SZKOŁA PODSTAWOWA DLA DZIEWCZĄT,gdansk/szkola-podstawowa/fregata-szkola-podstawowa-dla-dziewczat-119762,Gdańsk,POMORSKIE,83.87,19,603,False
2024,overall,16,019c23e6-8743-7bcc-93e1-e404525427ad,KATOLICKA SZKOŁA PODSTAWOWA IM. ŚW. JANA PAWŁA II W GDYNI,gdynia/szkola-podstawowa/katolicka-szkola-podstawowa-im-sw-jana-pawla-ii-w-gdyni-263021,Gdynia,POMORSKIE,83.85,20,603,True
2024,overall,17,019c23e0-8b74-72e7-8e09-ed9226ceb02a,"NIEPUBLICZNA SZKOŁA PODSTAWOWA ""NASZA SZKOŁA""",gdansk/szkola-podstawowa/niepubliczna-szkola-podstawowa-nasza-szkola-79859,Gdańsk,POMORSKIE,83.23,21,603,False
2024,overall,18,019c23a3-638e-77f5-a650-11ec5780f3a1,SZKOŁA PODSTAWOWA NR 20 IM. 2 MORSKIEGO PUŁKU STRZELCÓW,gdynia/szkola-podstawowa/szkola-podstawowa-nr-20-im-2-morskiego-pulku-strzelcow-4053,Gdynia,POMORSKIE,83.17,22,603,True
2024,overall,19,019c23a3-7a25-7a48-9035-f6ee0586e79e,SZKOŁA PODSTAWOWA NR 18 IM. KORNELA MAKUSZYŃSKIEGO,gdynia/szkola-podstawowa/szkola-podstawowa-nr-18-im-kornela-makuszynskiego-4563,Gdynia,POMORSKIE,82.6,25,603,True
2024,overall,20,019c23e2-10a9-7973-9adf-79949fc7bf33,AMERYKAŃSKA SZKOŁA PODSTAWOWA Z WYKŁADOWYM JĘZYKIEM ANGIELSKIM,gdynia/szkola-podstawowa/amerykanska-szkola-podstawowa-z-wykladowym-jezykiem-angielskim-90298,Gdynia,POMORSKIE,82.35,26,603,False
2024,overall,21,019c23e6-8232-73bf-b6e1-7a35421bad2a,GDAŃSKA SZKOŁA PODSTAWOWA LINGWISTA IM. HYMNU NARODOWEGO,gdansk/szkola-podstawowa/gdanska-szkola-podstawowa-lingwista-im-hymnu-narodowego-262904,Gdańsk,POMORSKIE,80.62,30,603,False
2024,overall,22,019c23df-42b0-741e-a372-78fd58048094,"GDAŃSKA SZKOŁA PODSTAWOWA ""LINGWISTA"" IM. ZJEDNOCZONEJ EUROPY",gdansk/szkola-podstawowa/gdanska-szkola-podstawowa-lingwista-im-zjednoczonej-europy-66313,Gdańsk,POMORSKIE,80.09,32,603,False
2024,overall,23,019c23e6-822b-71e3-aeb7-37bd77f77703,NIEPUBLICZNA SZKOŁA PODSTAWOWA THINKING ZONE W GDAŃSKU,gdansk/szkola-podstawowa/niepubliczna-szkola-podstawowa-thinking-zone-w-gdansku-262876,Gdańsk,POMORSKIE,79.89,34,603,False
2024,overall,24,019c23dc-4f7e-7b00-893f-76a6c05182cb,"""FREGATA"" SZKOŁA PODSTAWOWA DLA CHŁOPCÓW",gdansk/szkola-podstawowa/fregata-szkola-podstawowa-dla-chlopcow-30613,Gdańsk,POMORSKIE,79.7,36,603,False
2024,overall,25,019c23d9-1e9b-77ef-b38a-df73b6885e86,GDAŃSKA SZKOŁA SZERMIERKI - SZKOŁA PODSTAWOWA NR 70 Z ODDZIAŁAMI SPORTOWYMI W GDAŃSKU,gdansk/szkola-podstawowa/gdanska-szkola-szermierki-szkola-podstawowa-nr-70-z-oddzialami-sportowymi-w-gdansku-9987,Gdańsk,POMORSKIE,79.23,39,603,True
2024,overall,26,019c23d9-0a68-79f6-a021-c13fdb35a980,SZKOŁA PODSTAWOWA NR 44 IM. ADAMA MICKIEWICZA W GDAŃSKU,gdansk/szkola-podstawowa/szkola-podstawowa-nr-44-im-adama-mickiewicza-w-gdansku-9480,Gdańsk,POMORSKIE,78.61,41,603,True
2024,overall,27,019c23e2-287c-7ccd-8fc1-96afe989471e,GDYŃSKA SZKOŁA SPOŁECZNA,gdynia/szkola-podstawowa/gdynska-szkola-spoleczna-90963,Gdynia,POMORSKIE,78.31,43,603,False
2024,overall,28,019c23d9-40aa-7f43-9c99-6ba57bfa4d05,"PRYWATNA SZKOŁA PODSTAWOWA ""LIBER""",gdynia/szkola-podstawowa/prywatna-szkola-podstawowa-liber-10829,Gdynia,POMORSKIE,77.95,44,603,False
2024,overall,29,019c23d9-2b63-75d2-adec-34a0b4117138,SZKOŁA PODSTAWOWA NR 47 IM. KASZUBSKIEJ BRYGADY WOP W GDAŃSKU,gdansk/szkola-podstawowa/szkola-podstawowa-nr-47-im-kaszubskiej-brygady-wop-w-gdansku-10347,Gdańsk,POMORSKIE,77.87,45,603,True
2024,overall,30,019c23e6-684d-706a-997d-2aa66781268f,ZESPÓŁ SZKÓŁ OGÓLNOKSZTAŁCĄCYCH NR 2 SZKOŁA PODSTAWOWA NR 33 IM. STEFANA BANACHA W GDAŃSKU,gdansk/szkola-podstawowa/zespol-szkol-ogolnoksztalcacych-nr-2-szkola-podstawowa-nr-33-im-stefana-banacha-w-gdansku-262215,Gdańsk,POMORSKIE,77.54,47,603,True
2024,overall,31,019c23da-ce21-7983-91bc-81d75501e8ec,SZKOŁA PODSTAWOWA NR 84 IM. JANA BRZECHWY W GDAŃSKU,gdansk/szkola-podstawowa/szkola-podstawowa-nr-84-im-jana-brzechwy-w-gdansku-20599,Gdańsk,POMORSKIE,77.28,50,603,True
2024,overall,32,019c23d8-c6c3-7bb7-8e43-445c8d4a0b6a,SZKOŁA PODSTAWOWA NR 27 IM. DZIECI ZJEDNOCZONEJ EUROPY W GDAŃSKU,gdansk/szkola-podstawowa/szkola-podstawowa-nr-27-im-dzieci-zjednoczonej-europy-w-gdansku-7678,Gdańsk,POMORSKIE,75.98,52,603,True
2024,overall,33,019c23d9-5991-7ce9-bb1e-4e647aaddc8a,SZKOŁA PODSTAWOWA NR 48 IM. PROFESORA KAZIMIERZA DEMELA,gdynia/szkola-podstawowa/szkola-podstawowa-nr-48-im-profesora-kazimierza-demela-11470,Gdynia,POMORSKIE,75.85,53,603,True
2024,overall,34,019c23a3-6c42-73aa-8216-7415b651b210,SZKOŁA PODSTAWOWA NR 6 IM. ANTONIEGO ABRAHAMA,gdynia/szkola-podstawowa/szkola-podstawowa-nr-6-im-antoniego-abrahama-4254,Gdynia,POMORSKIE,75.64,54,603,True
2024,overall,35,019c23e4-b360-786c-ac20-381ed98490bd,POZYTYWNA SZKOŁA PODSTAWOWA IM. ARKADIUSZA ARAMA RYBICKIEGO W GDAŃSKU,gdansk/szkola-podstawowa/pozytywna-szkola-podstawowa-im-arkadiusza-arama-rybickiego-w-gdansku-124084,Gdańsk,POMORSKIE,75.02,55,603,True
2024,overall,36,019c23d9-3446-7a8e-ab24-a3631d3f5f55,SZKOŁA PODSTAWOWA NR 17 IM. HETMANA STEFANA CZARNIECKIEGO W GDAŃSKU,gdansk/szkola-podstawowa/szkola-podstawowa-nr-17-im-hetmana-stefana-czarnieckiego-w-gdansku-10509,Gdańsk,POMORSKIE,74.57,56,603,True
2024,overall,37,019c23e8-3026-748c-b0d9-c17836f616c0,NIEPUBLICZNA SZKOŁA PODSTAWOWA MENTAL ARTS,gdansk/szkola-podstawowa/niepubliczna-szkola-podstawowa-mental-arts-478563,Gdańsk,POMORSKIE,74.5,57,603,False
2024,overall,38,019c23df-d124-73b5-88a5-48d994aa5d99,BRITISH INTERNATIONAL SCHOOL GDAŃSK - SZKOLA PODSTAWOWA,gdansk/szkola-podstawowa/british-international-school-gdansk-szkola-podstawowa-71958,Gdańsk,POMORSKIE,73.62,60,603,False
2024,overall,39,019c23a3-75e9-7347-bd1d-1b2cbe30a2e8,SZKOŁA PODSTAWOWA NR 37 IM. OBROŃCÓW KĘPY OKSYWSKIEJ,gdynia/szkola-podstawowa/szkola-podstawowa-nr-37-im-obroncow-kepy-oksywskiej-4482,Gdynia,POMORSKIE,73.61,61,603,True
2024,overall,40,019c23da-4809-7922-8ead-161d0e3c157b,ZESPÓŁ SZKOLNO-PRZEDSZKOLNY NR 5 SZKOŁA PODSTAWOWA NR 92 IM. KARD. STEFANA WYSZYŃSKIEGO PRYMASA TYSIĄCLECIA W GDAŃSKU,gdansk/szkola-podstawowa/zespol-szkolno-przedszkolny-nr-5-szkola-podstawowa-nr-92-im-kard-stefana-wyszynskiego-prymasa-tysiaclecia-w-gdansku-17348,Gdańsk,POMORSKIE,73.57,62,603,True
2024,overall,41,019c23e6-051e-7701-88cc-d1057025f38f,MORSKA SZKOŁA PODSTAWOWA IM. ALEKSANDRA DOBY W GDAŃSKU,gdansk/szkola-podstawowa/morska-szkola-podstawowa-im-aleksandra-doby-w-gdansku-131786,Gdańsk,POMORSKIE,73.4,63,603,True
2024,overall,42,019c23d8-fd9e-761e-b612-0e8e151bc223,ZESPÓŁ SZKOLNO-PRZEDSZKOLNY NR 2 -SZKOŁA PODSTAWOWA NR 42 IM. IGNACEGO JANA PADEREWSKIEGO W GDAŃSKU,gdansk/szkola-podstawowa/zespol-szkolno-przedszkolny-nr-2-szkola-podstawowa-nr-42-im-ignacego-jana-paderewskiego-w-gdansku-9082,Gdańsk,POMORSKIE,73.36,64,603,True
2024,overall,43,019c23da-c063-757a-ada4-fa8901bb4825,SZKOŁA PODSTAWOWA NR 85 IM. ZRZESZENIA KASZUBSKO-POMORSKIEGO W GDAŃSKU,gdansk/szkola-podstawowa/szkola-podstawowa-nr-85-im-zrzeszenia-kaszubsko-pomorskiego-w-gdansku-20267,Gdańsk,POMORSKIE,73.21,65,603,True
2024,overall,44,019c23dc-d559-74be-95fd-718e8de6e0c7,SZKOŁA PODSTAWOWA NR 48 IM. GEN. JÓZEFA HALLERA W GDAŃSKU,gdansk/szkola-podstawowa/szkola-podstawowa-nr-48-im-gen-jozefa-hallera-w-gdansku-39070,Gdańsk,POMORSKIE,72.93,67,603,True
2024,overall,45,019c23da-1b7c-792c-a0a7-e530093145c9,SZKOŁA PODSTAWOWA NR 19 IM. ZASŁUŻONYCH LUDZI MORZA W GDAŃSKU,gdansk/szkola-podstawowa/szkola-podstawowa-nr-19-im-zasluzonych-ludzi-morza-w-gdansku-16227,Gdańsk,POMORSKIE,72.91,68,603,True
2024,overall,46,019c23d9-0ec4-7c18-aff6-30bef43c1c8a,SZKOŁA PODSTAWOWA NR 39 IM. WOJSKA POLSKIEGO W GDAŃSKU,gdansk/szkola-podstawowa/szkola-podstawowa-nr-39-im-wojska-polskiego-w-gdansku-9587,Gdańsk,POMORSKIE,72.73,69,603,True
2024,overall,47,019c23a3-75b0-7d7e-86dd-3343db3b43a5,SZKOŁA PODSTAWOWA NR 34 Z ODDZIAŁAMI INTEGRACYJNYMI IM. LEONIDA TELIGI,gdynia/szkola-podstawowa/szkola-podstawowa-nr-34-z-oddzialami-integracyjnymi-im-leonida-teligi-4419,Gdynia,POMORSKIE,72.72,70,603,True
2024,overall,48,019c23d9-2ff9-7558-b408-a671ea287fd4,SZKOŁA PODSTAWOWA NR 77 W GDAŃSKU,gdansk/szkola-podstawowa/szkola-podstawowa-nr-77-w-gdansku-10388,Gdańsk,POMORSKIE,72.65,71,603,True
2024,overall,49,019c23d8-e47c-7508-876a-98d51336b614,SZKOŁA PODSTAWOWA NR 8 IM. OBROŃCÓW HELU,gdynia/szkola-podstawowa/szkola-podstawowa-nr-8-im-obroncow-helu-8469,Gdynia,POMORSKIE,72.61,72,603,True
2024,overall,50,019c23d9-eba1-7f39-bab8-3a23a9c4095f,SZKOŁA PODSTAWOWA NR 1 IM. MARIUSZA ZARUSKIEGO W GDAŃSKU,gdansk/szkola-podstawowa/szkola-podstawowa-nr-1-im-mariusza-zaruskiego-w-gdansku-15124,Gdańsk,POMORSKIE,72.32,75,603,True
2024,overall,51,019c23d8-c6bd-799e-9b80-d85cac1026bb,SZKOŁA PODSTAWOWA NR 46,gdynia/szkola-podstawowa/szkola-podstawowa-nr-46-7669,Gdynia,POMORSKIE,72.26,76,603,True
2024,overall,52,019c23d9-22dc-76f3-9e2a-664f7586c774,SZKOŁA PODSTAWOWA NR 45 IM. BOHATERÓW WESTERPLATTE W GDAŃSKU,gdansk/szkola-podstawowa/szkola-podstawowa-nr-45-im-bohaterow-westerplatte-w-gdansku-10166,Gdańsk,POMORSKIE,72.12,78,603,True
2024,overall,53,019c23da-519a-7c2e-8060-0ebab795da65,SZKOŁA PODSTAWOWA NR 86 IM. PROF. JERZEGO SAMPA W GDAŃSKU,gdansk/szkola-podstawowa/szkola-podstawowa-nr-86-im-prof-jerzego-sampa-w-gdansku-17531,Gdańsk,POMORSKIE,71.79,79,603,True
2024,overall,54,019c23e6-0057-7286-81e5-64c55679732b,SZKOŁA PODSTAWOWA BE MONTESSORI SCHOOL GDAŃSK,gdansk/szkola-podstawowa/szkola-podstawowa-be-montessori-school-gdansk-131758,Gdańsk,POMORSKIE,71.74,80,603,False
2024,overall,55,019c23e4-353d-7512-9435-8d4aefd8c29a,CHRZEŚCIJAŃSKA SZKOŁA MONTESSORI,gdansk/szkola-podstawowa/chrzescijanska-szkola-montessori-120645,Gdańsk,POMORSKIE,71.5,82,603,False
2024,overall,56,019c23d9-0619-720a-93a6-8edb2759c6b2,SZKOŁA PODSTAWOWA NR 14 IM. KS. GRZEGORZA PIRAMOWICZA W GDAŃSKU,gdansk/szkola-podstawowa/szkola-podstawowa-nr-14-im-ks-grzegorza-piramowicza-w-gdansku-9378,Gdańsk,POMORSKIE,71.47,83,603,True
2024,overall,57,019c23d9-3461-76c2-9659-24047f985f67,SZKOŁA PODSTAWOWA NR 89 IM. TADEUSZA MAZOWIECKIEGO W GDAŃSKU,gdansk/szkola-podstawowa/szkola-podstawowa-nr-89-im-tadeusza-mazowieckiego-w-gdansku-10576,Gdańsk,POMORSKIE,71.38,84,603,True
2024,overall,58,019c23d8-ecbd-7091-915f-8b6001e8b49b,ZESPÓŁ SZKOLNO-PRZEDSZKOLNY NR 10 - SZKOŁA PODSTAWOWA NR 80 IM. BUDOWNICZYCH PORTU PÓŁNOCNEGO W GDAŃSKU,gdansk/szkola-podstawowa/zespol-szkolno-przedszkolny-nr-10-szkola-podstawowa-nr-80-im-budowniczych-portu-polnocnego-w-gdansku-8641,Gdańsk,POMORSKIE,70.8,88,603,True
2024,overall,59,019c23d8-a52a-7a3a-8268-ef536be69d0e,SZKOŁA PODSTAWOWA NR 12,gdynia/szkola-podstawowa/szkola-podstawowa-nr-12-6850,Gdynia,POMORSKIE,70.77,89,603,True
2024,overall,60,019c23d8-e07d-76cb-9b5e-85b1a751670d,SZKOŁA PODSTAWOWA NR 79 W GDAŃSKU,gdansk/szkola-podstawowa/szkola-podstawowa-nr-79-w-gdansku-8320,Gdańsk,POMORSKIE,70.65,90,603,True
2024,overall,61,019c23e6-8234-7079-9edf-7a0a14cbe30e,NIEPUBLICZNA SZKOŁA PODSTAWOWA MISTRZOSTWA SPORTOWEGO GDAŃSKIEGO KLUBU SPORTOWEGO GEDANIA 1922,gdansk/szkola-podstawowa/niepubliczna-szkola-podstawowa-mistrzostwa-sportowego-gdanskiego-klubu-sportowego-gedania-1922-262911,Gdańsk,POMORSKIE,69.38,99,603,False
2024,overall,62,019c23da-df6d-70fb-a550-320356e362db,SZKOŁA PODSTAWOWA NR 81 W GDAŃSKU IM. PROF. MICHAŁA SIEDLECKIEGO,gdansk/szkola-podstawowa/szkola-podstawowa-nr-81-w-gdansku-im-prof-michala-siedleckiego-21025,Gdańsk,POMORSKIE,69.3,100,603,True
2024,overall,63,019c23d9-40b0-79b5-9655-7cab9095c18f,SZKOŁA PODSTAWOWA NR 20 W GDAŃSKU IM. KMDR PPOR. JANA GRUDZIŃSKIEGO,gdansk/szkola-podstawowa/szkola-podstawowa-nr-20-w-gdansku-im-kmdr-ppor-jana-grudzinskiego-10842,Gdańsk,POMORSKIE,68.46,108,603,True
2024,overall,64,019c23e7-2804-7c8c-82a9-e0fdb5ab5be2,ZESPÓŁ SZKOLNO-PRZEDSZKOLNY NR 6 SZKOŁA PODSTAWOWA NR 6 W GDAŃSKU,gdansk/szkola-podstawowa/zespol-szkolno-przedszkolny-nr-6-szkola-podstawowa-nr-6-w-gdansku-270564,Gdańsk,POMORSKIE,68.33,109,603,True
2024,overall,65,019c23d9-da46-7c1b-9c39-986de2e79ab4,SZKOŁA PODSTAWOWA NR 50 IM. E.PLATER W GDAŃSKU,gdansk/szkola-podstawowa/szkola-podstawowa-nr-50-im-e-plater-w-gdansku-14699,Gdańsk,POMORSKIE,68.15,112,603,True
2024,overall,66,019c23d9-eba2-7f0f-b37d-bc2daa935d0b,ZESPÓŁ SZKÓŁ OGÓLNOKSZTAŁCĄCYCH NR 8 W GDAŃSKU - SZKOŁA PODSTAWOWA NR 5 IM. JANA PAWŁA II,gdansk/szkola-podstawowa/zespol-szkol-ogolnoksztalcacych-nr-8-w-gdansku-szkola-podstawowa-nr-5-im-jana-pawla-ii-15126,Gdańsk,POMORSKIE,67.63,116,603,True
2024,overall,67,019c23da-4cf4-7a92-9517-c95e57d65bf2,ZESPÓŁ SZKÓŁ OGÓLNOKSZTAŁCĄCYCH NR 10 IM. EUGENIUSZA KWIATKOWSKIEGO W GDAŃSKU - SZKOŁA PODSTAWOWA NR 18,gdansk/szkola-podstawowa/zespol-szkol-ogolnoksztalcacych-nr-10-im-eugeniusza-kwiatkowskiego-w-gdansku-szkola-podstawowa-nr-18-17430,Gdańsk,POMORSKIE,67.57,117,603,True
2024,overall,68,019c23da-3e61-71e4-b691-c712f00f4e4e,SZKOŁA PODSTAWOWA NR 38 IM. GEN. STANISŁAWA MACZKA W GDAŃSKU,gdansk/szkola-podstawowa/szkola-podstawowa-nr-38-im-gen-stanislawa-maczka-w-gdansku-17066,Gdańsk,POMORSKIE,67.48,119,603,True
2024,overall,69,019c23d9-553e-73e4-9ace-31fd26aede63,SZKOŁA PODSTAWOWA NR 2 Z ODDZIAŁAMI SPORTOWYMI IM. ARMII KRAJOWEJ W GDAŃSKU,gdansk/szkola-podstawowa/szkola-podstawowa-nr-2-z-oddzialami-sportowymi-im-armii-krajowej-w-gdansku-11368,Gdańsk,POMORSKIE,67.23,122,603,True
2024,overall,70,019c23dd-003a-7b91-bef7-d4aa330ccd8f,PODSTAWOWA SZKOŁA GEDANENSIS,gdansk/szkola-podstawowa/podstawowa-szkola-gedanensis-41069,Gdańsk,POMORSKIE,67.19,125,603,False
2024,overall,71,019c23d9-eba5-7de0-b876-e70dfbffee51,SZKOŁA PODSTAWOWA NR 82 IM. PROF. JANA CZOCHRALSKIEGO W GDAŃSKU,gdansk/szkola-podstawowa/szkola-podstawowa-nr-82-im-prof-jana-czochralskiego-w-gdansku-15135,Gdańsk,POMORSKIE,66.78,131,603,True
2024,overall,72,019c23c2-3f92-75cb-905d-13b1f3eabd7d,SZKOŁA PODSTAWOWA NR 13 IM. LUCJANA CYLKOWSKIEGO,gdynia/szkola-podstawowa/szkola-podstawowa-nr-13-im-lucjana-cylkowskiego-5534,Gdynia,POMORSKIE,66.25,135,603,True
2024,overall,73,019c23d8-c2ba-7bcd-8948-9b3fcebc65ac,SZKOŁA PODSTAWOWA NR 44 IM. OBROŃCÓW WYBRZEŻA,gdynia/szkola-podstawowa/szkola-podstawowa-nr-44-im-obroncow-wybrzeza-7580,Gdynia,POMORSKIE,65.99,138,603,True
2024,overall,74,019c23d8-cacd-7a17-93b6-39278ecb5275,SZKOŁA PODSTAWOWA NR 47 IM FRANCISZKI CEGIELSKIEJ,gdynia/szkola-podstawowa/szkola-podstawowa-nr-47-im-franciszki-cegielskiej-7747,Gdynia,POMORSKIE,65.81,140,603,True
2024,overall,75,019c23a3-70d2-7755-a470-e426e5a2be3f,SZKOŁA PODSTAWOWA NR 26 IM. ŻOŁNIERZY ARMII KRAJOWEJ,gdynia/szkola-podstawowa/szkola-podstawowa-nr-26-im-zolnierzy-armii-krajowej-4319,Gdynia,POMORSKIE,65.56,141,603,True
2024,overall,76,019c23d9-4902-7358-8dc6-56f76bc75175,SZKOŁA PODSTAWOWA NR 46 W GDAŃSKU,gdansk/szkola-podstawowa/szkola-podstawowa-nr-46-w-gdansku-11134,Gdańsk,POMORSKIE,65.46,142,603,True
2024,overall,77,019c23dc-b40a-798a-ba95-5692bb2959f6,SZKOŁA PODSTAWOWA NR 43 IM. WICEADMIRAŁA KAZIMIERZA PORĘBSKIEGO,gdynia/szkola-podstawowa/szkola-podstawowa-nr-43-im-wiceadmirala-kazimierza-porebskiego-35190,Gdynia,POMORSKIE,65.2,145,603,True
2024,overall,78,019c23a3-7a00-7af2-af5c-a2ea233a5be0,SZKOŁA PODSTAWOWA NR 28 IM. LOTNIKÓW POLSKICH,gdynia/szkola-podstawowa/szkola-podstawowa-nr-28-im-lotnikow-polskich-4529,Gdynia,POMORSKIE,65.07,146,603,True
2024,overall,79,019c23d9-389c-7d45-a285-0c4572f7f969,SZKOŁA PODSTAWOWA NR 24 IM. GUSTAWA MORCINKA W GDAŃSKU,gdansk/szkola-podstawowa/szkola-podstawowa-nr-24-im-gustawa-morcinka-w-gdansku-10634,Gdańsk,POMORSKIE,64.31,154,603,True
2024,overall,80,019c23da-4cec-7562-b8d2-47abc21f2b67,SZKOŁA PODSTAWOWA NR 69 IM GENERAŁA STANISŁAWA SOSABOWSKIEGO W GDAŃSKU,gdansk/szkola-podstawowa/szkola-podstawowa-nr-69-im-generala-stanislawa-sosabowskiego-w-gdansku-17410,Gdańsk,POMORSKIE,63.49,158,603,True
2024,overall,81,019c23a3-70d7-774d-af73-159690741af8,SZKOŁA PODSTAWOWA NR 16 IM. ORŁA BIAŁEGO,gdynia/szkola-podstawowa/szkola-podstawowa-nr-16-im-orla-bialego-4324,Gdynia,POMORSKIE,63.44,159,603,True
2024,overall,82,019c23da-5197-7e67-b2b5-1afa97f67aed,ZESPÓŁ SZKOLNO - PRZEDSZKOLNY NR 1 W GDAŃSKU - SZKOŁA PODSTAWOWA NR 76 IM. JAROSŁAWA DĄBROWSKIEGO,gdansk/szkola-podstawowa/zespol-szkolno-przedszkolny-nr-1-w-gdansku-szkola-podstawowa-nr-76-im-jaroslawa-dabrowskiego-17523,Gdańsk,POMORSKIE,63.43,160,603,True
2024,overall,83,019c23d8-e470-7b69-baa6-781b51f124ca,SZKOŁA PODSTAWOWA NR 12 IM. PRZYJACIÓŁ GDAŃSKA,gdansk/szkola-podstawowa/szkola-podstawowa-nr-12-im-przyjaciol-gdanska-8438,Gdańsk,POMORSKIE,63.41,161,603,True
2024,overall,84,019c23c2-5021-765c-a5a1-10c9aa4aff6d,SZKOŁA PODSTAWOWA NR 29 IM. JERZEGO PUCKA W GDAŃSKU,gdansk/szkola-podstawowa/szkola-podstawowa-nr-29-im-jerzego-pucka-w-gdansku-5981,Gdańsk,POMORSKIE,63.29,162,603,True
2024,overall,85,019c23d9-e794-7627-b7b8-61c1032c9f2c,SZKOŁA PODSTAWOWA NR 52 IM. TADEUSZA KOŚCIUSZKI W GDAŃSKU,gdansk/szkola-podstawowa/szkola-podstawowa-nr-52-im-tadeusza-kosciuszki-w-gdansku-15022,Gdańsk,POMORSKIE,62.75,166,603,True
2024,overall,86,019c23d8-d727-7bf3-b3fe-24b3ada1fc95,ZESPÓŁ SZKOLNO-PRZEDSZKOLNY NR 8 SZKOŁA PODSTAWOWA NR 8 W GDAŃSKU IM. PRZYJACIÓŁ ZIEMI,gdansk/szkola-podstawowa/zespol-szkolno-przedszkolny-nr-8-szkola-podstawowa-nr-8-w-gdansku-im-przyjaciol-ziemi-8060,Gdańsk,POMORSKIE,62.64,168,603,True
2024,overall,87,019c23dd-35b0-701e-8d37-e6dba044228e,SZKOŁA PODSTAWOWA NR 40 IM. KPT. Ż. W. K. O. BORCHARDTA W GDYNI,gdynia/szkola-podstawowa/szkola-podstawowa-nr-40-im-kpt-z-w-k-o-borchardta-w-gdyni-42897,Gdynia,POMORSKIE,62.43,170,603,True
2024,overall,88,019c23a3-6c54-7172-91cf-67b2ea639da9,SZKOŁA PODSTAWOWA NR 29 IM. STEFANA ŻEROMSKIEGO,gdynia/szkola-podstawowa/szkola-podstawowa-nr-29-im-stefana-zeromskiego-4282,Gdynia,POMORSKIE,62.38,172,603,True
2024,overall,89,019c23d9-0ead-7630-9204-e6b92d9fecdb,SZKOŁA PODSTAWOWA NR 15 IM. DR URSZULI MROCZKIEWICZ W GDAŃSKU,gdansk/szkola-podstawowa/szkola-podstawowa-nr-15-im-dr-urszuli-mroczkiewicz-w-gdansku-9540,Gdańsk,POMORSKIE,62.35,173,603,True
2024,overall,90,019c23d8-a4ff-73a3-b479-b9299e17310f,SZKOŁA PODSTAWOWA NR 42 IM. KRÓLOWEJ JADWIGI,gdynia/szkola-podstawowa/szkola-podstawowa-nr-42-im-krolowej-jadwigi-6783,Gdynia,POMORSKIE,62.26,174,603,True
2024,overall,91,019c23dc-d54f-79dc-8565-c0afa55f1254,ZESPÓŁ SZKOLNO-PRZEDSZKOLNY NR 9 - SZKOŁA PODSTAWOWA NR 7 IM.MJRA MIECZYSŁAWA SŁABEGO,gdansk/szkola-podstawowa/zespol-szkolno-przedszkolny-nr-9-szkola-podstawowa-nr-7-im-mjra-mieczyslawa-slabego-39056,Gdańsk,POMORSKIE,60.83,197,603,True
2024,overall,92,019c23d8-e07a-727a-8b07-778131cb9584,SZKOŁA PODSTAWOWA NR 23 IM.DZIECI ŚWIATA W GDAŃSKU,gdansk/szkola-podstawowa/szkola-podstawowa-nr-23-im-dzieci-swiata-w-gdansku-8315,Gdańsk,POMORSKIE,60.76,200,603,True
2024,overall,93,019c23d9-345c-7ea2-b61b-48027c766a69,SZKOŁA PODSTAWOWA NR 35 Z ODDZIAŁAMI SPORTOWYMI IM. JANA PARANDOWSKIEGO W GDAŃSKU,gdansk/szkola-podstawowa/szkola-podstawowa-nr-35-z-oddzialami-sportowymi-im-jana-parandowskiego-w-gdansku-10561,Gdańsk,POMORSKIE,60.45,204,603,True
2024,overall,94,019c23d8-a94f-7be1-9898-adc01a806e7d,SZKOŁA PODSTAWOWA NR 11 IM. BOHATERÓW ZAŁOGI ORP GROM,gdynia/szkola-podstawowa/szkola-podstawowa-nr-11-im-bohaterow-zalogi-orp-grom-6970,Gdynia,POMORSKIE,59.92,224,603,True
2024,overall,95,019c23da-6f03-7a2c-aca0-ea29a1b765a7,ZESPÓŁ SZKÓŁ SPORTOWYCH I MISTRZOSTWA SPORTOWEGO IM. JANUSZA KUSOCIŃSKIEGO SPORTOWA SZKOŁA PODSTAWOWA NR 75 Z ODDZIAŁAMI MISTRZOSTWA SPORTOWEGO IM. JANUSZA KUSOCIŃSKIEGO W GDAŃSKU,gdansk/szkola-podstawowa/zespol-szkol-sportowych-i-mistrzostwa-sportowego-im-janusza-kusocinskiego-sportowa-szkola-podstawowa-nr-75-z-oddzialami-mistrzostwa-sportowego-im-janusza-kusocinskiego-w-gdansku-18269,Gdańsk,POMORSKIE,59.27,230,603,True
2024,overall,96,019c23a3-6c51-7e63-8e84-358314c7f2f7,SZKOŁA PODSTAWOWA NR 23,gdynia/szkola-podstawowa/szkola-podstawowa-nr-23-4277,Gdynia,POMORSKIE,58.95,234,603,True
2024,overall,97,019c23a3-6c55-7725-83c1-8f8655b3fd79,SZKOŁA PODSTAWOWA NR 35 IM. KPT. STANISŁAWA KOSKO,gdynia/szkola-podstawowa/szkola-podstawowa-nr-35-im-kpt-stanislawa-kosko-4284,Gdynia,POMORSKIE,58.29,245,603,True
2024,overall,98,019c23d8-fd9d-744e-9f82-5950635e30d5,SZKOŁA PODSTAWOWA NR 40 IM. KPT. LEONIDA TELIGI W GDAŃSKU,gdansk/szkola-podstawowa/szkola-podstawowa-nr-40-im-kpt-leonida-teligi-w-gdansku-9081,Gdańsk,POMORSKIE,57.34,264,603,True
2024,overall,99,019c23e0-d61a-7512-8943-90c776299544,GDAŃSKA SZKOŁA PODSTAWOWA,gdansk/szkola-podstawowa/gdanska-szkola-podstawowa-81749,Gdańsk,POMORSKIE,57.21,266,603,False
2024,overall,100,019c23d9-f91c-7724-b746-258e3d238951,SZKOŁA PODSTAWOWA NR 57 IM. GEN. WŁADYSŁAWA ANDERSA W GDAŃSKU,gdansk/szkola-podstawowa/szkola-podstawowa-nr-57-im-gen-wladyslawa-andersa-w-gdansku-15431,Gdańsk,POMORSKIE,56.73,273,603,True
2024,overall,101,019c23a3-6c25-78e2-83db-aa6e190a852b,SZKOŁA PODSTAWOWA NR 39 IM. KPT Ż. W. KAZIMIERZA JURKIEWICZA,gdynia/szkola-podstawowa/szkola-podstawowa-nr-39-im-kpt-z-w-kazimierza-jurkiewicza-4221,Gdynia,POMORSKIE,56.31,280,603,True
2024,overall,102,019c23da-16a7-7bae-bd8f-f15b4d7b4094,SZKOŁA PODSTAWOWA NR 58 IM. KAZIMIERZA SOŁTYSIKA W GDAŃSKU,gdansk/szkola-podstawowa/szkola-podstawowa-nr-58-im-kazimierza-soltysika-w-gdansku-16171,Gdańsk,POMORSKIE,55.17,303,603,True
2024,overall,103,019c23da-9c15-72ac-ab7f-c6b1a8a99cd9,SZKOŁA PODSTAWOWA NR 83 IM. ŻOŁNIERZY Z WESTERPLATTE W GDAŃSKU,gdansk/szkola-podstawowa/szkola-podstawowa-nr-83-im-zolnierzy-z-westerplatte-w-gdansku-19432,Gdańsk,POMORSKIE,54.84,309,603,True
2024,overall,104,019c23a3-70c6-7bb5-a755-019f996cf421,SZKOŁA PODSTAWOWA NR 17 IM. WICEADM. JÓZEFA UNRUGA,gdynia/szkola-podstawowa/szkola-podstawowa-nr-17-im-wiceadm-jozefa-unruga-4307,Gdynia,POMORSKIE,54.05,325,603,True
2024,overall,105,019c23da-47f8-70d9-9ef8-b86e471b170f,ZESPÓŁ SZKOLNO-PRZEDSZKOLNY NR 4 SZKOŁA PODSTAWOWA NR 11 IM. NA BURSZTYNOWYM SZLAKU W GDAŃSKU,gdansk/szkola-podstawowa/zespol-szkolno-przedszkolny-nr-4-szkola-podstawowa-nr-11-im-na-bursztynowym-szlaku-w-gdansku-17319,Gdańsk,POMORSKIE,54.01,328,603,True
2024,overall,106,019c23da-431f-7c71-94e8-8342096d9b44,SZKOŁA PODSTAWOWA NR 4 IM. KRÓLA KAZIMIERZA JAGIELLOŃCZYKA W GDAŃSKU,gdansk/szkola-podstawowa/szkola-podstawowa-nr-4-im-krola-kazimierza-jagiellonczyka-w-gdansku-17192,Gdańsk,POMORSKIE,53.28,344,603,True
2024,overall,107,019c23da-2000-7339-9fe0-e64502f79156,SZKOŁA PODSTAWOWA NR 88 IM. DANIELA GABRIELA FAHRENHEITA W GDAŃSKU,gdansk/szkola-podstawowa/szkola-podstawowa-nr-88-im-daniela-gabriela-fahrenheita-w-gdansku-16374,Gdańsk,POMORSKIE,50.48,394,603,True
2024,overall,108,019c23a3-70f8-75de-8860-8173575c4202,SZKOŁA PODSTAWOWA NR 33 IM. OBROŃCÓW KĘPY OKSYWSKIEJ,gdynia/szkola-podstawowa/szkola-podstawowa-nr-33-im-obroncow-kepy-oksywskiej-4369,Gdynia,POMORSKIE,49.54,416,603,True
2024,overall,109,019c23dc-1811-7223-957c-286dc340975f,ZESPÓŁ KSZTAŁCENIA PODSTAWOWEGO I PRZEDSZKOLNEGO NR 1 W GDAŃSKU - SZKOŁA PODSTAWOWA NR 87,gdansk/szkola-podstawowa/zespol-ksztalcenia-podstawowego-i-przedszkolnego-nr-1-w-gdansku-szkola-podstawowa-nr-87-29329,Gdańsk,POMORSKIE,49.1,421,603,True
2024,overall,110,019c23a3-70e8-7c0e-af43-3222d4fabbed,SZKOŁA PODSTAWOWA NR 21 IM. LUDZI MORZA I MARZEŃ W GDYNI,gdynia/szkola-podstawowa/szkola-podstawowa-nr-21-im-ludzi-morza-i-marzen-w-gdyni-4342,Gdynia,POMORSKIE,48.85,424,603,True
2024,overall,111,019c23da-ae03-724a-85aa-1dc846c7c42b,SZKOŁA PODSTAWOWA NR 65 IM. ALFA LICZMAŃSKIEGO W GDAŃSKU,gdansk/szkola-podstawowa/szkola-podstawowa-nr-65-im-alfa-liczmanskiego-w-gdansku-19820,Gdańsk,POMORSKIE,47.47,450,603,True
2024,overall,112,019c23da-2801-7317-a118-0261767bd083,ZESPÓŁ SZKOLNO-PRZEDSZKOLNY NR 11- SZKOŁA PODSTAWOWA NR 61 IM. JÓZEFA WYBICKIEGO W GDAŃSKU,gdansk/szkola-podstawowa/zespol-szkolno-przedszkolny-nr-11-szkola-podstawowa-nr-61-im-jozefa-wybickiego-w-gdansku-16564,Gdańsk,POMORSKIE,46.83,460,603,True
2024,overall,113,019c23d9-12c5-7174-806b-5519c4e30380,SZKOŁA PODSTAWOWA NR 56 IM. ANDRZEJA STRUGA W GDAŃSKU,gdansk/szkola-podstawowa/szkola-podstawowa-nr-56-im-andrzeja-struga-w-gdansku-9704,Gdańsk,POMORSKIE,45.26,479,603,True
2024,overall,114,019c23d8-b206-7f8a-bf08-fb2a039dbb74,SZKOŁA PODSTAWOWA NR 31 IM. SYNÓW PUŁKU,gdynia/szkola-podstawowa/szkola-podstawowa-nr-31-im-synow-pulku-7112,Gdynia,POMORSKIE,45.22,482,603,True
2024,overall,115,019c23da-0a47-79b7-8d48-cb89702169f5,SZKOŁA PODSTAWOWA NR 59 IM. I DYWIZJI PANCERNEJ GEN. STANISŁAWA MACZKA W GDAŃSKU,gdansk/szkola-podstawowa/szkola-podstawowa-nr-59-im-i-dywizji-pancernej-gen-stanislawa-maczka-w-gdansku-15831,Gdańsk,POMORSKIE,45.11,484,603,True
2024,overall,116,019c23da-282c-7c40-8042-3e6d22bcad3e,SZKOŁA PODSTAWOWA NR 62 W GDAŃSKU,gdansk/szkola-podstawowa/szkola-podstawowa-nr-62-w-gdansku-16641,Gdańsk,POMORSKIE,44.55,495,603,True
2024,overall,117,019c23d9-1ebc-7f7f-8e28-6fd73a5690e0,SZKOŁA PODSTAWOWA NR 21 IM. KPT. Ż. W. OLGIERDA BORCHARDTA W GDAŃSKU,gdansk/szkola-podstawowa/szkola-podstawowa-nr-21-im-kpt-z-w-olgierda-borchardta-w-gdansku-10067,Gdańsk,POMORSKIE,43.9,503,603,True
2024,overall,118,019c23e6-360d-759c-84e6-ceea1e717cdf,"PUBLICZNA SZKOŁA PODSTAWOWA ""OLIMPIJCZYK"" W GDAŃSKU Z ODDZIAŁAMI SPORTOWYMI",gdansk/szkola-podstawowa/publiczna-szkola-podstawowa-olimpijczyk-w-gdansku-z-oddzialami-sportowymi-133053,Gdańsk,POMORSKIE,42.58,516,603,True
2024,overall,119,019c23d9-eba1-7f39-bab8-3a23a758f192,ZESPÓŁ SZKOLNO-PRZEDSZKOLNY NR 7 SZKOŁA PODSTAWOWA NR 55 IM. JANA HEWELIUSZA W GDAŃSKU,gdansk/szkola-podstawowa/zespol-szkolno-przedszkolny-nr-7-szkola-podstawowa-nr-55-im-jana-heweliusza-w-gdansku-15122,Gdańsk,POMORSKIE,39.22,544,603,True
2024,overall,120,019c23d9-2b49-7cd5-adb2-cca317fb715b,SZKOŁA PODSTAWOWA NR 16 IM. WŁADYSŁAWA BRONIEWSKIEGO W GDAŃSKU,gdansk/szkola-podstawowa/szkola-podstawowa-nr-16-im-wladyslawa-broniewskiego-w-gdansku-10294,Gdańsk,POMORSKIE,39.08,546,603,True
2024,overall,121,019c23a3-70b9-7839-89f4-5c8c3b97c69d,SZKOŁA PODSTAWOWA NR 10 IM. EUGENIUSZA KWIATKOWSKIEGO,gdynia/szkola-podstawowa/szkola-podstawowa-nr-10-im-eugeniusza-kwiatkowskiego-4300,Gdynia,POMORSKIE,38.87,547,603,True
2024,overall,122,019c23d9-4d0e-782d-8261-01f1fb99f1ce,SZKOŁA PODSTAWOWA NR 49 IM. KS. BRONISŁAWA KOMOROWSKIEGO W GDAŃSKU,gdansk/szkola-podstawowa/szkola-podstawowa-nr-49-im-ks-bronislawa-komorowskiego-w-gdansku-11179,Gdańsk,POMORSKIE,38.6,550,603,True
2024,overall,123,019c23dc-d556-7fff-be9c-9054842b9126,SZKOŁA PODSTAWOWA SPECJALNA NR 28,gdansk/szkola-podstawowa/szkola-podstawowa-specjalna-nr-28-39066,Gdańsk,POMORSKIE,34.21,572,603,True
2025,overall,1,019c23df-42af-7f75-a61d-e7cab4b0088e,"NIEPUBLICZNA SZKOŁA PODSTAWOWA ""SOKRATES""",gdansk/szkola-podstawowa/niepubliczna-szkola-podstawowa-sokrates-66309,Gdańsk,POMORSKIE,90.86,1,649,False
2025,overall,2,019c23dd-3a9e-7e6f-80ef-4d360046bc2a,"PODSTAWOWA SZKOŁA SPOŁECZNA ""NIEDŹWIEDNIK""",gdansk/szkola-podstawowa/podstawowa-szkola-spoleczna-niedzwiednik-43412,Gdańsk,POMORSKIE,88.29,2,649,False
2025,overall,3,019c23e4-0df5-72c8-8d0a-f60a60b1d6aa,FREGATA SZKOŁA PODSTAWOWA DLA DZIEWCZĄT,gdansk/szkola-podstawowa/fregata-szkola-podstawowa-dla-dziewczat-119762,Gdańsk,POMORSKIE,88.13,3,649,False
2025,overall,4,019c23c2-5015-788a-b0d6-d50600a116f4,PIERWSZA SZKOŁA SPOŁECZNA PODSTAWOWA IM.DZIECI ZJEDNOCZONEJ EUROPY,gdynia/szkola-podstawowa/pierwsza-szkola-spoleczna-podstawowa-im-dzieci-zjednoczonej-europy-5959,Gdynia,POMORSKIE,88.07,4,649,False
2025,overall,5,019c23e1-6bad-7a57-91d1-e87f5608fb63,I SPOŁECZNA SZKOŁA PODSTAWOWA SPOŁECZNEGO TOWARZYSTWA OŚWIATOWEGO,gdansk/szkola-podstawowa/i-spoleczna-szkola-podstawowa-spolecznego-towarzystwa-oswiatowego-86148,Gdańsk,POMORSKIE,87.23,6,649,False
2025,overall,6,019c23e2-10a9-7973-9adf-79949fc7bf33,AMERYKAŃSKA SZKOŁA PODSTAWOWA Z WYKŁADOWYM JĘZYKIEM ANGIELSKIM,gdynia/szkola-podstawowa/amerykanska-szkola-podstawowa-z-wykladowym-jezykiem-angielskim-90298,Gdynia,POMORSKIE,86.35,7,649,False
2025,overall,7,019c23d9-40aa-7f43-9c99-6ba57bfa4d05,"PRYWATNA SZKOŁA PODSTAWOWA ""LIBER""",gdynia/szkola-podstawowa/prywatna-szkola-podstawowa-liber-10829,Gdynia,POMORSKIE,86.14,8,649,False
2025,overall,8,019c23e0-a250-77d3-9f40-51c0eb31bc45,NOWY ŚWIAT NIEPUBLICZNA SZKOŁA PODSTAWOWA,gdansk/szkola-podstawowa/nowy-swiat-niepubliczna-szkola-podstawowa-80448,Gdańsk,POMORSKIE,86.09,9,649,False
2025,overall,9,019c23e1-616e-74f1-adca-e1dedbc7bfcc,GDAŃSKIE SZKOŁY AUTONOMICZNE GDAŃSKA AUTONOMICZNA SZKOŁA PODSTAWOWA,gdansk/szkola-podstawowa/gdanskie-szkoly-autonomiczne-gdanska-autonomiczna-szkola-podstawowa-85999,Gdańsk,POMORSKIE,86,10,649,False
2025,overall,10,019c23dc-4f7e-7b00-893f-76a6c05182cb,"""FREGATA"" SZKOŁA PODSTAWOWA DLA CHŁOPCÓW",gdansk/szkola-podstawowa/fregata-szkola-podstawowa-dla-chlopcow-30613,Gdańsk,POMORSKIE,86,10,649,False
2025,overall,11,019c23e1-702a-7a7b-ac88-3904f32de525,KATOLICKA SZKOŁA PODSTAWOWA IM. ŚW. KAZIMIERZA W GDAŃSKU,gdansk/szkola-podstawowa/katolicka-szkola-podstawowa-im-sw-kazimierza-w-gdansku-86270,Gdańsk,POMORSKIE,85.63,13,649,False
2025,overall,12,019c23a3-7a25-7a48-9035-f6ee0586e79e,SZKOŁA PODSTAWOWA NR 18 IM. KORNELA MAKUSZYŃSKIEGO,gdynia/szkola-podstawowa/szkola-podstawowa-nr-18-im-kornela-makuszynskiego-4563,Gdynia,POMORSKIE,85.23,14,649,True
2025,overall,13,019c23e1-7027-749c-bb81-1e9b35e222db,SZKOŁA PODSTAWOWA IM. ŚW. JANA DE LA SALLE,gdansk/szkola-podstawowa/szkola-podstawowa-im-sw-jana-de-la-salle-86264,Gdańsk,POMORSKIE,84.85,15,649,False
2025,overall,14,019c23e1-7546-7a86-9791-e2c8d2fa541c,III SPOŁECZNA SZKOŁA PODSTAWOWA SPOŁECZNEGO TOWARZYSTWA OŚWIATOWEGO,gdansk/szkola-podstawowa/iii-spoleczna-szkola-podstawowa-spolecznego-towarzystwa-oswiatowego-86458,Gdańsk,POMORSKIE,84.63,16,649,False
2025,overall,15,019c23e6-8743-7bcc-93e1-e404525427ad,KATOLICKA SZKOŁA PODSTAWOWA IM. ŚW. JANA PAWŁA II W GDYNI,gdynia/szkola-podstawowa/katolicka-szkola-podstawowa-im-sw-jana-pawla-ii-w-gdyni-263021,Gdynia,POMORSKIE,84.5,17,649,True
2025,overall,16,019c23e6-96ba-7889-a06a-b4d79d97175a,CHRZEŚCIJAŃSKA SZKOŁA MONTESSORI NR 2,gdansk/szkola-podstawowa/chrzescijanska-szkola-montessori-nr-2-263516,Gdańsk,POMORSKIE,84.1,18,649,False
2025,overall,17,019c23e1-6b8c-747d-b86a-71d4163a5729,II SPOŁECZNA SZKOŁA PODSTAWOWA SPOŁECZNEGO TOWARZYSTWA OŚWIATOWEGO,gdansk/szkola-podstawowa/ii-spoleczna-szkola-podstawowa-spolecznego-towarzystwa-oswiatowego-86125,Gdańsk,POMORSKIE,83.29,20,649,False
2025,overall,18,019c23e6-8232-73bf-b6e1-7a35421bad2a,GDAŃSKA SZKOŁA PODSTAWOWA LINGWISTA IM. HYMNU NARODOWEGO,gdansk/szkola-podstawowa/gdanska-szkola-podstawowa-lingwista-im-hymnu-narodowego-262904,Gdańsk,POMORSKIE,79.98,24,649,False
2025,overall,19,019c23e2-287c-7ccd-8fc1-96afe989471e,GDYŃSKA SZKOŁA SPOŁECZNA,gdynia/szkola-podstawowa/gdynska-szkola-spoleczna-90963,Gdynia,POMORSKIE,79.9,25,649,False
2025,overall,20,019c23dc-0ac6-7b9c-beca-c8c521f0c7d0,NIEPUBLICZNA POLSKO-BRYTYJSKA SZKOŁA PODSTAWOWA NR 1,gdansk/szkola-podstawowa/niepubliczna-polsko-brytyjska-szkola-podstawowa-nr-1-28757,Gdańsk,POMORSKIE,79.8,27,649,False
2025,overall,21,019c23a3-638e-77f5-a650-11ec5780f3a1,SZKOŁA PODSTAWOWA NR 20 IM. 2 MORSKIEGO PUŁKU STRZELCÓW,gdynia/szkola-podstawowa/szkola-podstawowa-nr-20-im-2-morskiego-pulku-strzelcow-4053,Gdynia,POMORSKIE,79.63,30,649,True
2025,overall,22,019c23df-0382-744f-9214-164cfe6ca861,KATOLICKA SZKOŁA PODSTAWOWA IM ŚW. RODZINY W GDYNI,gdynia/szkola-podstawowa/katolicka-szkola-podstawowa-im-sw-rodziny-w-gdyni-62306,Gdynia,POMORSKIE,79.57,31,649,True
2025,overall,23,019c23a3-75b0-7d7e-86dd-3343db3b43a5,SZKOŁA PODSTAWOWA NR 34 Z ODDZIAŁAMI INTEGRACYJNYMI IM. LEONIDA TELIGI,gdynia/szkola-podstawowa/szkola-podstawowa-nr-34-z-oddzialami-integracyjnymi-im-leonida-teligi-4419,Gdynia,POMORSKIE,79.52,32,649,True
2025,overall,24,019c23e6-44e2-71ff-9942-036eed85be55,SZKOŁA PODSTAWOWA JEZUITÓW Z ODDZIAŁAMI DWUJĘZYCZNYMI IM. ŚW. STANISŁAWA KOSTKI W GDYNI,gdynia/szkola-podstawowa/szkola-podstawowa-jezuitow-z-oddzialami-dwujezycznymi-im-sw-stanislawa-kostki-w-gdyni-133486,Gdynia,POMORSKIE,79.03,33,649,False
2025,overall,25,019c23e6-684d-706a-997d-2aa66781268f,ZESPÓŁ SZKÓŁ OGÓLNOKSZTAŁCĄCYCH NR 2 SZKOŁA PODSTAWOWA NR 33 IM. STEFANA BANACHA W GDAŃSKU,gdansk/szkola-podstawowa/zespol-szkol-ogolnoksztalcacych-nr-2-szkola-podstawowa-nr-33-im-stefana-banacha-w-gdansku-262215,Gdańsk,POMORSKIE,78.96,34,649,True
2025,overall,26,019c23e4-e46e-77cd-9898-1265e6b8e72a,"SZKOŁA PODSTAWOWA TOWARZYSTWA EDUKACYJNEGO ""VIZJA""",gdansk/szkola-podstawowa/szkola-podstawowa-towarzystwa-edukacyjnego-vizja-125174,Gdańsk,POMORSKIE,78.87,35,649,False
2025,overall,27,019c23dd-003a-7b91-bef7-d4aa330ccd8f,PODSTAWOWA SZKOŁA GEDANENSIS,gdansk/szkola-podstawowa/podstawowa-szkola-gedanensis-41069,Gdańsk,POMORSKIE,78.62,36,649,False
2025,overall,28,019c23dc-d559-74be-95fd-718e8de6e0c7,SZKOŁA PODSTAWOWA NR 48 IM. GEN. JÓZEFA HALLERA W GDAŃSKU,gdansk/szkola-podstawowa/szkola-podstawowa-nr-48-im-gen-jozefa-hallera-w-gdansku-39070,Gdańsk,POMORSKIE,78.5,37,649,True
2025,overall,29,019c23d9-eba1-7f39-bab8-3a23a9c4095f,SZKOŁA PODSTAWOWA NR 1 IM. MARIUSZA ZARUSKIEGO W GDAŃSKU,gdansk/szkola-podstawowa/szkola-podstawowa-nr-1-im-mariusza-zaruskiego-w-gdansku-15124,Gdańsk,POMORSKIE,78.3,38,649,True
2025,overall,30,019c23d9-2b63-75d2-adec-34a0b4117138,SZKOŁA PODSTAWOWA NR 47 IM. KASZUBSKIEJ BRYGADY WOP W GDAŃSKU,gdansk/szkola-podstawowa/szkola-podstawowa-nr-47-im-kaszubskiej-brygady-wop-w-gdansku-10347,Gdańsk,POMORSKIE,77.43,41,649,True
2025,overall,31,019c23df-d124-73b5-88a5-48d994aa5d99,BRITISH INTERNATIONAL SCHOOL GDAŃSK - SZKOLA PODSTAWOWA,gdansk/szkola-podstawowa/british-international-school-gdansk-szkola-podstawowa-71958,Gdańsk,POMORSKIE,76.55,43,649,False
2025,overall,32,019c23d8-e47c-7508-876a-98d51336b614,SZKOŁA PODSTAWOWA NR 8 IM. OBROŃCÓW HELU,gdynia/szkola-podstawowa/szkola-podstawowa-nr-8-im-obroncow-helu-8469,Gdynia,POMORSKIE,75.88,46,649,True
2025,overall,33,019c23d9-389c-7d45-a285-0c4572f7f969,SZKOŁA PODSTAWOWA NR 24 IM. GUSTAWA MORCINKA W GDAŃSKU,gdansk/szkola-podstawowa/szkola-podstawowa-nr-24-im-gustawa-morcinka-w-gdansku-10634,Gdańsk,POMORSKIE,75.6,47,649,True
2025,overall,34,019c23d9-3461-76c2-9659-24047f985f67,SZKOŁA PODSTAWOWA NR 89 IM. TADEUSZA MAZOWIECKIEGO W GDAŃSKU,gdansk/szkola-podstawowa/szkola-podstawowa-nr-89-im-tadeusza-mazowieckiego-w-gdansku-10576,Gdańsk,POMORSKIE,75.5,49,649,True
2025,overall,35,019c23e6-0057-7286-81e5-64c55679732b,SZKOŁA PODSTAWOWA BE MONTESSORI SCHOOL GDAŃSK,gdansk/szkola-podstawowa/szkola-podstawowa-be-montessori-school-gdansk-131758,Gdańsk,POMORSKIE,75.07,51,649,False
2025,overall,36,019c23a3-70c6-7bb5-a755-019f996cf421,SZKOŁA PODSTAWOWA NR 17 IM. WICEADM. JÓZEFA UNRUGA,gdynia/szkola-podstawowa/szkola-podstawowa-nr-17-im-wiceadm-jozefa-unruga-4307,Gdynia,POMORSKIE,74.61,57,649,True
2025,overall,37,019c23a3-70d2-7755-a470-e426e5a2be3f,SZKOŁA PODSTAWOWA NR 26 IM. ŻOŁNIERZY ARMII KRAJOWEJ,gdynia/szkola-podstawowa/szkola-podstawowa-nr-26-im-zolnierzy-armii-krajowej-4319,Gdynia,POMORSKIE,73.99,60,649,True
2025,overall,38,019c23df-42b0-741e-a372-78fd58048094,"GDAŃSKA SZKOŁA PODSTAWOWA ""LINGWISTA"" IM. ZJEDNOCZONEJ EUROPY",gdansk/szkola-podstawowa/gdanska-szkola-podstawowa-lingwista-im-zjednoczonej-europy-66313,Gdańsk,POMORSKIE,73.57,62,649,False
2025,overall,39,019c23da-ce21-7983-91bc-81d75501e8ec,SZKOŁA PODSTAWOWA NR 84 IM. JANA BRZECHWY W GDAŃSKU,gdansk/szkola-podstawowa/szkola-podstawowa-nr-84-im-jana-brzechwy-w-gdansku-20599,Gdańsk,POMORSKIE,73.42,63,649,True
2025,overall,40,019c23d9-0a68-79f6-a021-c13fdb35a980,SZKOŁA PODSTAWOWA NR 44 IM. ADAMA MICKIEWICZA W GDAŃSKU,gdansk/szkola-podstawowa/szkola-podstawowa-nr-44-im-adama-mickiewicza-w-gdansku-9480,Gdańsk,POMORSKIE,73.42,64,649,True
2025,overall,41,019c23d9-2ff9-7558-b408-a671ea287fd4,SZKOŁA PODSTAWOWA NR 77 W GDAŃSKU,gdansk/szkola-podstawowa/szkola-podstawowa-nr-77-w-gdansku-10388,Gdańsk,POMORSKIE,73.1,65,649,True
2025,overall,42,019c23e6-051e-7701-88cc-d1057025f38f,MORSKA SZKOŁA PODSTAWOWA IM. ALEKSANDRA DOBY W GDAŃSKU,gdansk/szkola-podstawowa/morska-szkola-podstawowa-im-aleksandra-doby-w-gdansku-131786,Gdańsk,POMORSKIE,72.68,69,649,True
2025,overall,43,019c23d8-c6bd-799e-9b80-d85cac1026bb,SZKOŁA PODSTAWOWA NR 46,gdynia/szkola-podstawowa/szkola-podstawowa-nr-46-7669,Gdynia,POMORSKIE,72.66,70,649,True
2025,overall,44,019c23dc-1811-7223-957c-286dc340975f,ZESPÓŁ KSZTAŁCENIA PODSTAWOWEGO I PRZEDSZKOLNEGO NR 1 W GDAŃSKU - SZKOŁA PODSTAWOWA NR 87,gdansk/szkola-podstawowa/zespol-ksztalcenia-podstawowego-i-przedszkolnego-nr-1-w-gdansku-szkola-podstawowa-nr-87-29329,Gdańsk,POMORSKIE,72.4,71,649,True
2025,overall,45,019c23e0-8b74-72e7-8e09-ed9226ceb02a,"NIEPUBLICZNA SZKOŁA PODSTAWOWA ""NASZA SZKOŁA""",gdansk/szkola-podstawowa/niepubliczna-szkola-podstawowa-nasza-szkola-79859,Gdańsk,POMORSKIE,72.39,72,649,False
2025,overall,46,019c23d9-0ec4-7c18-aff6-30bef43c1c8a,SZKOŁA PODSTAWOWA NR 39 IM. WOJSKA POLSKIEGO W GDAŃSKU,gdansk/szkola-podstawowa/szkola-podstawowa-nr-39-im-wojska-polskiego-w-gdansku-9587,Gdańsk,POMORSKIE,71.83,73,649,True
2025,overall,47,019c23d9-da46-7c1b-9c39-986de2e79ab4,SZKOŁA PODSTAWOWA NR 50 IM. E.PLATER W GDAŃSKU,gdansk/szkola-podstawowa/szkola-podstawowa-nr-50-im-e-plater-w-gdansku-14699,Gdańsk,POMORSKIE,71.8,74,649,True
2025,overall,48,019c23da-df6d-70fb-a550-320356e362db,SZKOŁA PODSTAWOWA NR 81 W GDAŃSKU IM. PROF. MICHAŁA SIEDLECKIEGO,gdansk/szkola-podstawowa/szkola-podstawowa-nr-81-w-gdansku-im-prof-michala-siedleckiego-21025,Gdańsk,POMORSKIE,71.69,75,649,True
2025,overall,49,019c23d8-e470-7b69-baa6-781b51f124ca,SZKOŁA PODSTAWOWA NR 12 IM. PRZYJACIÓŁ GDAŃSKA,gdansk/szkola-podstawowa/szkola-podstawowa-nr-12-im-przyjaciol-gdanska-8438,Gdańsk,POMORSKIE,71.58,76,649,True
2025,overall,50,019c23d9-553e-73e4-9ace-31fd26aede63,SZKOŁA PODSTAWOWA NR 2 Z ODDZIAŁAMI SPORTOWYMI IM. ARMII KRAJOWEJ W GDAŃSKU,gdansk/szkola-podstawowa/szkola-podstawowa-nr-2-z-oddzialami-sportowymi-im-armii-krajowej-w-gdansku-11368,Gdańsk,POMORSKIE,71.53,77,649,True
2025,overall,51,019c23a3-70d7-774d-af73-159690741af8,SZKOŁA PODSTAWOWA NR 16 IM. ORŁA BIAŁEGO,gdynia/szkola-podstawowa/szkola-podstawowa-nr-16-im-orla-bialego-4324,Gdynia,POMORSKIE,71.43,78,649,True
2025,overall,52,019c23e6-822b-71e3-aeb7-37bd77f77703,NIEPUBLICZNA SZKOŁA PODSTAWOWA THINKING ZONE W GDAŃSKU,gdansk/szkola-podstawowa/niepubliczna-szkola-podstawowa-thinking-zone-w-gdansku-262876,Gdańsk,POMORSKIE,71.2,79,649,False
2025,overall,53,019c23e4-b360-786c-ac20-381ed98490bd,POZYTYWNA SZKOŁA PODSTAWOWA IM. ARKADIUSZA ARAMA RYBICKIEGO W GDAŃSKU,gdansk/szkola-podstawowa/pozytywna-szkola-podstawowa-im-arkadiusza-arama-rybickiego-w-gdansku-124084,Gdańsk,POMORSKIE,71.1,82,649,True
2025,overall,54,019c23d8-a52a-7a3a-8268-ef536be69d0e,SZKOŁA PODSTAWOWA NR 12,gdynia/szkola-podstawowa/szkola-podstawowa-nr-12-6850,Gdynia,POMORSKIE,70.97,83,649,True
2025,overall,55,019c23d8-fd9e-761e-b612-0e8e151bc223,ZESPÓŁ SZKOLNO-PRZEDSZKOLNY NR 2 -SZKOŁA PODSTAWOWA NR 42 IM. IGNACEGO JANA PADEREWSKIEGO W GDAŃSKU,gdansk/szkola-podstawowa/zespol-szkolno-przedszkolny-nr-2-szkola-podstawowa-nr-42-im-ignacego-jana-paderewskiego-w-gdansku-9082,Gdańsk,POMORSKIE,70.61,85,649,True
2025,overall,56,019c23d8-ecbd-7091-915f-8b6001e8b49b,ZESPÓŁ SZKOLNO-PRZEDSZKOLNY NR 10 - SZKOŁA PODSTAWOWA NR 80 IM. BUDOWNICZYCH PORTU PÓŁNOCNEGO W GDAŃSKU,gdansk/szkola-podstawowa/zespol-szkolno-przedszkolny-nr-10-szkola-podstawowa-nr-80-im-budowniczych-portu-polnocnego-w-gdansku-8641,Gdańsk,POMORSKIE,70.4,87,649,True
2025,overall,57,019c23d8-c6c3-7bb7-8e43-445c8d4a0b6a,SZKOŁA PODSTAWOWA NR 27 IM. DZIECI ZJEDNOCZONEJ EUROPY W GDAŃSKU,gdansk/szkola-podstawowa/szkola-podstawowa-nr-27-im-dzieci-zjednoczonej-europy-w-gdansku-7678,Gdańsk,POMORSKIE,70.34,89,649,True
2025,overall,58,019c23da-1b7c-792c-a0a7-e530093145c9,SZKOŁA PODSTAWOWA NR 19 IM. ZASŁUŻONYCH LUDZI MORZA W GDAŃSKU,gdansk/szkola-podstawowa/szkola-podstawowa-nr-19-im-zasluzonych-ludzi-morza-w-gdansku-16227,Gdańsk,POMORSKIE,69.91,92,649,True
2025,overall,59,019c23a3-75e9-7347-bd1d-1b2cbe30a2e8,SZKOŁA PODSTAWOWA NR 37 IM. OBROŃCÓW KĘPY OKSYWSKIEJ,gdynia/szkola-podstawowa/szkola-podstawowa-nr-37-im-obroncow-kepy-oksywskiej-4482,Gdynia,POMORSKIE,69.88,93,649,True
2025,overall,60,019c23d8-cacd-7a17-93b6-39278ecb5275,SZKOŁA PODSTAWOWA NR 47 IM FRANCISZKI CEGIELSKIEJ,gdynia/szkola-podstawowa/szkola-podstawowa-nr-47-im-franciszki-cegielskiej-7747,Gdynia,POMORSKIE,69.85,95,649,True
2025,overall,61,019c23d9-5991-7ce9-bb1e-4e647aaddc8a,SZKOŁA PODSTAWOWA NR 48 IM. PROFESORA KAZIMIERZA DEMELA,gdynia/szkola-podstawowa/szkola-podstawowa-nr-48-im-profesora-kazimierza-demela-11470,Gdynia,POMORSKIE,69.44,97,649,True
2025,overall,62,019c23e6-6335-7afe-bf27-af1cd30a158a,SZKOŁA PODSTAWOWA NR 51 W GDYNI,gdynia/szkola-podstawowa/szkola-podstawowa-nr-51-w-gdyni-196334,Gdynia,POMORSKIE,69.4,98,649,True
2025,overall,63,019c23c2-5021-765c-a5a1-10c9aa4aff6d,SZKOŁA PODSTAWOWA NR 29 IM. JERZEGO PUCKA W GDAŃSKU,gdansk/szkola-podstawowa/szkola-podstawowa-nr-29-im-jerzego-pucka-w-gdansku-5981,Gdańsk,POMORSKIE,69.1,100,649,True
2025,overall,64,019c23d8-e07a-727a-8b07-778131cb9584,SZKOŁA PODSTAWOWA NR 23 IM.DZIECI ŚWIATA W GDAŃSKU,gdansk/szkola-podstawowa/szkola-podstawowa-nr-23-im-dzieci-swiata-w-gdansku-8315,Gdańsk,POMORSKIE,69.01,101,649,True
2025,overall,65,019c23da-c063-757a-ada4-fa8901bb4825,SZKOŁA PODSTAWOWA NR 85 IM. ZRZESZENIA KASZUBSKO-POMORSKIEGO W GDAŃSKU,gdansk/szkola-podstawowa/szkola-podstawowa-nr-85-im-zrzeszenia-kaszubsko-pomorskiego-w-gdansku-20267,Gdańsk,POMORSKIE,68.96,102,649,True
2025,overall,66,019c23e6-684b-7419-81fe-0a53b548460f,SZKOŁA PODSTAWOWA NR 43 IM. JANA KOCHANOWSKIEGO W GDAŃSKU,gdansk/szkola-podstawowa/szkola-podstawowa-nr-43-im-jana-kochanowskiego-w-gdansku-262207,Gdańsk,POMORSKIE,68.72,103,649,True
2025,overall,67,019c23e4-353d-7512-9435-8d4aefd8c29a,CHRZEŚCIJAŃSKA SZKOŁA MONTESSORI,gdansk/szkola-podstawowa/chrzescijanska-szkola-montessori-120645,Gdańsk,POMORSKIE,68.34,105,649,False
2025,overall,68,019c23d9-1e9b-77ef-b38a-df73b6885e86,GDAŃSKA SZKOŁA SZERMIERKI - SZKOŁA PODSTAWOWA NR 70 Z ODDZIAŁAMI SPORTOWYMI W GDAŃSKU,gdansk/szkola-podstawowa/gdanska-szkola-szermierki-szkola-podstawowa-nr-70-z-oddzialami-sportowymi-w-gdansku-9987,Gdańsk,POMORSKIE,67.51,113,649,True
2025,overall,69,019c23da-4809-7922-8ead-161d0e3c157b,ZESPÓŁ SZKOLNO-PRZEDSZKOLNY NR 5 SZKOŁA PODSTAWOWA NR 92 IM. KARD. STEFANA WYSZYŃSKIEGO PRYMASA TYSIĄCLECIA W GDAŃSKU,gdansk/szkola-podstawowa/zespol-szkolno-przedszkolny-nr-5-szkola-podstawowa-nr-92-im-kard-stefana-wyszynskiego-prymasa-tysiaclecia-w-gdansku-17348,Gdańsk,POMORSKIE,67.18,116,649,True
2025,overall,70,019c23e5-2a6a-73ce-975e-592aeded4b87,SZKOŁA PODSTAWOWA AKADEMII DOBREJ EDUKACJI IM. MACIEJA PŁAŻYŃSKIEGO,gdansk/szkola-podstawowa/szkola-podstawowa-akademii-dobrej-edukacji-im-macieja-plazynskiego-126944,Gdańsk,POMORSKIE,67.17,119,649,False
2025,overall,71,019c23a3-6c51-7e63-8e84-358314c7f2f7,SZKOŁA PODSTAWOWA NR 23,gdynia/szkola-podstawowa/szkola-podstawowa-nr-23-4277,Gdynia,POMORSKIE,67.17,118,649,True
2025,overall,72,019c23e7-2804-7c8c-82a9-e0fdb5ab5be2,ZESPÓŁ SZKOLNO-PRZEDSZKOLNY NR 6 SZKOŁA PODSTAWOWA NR 6 W GDAŃSKU,gdansk/szkola-podstawowa/zespol-szkolno-przedszkolny-nr-6-szkola-podstawowa-nr-6-w-gdansku-270564,Gdańsk,POMORSKIE,67.09,120,649,True
2025,overall,73,019c23a3-7a00-7af2-af5c-a2ea233a5be0,SZKOŁA PODSTAWOWA NR 28 IM. LOTNIKÓW POLSKICH,gdynia/szkola-podstawowa/szkola-podstawowa-nr-28-im-lotnikow-polskich-4529,Gdynia,POMORSKIE,67.07,121,649,True
2025,overall,74,019c23d8-d727-7bf3-b3fe-24b3ada1fc95,ZESPÓŁ SZKOLNO-PRZEDSZKOLNY NR 8 SZKOŁA PODSTAWOWA NR 8 W GDAŃSKU IM. PRZYJACIÓŁ ZIEMI,gdansk/szkola-podstawowa/zespol-szkolno-przedszkolny-nr-8-szkola-podstawowa-nr-8-w-gdansku-im-przyjaciol-ziemi-8060,Gdańsk,POMORSKIE,67.06,122,649,True
2025,overall,75,019c23e8-3026-748c-b0d9-c17836f616c0,NIEPUBLICZNA SZKOŁA PODSTAWOWA MENTAL ARTS,gdansk/szkola-podstawowa/niepubliczna-szkola-podstawowa-mental-arts-478563,Gdańsk,POMORSKIE,66.69,127,649,False
2025,overall,76,019c23d9-eba2-7f0f-b37d-bc2daa935d0b,ZESPÓŁ SZKÓŁ OGÓLNOKSZTAŁCĄCYCH NR 8 W GDAŃSKU - SZKOŁA PODSTAWOWA NR 5 IM. JANA PAWŁA II,gdansk/szkola-podstawowa/zespol-szkol-ogolnoksztalcacych-nr-8-w-gdansku-szkola-podstawowa-nr-5-im-jana-pawla-ii-15126,Gdańsk,POMORSKIE,66.66,128,649,True
2025,overall,77,019c23da-4cec-7562-b8d2-47abc21f2b67,SZKOŁA PODSTAWOWA NR 69 IM GENERAŁA STANISŁAWA SOSABOWSKIEGO W GDAŃSKU,gdansk/szkola-podstawowa/szkola-podstawowa-nr-69-im-generala-stanislawa-sosabowskiego-w-gdansku-17410,Gdańsk,POMORSKIE,66.54,130,649,True
2025,overall,78,019c23e6-684d-706a-997d-2aa666099a4c,ZESPÓŁ SZKÓŁ OGÓLNOKSZTAŁCĄCYCH NR 7 SZKOŁA PODSTAWOWA NR 3 IM. JANA PAWŁA II W GDAŃSKU,gdansk/szkola-podstawowa/zespol-szkol-ogolnoksztalcacych-nr-7-szkola-podstawowa-nr-3-im-jana-pawla-ii-w-gdansku-262214,Gdańsk,POMORSKIE,66.29,134,649,True
2025,overall,79,019c23a3-6c42-73aa-8216-7415b651b210,SZKOŁA PODSTAWOWA NR 6 IM. ANTONIEGO ABRAHAMA,gdynia/szkola-podstawowa/szkola-podstawowa-nr-6-im-antoniego-abrahama-4254,Gdynia,POMORSKIE,66.22,135,649,True
2025,overall,80,019c23dc-d54f-79dc-8565-c0afa55f1254,ZESPÓŁ SZKOLNO-PRZEDSZKOLNY NR 9 - SZKOŁA PODSTAWOWA NR 7 IM.MJRA MIECZYSŁAWA SŁABEGO,gdansk/szkola-podstawowa/zespol-szkolno-przedszkolny-nr-9-szkola-podstawowa-nr-7-im-mjra-mieczyslawa-slabego-39056,Gdańsk,POMORSKIE,66.15,136,649,True
2025,overall,81,019c23a3-70e8-7c0e-af43-3222d4fabbed,SZKOŁA PODSTAWOWA NR 21 IM. LUDZI MORZA I MARZEŃ W GDYNI,gdynia/szkola-podstawowa/szkola-podstawowa-nr-21-im-ludzi-morza-i-marzen-w-gdyni-4342,Gdynia,POMORSKIE,66.07,138,649,True
2025,overall,82,019c23da-5197-7e67-b2b5-1afa97f67aed,ZESPÓŁ SZKOLNO - PRZEDSZKOLNY NR 1 W GDAŃSKU - SZKOŁA PODSTAWOWA NR 76 IM. JAROSŁAWA DĄBROWSKIEGO,gdansk/szkola-podstawowa/zespol-szkolno-przedszkolny-nr-1-w-gdansku-szkola-podstawowa-nr-76-im-jaroslawa-dabrowskiego-17523,Gdańsk,POMORSKIE,65.6,145,649,True
2025,overall,83,019c23d8-e07d-76cb-9b5e-85b1a751670d,SZKOŁA PODSTAWOWA NR 79 W GDAŃSKU,gdansk/szkola-podstawowa/szkola-podstawowa-nr-79-w-gdansku-8320,Gdańsk,POMORSKIE,65.15,151,649,True
2025,overall,84,019c23d9-0619-720a-93a6-8edb2759c6b2,SZKOŁA PODSTAWOWA NR 14 IM. KS. GRZEGORZA PIRAMOWICZA W GDAŃSKU,gdansk/szkola-podstawowa/szkola-podstawowa-nr-14-im-ks-grzegorza-piramowicza-w-gdansku-9378,Gdańsk,POMORSKIE,64.67,158,649,True
2025,overall,85,019c23e6-360d-759c-84e6-ceea1e717cdf,"PUBLICZNA SZKOŁA PODSTAWOWA ""OLIMPIJCZYK"" W GDAŃSKU Z ODDZIAŁAMI SPORTOWYMI",gdansk/szkola-podstawowa/publiczna-szkola-podstawowa-olimpijczyk-w-gdansku-z-oddzialami-sportowymi-133053,Gdańsk,POMORSKIE,64.46,165,649,True
2025,overall,86,019c23d8-a4ff-73a3-b479-b9299e17310f,SZKOŁA PODSTAWOWA NR 42 IM. KRÓLOWEJ JADWIGI,gdynia/szkola-podstawowa/szkola-podstawowa-nr-42-im-krolowej-jadwigi-6783,Gdynia,POMORSKIE,64.34,171,649,True
2025,overall,87,019c23d9-0ead-7630-9204-e6b92d9fecdb,SZKOŁA PODSTAWOWA NR 15 IM. DR URSZULI MROCZKIEWICZ W GDAŃSKU,gdansk/szkola-podstawowa/szkola-podstawowa-nr-15-im-dr-urszuli-mroczkiewicz-w-gdansku-9540,Gdańsk,POMORSKIE,64.31,172,649,True
2025,overall,88,019c23d8-c2ba-7bcd-8948-9b3fcebc65ac,SZKOŁA PODSTAWOWA NR 44 IM. OBROŃCÓW WYBRZEŻA,gdynia/szkola-podstawowa/szkola-podstawowa-nr-44-im-obroncow-wybrzeza-7580,Gdynia,POMORSKIE,64.16,174,649,True
2025,overall,89,019c23a3-70f8-75de-8860-8173575c4202,SZKOŁA PODSTAWOWA NR 33 IM. OBROŃCÓW KĘPY OKSYWSKIEJ,gdynia/szkola-podstawowa/szkola-podstawowa-nr-33-im-obroncow-kepy-oksywskiej-4369,Gdynia,POMORSKIE,64.11,176,649,True
2025,overall,90,019c23da-16a7-7bae-bd8f-f15b4d7b4094,SZKOŁA PODSTAWOWA NR 58 IM. KAZIMIERZA SOŁTYSIKA W GDAŃSKU,gdansk/szkola-podstawowa/szkola-podstawowa-nr-58-im-kazimierza-soltysika-w-gdansku-16171,Gdańsk,POMORSKIE,63.76,179,649,True
2025,overall,91,019c23da-519a-7c2e-8060-0ebab795da65,SZKOŁA PODSTAWOWA NR 86 IM. PROF. JERZEGO SAMPA W GDAŃSKU,gdansk/szkola-podstawowa/szkola-podstawowa-nr-86-im-prof-jerzego-sampa-w-gdansku-17531,Gdańsk,POMORSKIE,63.5,182,649,True
2025,overall,92,019c23d9-345c-7ea2-b61b-48027c766a69,SZKOŁA PODSTAWOWA NR 35 Z ODDZIAŁAMI SPORTOWYMI IM. JANA PARANDOWSKIEGO W GDAŃSKU,gdansk/szkola-podstawowa/szkola-podstawowa-nr-35-z-oddzialami-sportowymi-im-jana-parandowskiego-w-gdansku-10561,Gdańsk,POMORSKIE,63.44,184,649,True
2025,overall,93,019c23e6-6336-74b1-a323-90ae58f27aae,SZKOŁA PODSTAWOWA NR 53 W GDYNI,gdynia/szkola-podstawowa/szkola-podstawowa-nr-53-w-gdyni-196340,Gdynia,POMORSKIE,63.15,187,649,True
2025,overall,94,019c23dc-b40a-798a-ba95-5692bb2959f6,SZKOŁA PODSTAWOWA NR 43 IM. WICEADMIRAŁA KAZIMIERZA PORĘBSKIEGO,gdynia/szkola-podstawowa/szkola-podstawowa-nr-43-im-wiceadmirala-kazimierza-porebskiego-35190,Gdynia,POMORSKIE,62.96,188,649,True
2025,overall,95,019c23e6-8234-7079-9edf-7a0a14cbe30e,NIEPUBLICZNA SZKOŁA PODSTAWOWA MISTRZOSTWA SPORTOWEGO GDAŃSKIEGO KLUBU SPORTOWEGO GEDANIA 1922,gdansk/szkola-podstawowa/niepubliczna-szkola-podstawowa-mistrzostwa-sportowego-gdanskiego-klubu-sportowego-gedania-1922-262911,Gdańsk,POMORSKIE,62.7,193,649,False
2025,overall,96,019c23dd-35b0-701e-8d37-e6dba044228e,SZKOŁA PODSTAWOWA NR 40 IM. KPT. Ż. W. K. O. BORCHARDTA W GDYNI,gdynia/szkola-podstawowa/szkola-podstawowa-nr-40-im-kpt-z-w-k-o-borchardta-w-gdyni-42897,Gdynia,POMORSKIE,62.59,198,649,True
2025,overall,97,019c23c2-3f92-75cb-905d-13b1f3eabd7d,SZKOŁA PODSTAWOWA NR 13 IM. LUCJANA CYLKOWSKIEGO,gdynia/szkola-podstawowa/szkola-podstawowa-nr-13-im-lucjana-cylkowskiego-5534,Gdynia,POMORSKIE,62.46,200,649,True
2025,overall,98,019c23d9-e794-7627-b7b8-61c1032c9f2c,SZKOŁA PODSTAWOWA NR 52 IM. TADEUSZA KOŚCIUSZKI W GDAŃSKU,gdansk/szkola-podstawowa/szkola-podstawowa-nr-52-im-tadeusza-kosciuszki-w-gdansku-15022,Gdańsk,POMORSKIE,62.43,201,649,True
2025,overall,99,019c23d9-eba5-7de0-b876-e70dfbffee51,SZKOŁA PODSTAWOWA NR 82 IM. PROF. JANA CZOCHRALSKIEGO W GDAŃSKU,gdansk/szkola-podstawowa/szkola-podstawowa-nr-82-im-prof-jana-czochralskiego-w-gdansku-15135,Gdańsk,POMORSKIE,62.42,202,649,True
2025,overall,100,019c23da-6f03-7a2c-aca0-ea29a1b765a7,ZESPÓŁ SZKÓŁ SPORTOWYCH I MISTRZOSTWA SPORTOWEGO IM. JANUSZA KUSOCIŃSKIEGO SPORTOWA SZKOŁA PODSTAWOWA NR 75 Z ODDZIAŁAMI MISTRZOSTWA SPORTOWEGO IM. JANUSZA KUSOCIŃSKIEGO W GDAŃSKU,gdansk/szkola-podstawowa/zespol-szkol-sportowych-i-mistrzostwa-sportowego-im-janusza-kusocinskiego-sportowa-szkola-podstawowa-nr-75-z-oddzialami-mistrzostwa-sportowego-im-janusza-kusocinskiego-w-gdansku-18269,Gdańsk,POMORSKIE,62.07,209,649,True
2025,overall,101,019c23e0-d61a-7512-8943-90c776299544,GDAŃSKA SZKOŁA PODSTAWOWA,gdansk/szkola-podstawowa/gdanska-szkola-podstawowa-81749,Gdańsk,POMORSKIE,61.56,216,649,False
2025,overall,102,019c23a3-6c54-7172-91cf-67b2ea639da9,SZKOŁA PODSTAWOWA NR 29 IM. STEFANA ŻEROMSKIEGO,gdynia/szkola-podstawowa/szkola-podstawowa-nr-29-im-stefana-zeromskiego-4282,Gdynia,POMORSKIE,60.69,228,649,True
2025,overall,103,019c23da-3e61-71e4-b691-c712f00f4e4e,SZKOŁA PODSTAWOWA NR 38 IM. GEN. STANISŁAWA MACZKA W GDAŃSKU,gdansk/szkola-podstawowa/szkola-podstawowa-nr-38-im-gen-stanislawa-maczka-w-gdansku-17066,Gdańsk,POMORSKIE,60.59,229,649,True
2025,overall,104,019c23d9-40b0-79b5-9655-7cab9095c18f,SZKOŁA PODSTAWOWA NR 20 W GDAŃSKU IM. KMDR PPOR. JANA GRUDZIŃSKIEGO,gdansk/szkola-podstawowa/szkola-podstawowa-nr-20-w-gdansku-im-kmdr-ppor-jana-grudzinskiego-10842,Gdańsk,POMORSKIE,60.38,237,649,True
2025,overall,105,019c23da-4cf4-7a92-9517-c95e57d65bf2,ZESPÓŁ SZKÓŁ OGÓLNOKSZTAŁCĄCYCH NR 10 IM. EUGENIUSZA KWIATKOWSKIEGO W GDAŃSKU - SZKOŁA PODSTAWOWA NR 18,gdansk/szkola-podstawowa/zespol-szkol-ogolnoksztalcacych-nr-10-im-eugeniusza-kwiatkowskiego-w-gdansku-szkola-podstawowa-nr-18-17430,Gdańsk,POMORSKIE,60.32,240,649,True
2025,overall,106,019c23e6-684c-7a8a-9df3-39367fc0f6da,SZKOŁA PODSTAWOWA NR 67 IM. KAPITANA ŻEGLUGI WIELKIEJ TADEUSZA ZIÓŁKOWSKIEGO,gdansk/szkola-podstawowa/szkola-podstawowa-nr-67-im-kapitana-zeglugi-wielkiej-tadeusza-ziolkowskiego-262208,Gdańsk,POMORSKIE,60.21,242,649,True
2025,overall,107,019c23d9-22dc-76f3-9e2a-664f7586c774,SZKOŁA PODSTAWOWA NR 45 IM. BOHATERÓW WESTERPLATTE W GDAŃSKU,gdansk/szkola-podstawowa/szkola-podstawowa-nr-45-im-bohaterow-westerplatte-w-gdansku-10166,Gdańsk,POMORSKIE,60.17,244,649,True
2025,overall,108,019c23d9-3446-7a8e-ab24-a3631d3f5f55,SZKOŁA PODSTAWOWA NR 17 IM. HETMANA STEFANA CZARNIECKIEGO W GDAŃSKU,gdansk/szkola-podstawowa/szkola-podstawowa-nr-17-im-hetmana-stefana-czarnieckiego-w-gdansku-10509,Gdańsk,POMORSKIE,59.67,258,649,True
2025,overall,109,019c23d9-f91c-7724-b746-258e3d238951,SZKOŁA PODSTAWOWA NR 57 IM. GEN. WŁADYSŁAWA ANDERSA W GDAŃSKU,gdansk/szkola-podstawowa/szkola-podstawowa-nr-57-im-gen-wladyslawa-andersa-w-gdansku-15431,Gdańsk,POMORSKIE,59.44,264,649,True
2025,overall,110,019c23e6-3628-785b-a4dc-cc72df55f50b,ZESPÓŁ SZKÓŁ OGÓLNOKSZTAŁCĄCYCH NR 6 SZKOŁA PODSTAWOWA MISTRZOSTWA SPORTOWEGO NR 94 IM. HANZY W GDAŃSKU,gdansk/szkola-podstawowa/zespol-szkol-ogolnoksztalcacych-nr-6-szkola-podstawowa-mistrzostwa-sportowego-nr-94-im-hanzy-w-gdansku-133139,Gdańsk,POMORSKIE,59.34,266,649,True
2025,overall,111,019c23d8-b206-7f8a-bf08-fb2a039dbb74,SZKOŁA PODSTAWOWA NR 31 IM. SYNÓW PUŁKU,gdynia/szkola-podstawowa/szkola-podstawowa-nr-31-im-synow-pulku-7112,Gdynia,POMORSKIE,58.97,272,649,True
2025,overall,112,019c23d9-1ebc-7f7f-8e28-6fd73a5690e0,SZKOŁA PODSTAWOWA NR 21 IM. KPT. Ż. W. OLGIERDA BORCHARDTA W GDAŃSKU,gdansk/szkola-podstawowa/szkola-podstawowa-nr-21-im-kpt-z-w-olgierda-borchardta-w-gdansku-10067,Gdańsk,POMORSKIE,58.33,288,649,True
2025,overall,113,019c23da-0a47-79b7-8d48-cb89702169f5,SZKOŁA PODSTAWOWA NR 59 IM. I DYWIZJI PANCERNEJ GEN. STANISŁAWA MACZKA W GDAŃSKU,gdansk/szkola-podstawowa/szkola-podstawowa-nr-59-im-i-dywizji-pancernej-gen-stanislawa-maczka-w-gdansku-15831,Gdańsk,POMORSKIE,57.64,310,649,True
2025,overall,114,019c23a3-6c25-78e2-83db-aa6e190a852b,SZKOŁA PODSTAWOWA NR 39 IM. KPT Ż. W. KAZIMIERZA JURKIEWICZA,gdynia/szkola-podstawowa/szkola-podstawowa-nr-39-im-kpt-z-w-kazimierza-jurkiewicza-4221,Gdynia,POMORSKIE,57.31,312,649,True
2025,overall,115,019c23d9-f4a4-71d1-8578-220dc18ef7eb,SZKOŁA PODSTAWOWA NR 60 W GDAŃSKU,gdansk/szkola-podstawowa/szkola-podstawowa-nr-60-w-gdansku-15253,Gdańsk,POMORSKIE,57.28,314,649,True
2025,overall,116,019c23d9-eba1-7f39-bab8-3a23a758f192,ZESPÓŁ SZKOLNO-PRZEDSZKOLNY NR 7 SZKOŁA PODSTAWOWA NR 55 IM. JANA HEWELIUSZA W GDAŃSKU,gdansk/szkola-podstawowa/zespol-szkolno-przedszkolny-nr-7-szkola-podstawowa-nr-55-im-jana-heweliusza-w-gdansku-15122,Gdańsk,POMORSKIE,54.56,382,649,True
2025,overall,117,019c23d9-12c5-7174-806b-5519c4e30380,SZKOŁA PODSTAWOWA NR 56 IM. ANDRZEJA STRUGA W GDAŃSKU,gdansk/szkola-podstawowa/szkola-podstawowa-nr-56-im-andrzeja-struga-w-gdansku-9704,Gdańsk,POMORSKIE,54.24,389,649,True
2025,overall,118,019c23da-9c15-72ac-ab7f-c6b1a8a99cd9,SZKOŁA PODSTAWOWA NR 83 IM. ŻOŁNIERZY Z WESTERPLATTE W GDAŃSKU,gdansk/szkola-podstawowa/szkola-podstawowa-nr-83-im-zolnierzy-z-westerplatte-w-gdansku-19432,Gdańsk,POMORSKIE,53.76,407,649,True
2025,overall,119,019c23da-2000-7339-9fe0-e64502f79156,SZKOŁA PODSTAWOWA NR 88 IM. DANIELA GABRIELA FAHRENHEITA W GDAŃSKU,gdansk/szkola-podstawowa/szkola-podstawowa-nr-88-im-daniela-gabriela-fahrenheita-w-gdansku-16374,Gdańsk,POMORSKIE,53.61,408,649,True
2025,overall,120,019c23da-47f8-70d9-9ef8-b86e471b170f,ZESPÓŁ SZKOLNO-PRZEDSZKOLNY NR 4 SZKOŁA PODSTAWOWA NR 11 IM. NA BURSZTYNOWYM SZLAKU W GDAŃSKU,gdansk/szkola-podstawowa/zespol-szkolno-przedszkolny-nr-4-szkola-podstawowa-nr-11-im-na-bursztynowym-szlaku-w-gdansku-17319,Gdańsk,POMORSKIE,53.36,414,649,True
2025,overall,121,019c23d8-a94f-7be1-9898-adc01a806e7d,SZKOŁA PODSTAWOWA NR 11 IM. BOHATERÓW ZAŁOGI ORP GROM,gdynia/szkola-podstawowa/szkola-podstawowa-nr-11-im-bohaterow-zalogi-orp-grom-6970,Gdynia,POMORSKIE,53.26,420,649,True
2025,overall,122,019c23a3-6c55-7725-83c1-8f8655b3fd79,SZKOŁA PODSTAWOWA NR 35 IM. KPT. STANISŁAWA KOSKO,gdynia/szkola-podstawowa/szkola-podstawowa-nr-35-im-kpt-stanislawa-kosko-4284,Gdynia,POMORSKIE,52.91,427,649,True
2025,overall,123,019c23d8-fd9d-744e-9f82-5950635e30d5,SZKOŁA PODSTAWOWA NR 40 IM. KPT. LEONIDA TELIGI W GDAŃSKU,gdansk/szkola-podstawowa/szkola-podstawowa-nr-40-im-kpt-leonida-teligi-w-gdansku-9081,Gdańsk,POMORSKIE,52.79,429,649,True
2025,overall,124,019c23e6-6336-74b1-a323-90ae57d82d2b,SZKOŁA PODSTAWOWA NR 52 W GDYNI,gdynia/szkola-podstawowa/szkola-podstawowa-nr-52-w-gdyni-196336,Gdynia,POMORSKIE,52.68,436,649,True
2025,overall,125,019c23da-2801-7317-a118-0261767bd083,ZESPÓŁ SZKOLNO-PRZEDSZKOLNY NR 11- SZKOŁA PODSTAWOWA NR 61 IM. JÓZEFA WYBICKIEGO W GDAŃSKU,gdansk/szkola-podstawowa/zespol-szkolno-przedszkolny-nr-11-szkola-podstawowa-nr-61-im-jozefa-wybickiego-w-gdansku-16564,Gdańsk,POMORSKIE,51.78,459,649,True
2025,overall,126,019c23da-431f-7c71-94e8-8342096d9b44,SZKOŁA PODSTAWOWA NR 4 IM. KRÓLA KAZIMIERZA JAGIELLOŃCZYKA W GDAŃSKU,gdansk/szkola-podstawowa/szkola-podstawowa-nr-4-im-krola-kazimierza-jagiellonczyka-w-gdansku-17192,Gdańsk,POMORSKIE,50.93,478,649,True
2025,overall,127,019c23e7-52ca-784c-811e-bda62a5e0807,NIEPUBLICZNA SZKOŁA PODSTAWOWA ŻYRAFIA OSADA,gdansk/szkola-podstawowa/niepubliczna-szkola-podstawowa-zyrafia-osada-272459,Gdańsk,POMORSKIE,50.78,484,649,False
2025,overall,128,019c23da-282c-7c40-8042-3e6d22bcad3e,SZKOŁA PODSTAWOWA NR 62 W GDAŃSKU,gdansk/szkola-podstawowa/szkola-podstawowa-nr-62-w-gdansku-16641,Gdańsk,POMORSKIE,50.48,491,649,True
2025,overall,129,019c23da-ae03-724a-85aa-1dc846c7c42b,SZKOŁA PODSTAWOWA NR 65 IM. ALFA LICZMAŃSKIEGO W GDAŃSKU,gdansk/szkola-podstawowa/szkola-podstawowa-nr-65-im-alfa-liczmanskiego-w-gdansku-19820,Gdańsk,POMORSKIE,50.12,497,649,True
2025,overall,130,019c23d9-2b49-7cd5-adb2-cca317fb715b,SZKOŁA PODSTAWOWA NR 16 IM. WŁADYSŁAWA BRONIEWSKIEGO W GDAŃSKU,gdansk/szkola-podstawowa/szkola-podstawowa-nr-16-im-wladyslawa-broniewskiego-w-gdansku-10294,Gdańsk,POMORSKIE,49.2,517,649,True
2025,overall,131,019c23a3-70b9-7839-89f4-5c8c3b97c69d,SZKOŁA PODSTAWOWA NR 10 IM. EUGENIUSZA KWIATKOWSKIEGO,gdynia/szkola-podstawowa/szkola-podstawowa-nr-10-im-eugeniusza-kwiatkowskiego-4300,Gdynia,POMORSKIE,48,537,649,True
2025,overall,132,019c23d9-4d0e-782d-8261-01f1fb99f1ce,SZKOŁA PODSTAWOWA NR 49 IM. KS. BRONISŁAWA KOMOROWSKIEGO W GDAŃSKU,gdansk/szkola-podstawowa/szkola-podstawowa-nr-49-im-ks-bronislawa-komorowskiego-w-gdansku-11179,Gdańsk,POMORSKIE,43.54,590,649,True
2025,overall,133,019c23dc-d556-7fff-be9c-9054842b9126,SZKOŁA PODSTAWOWA SPECJALNA NR 28,gdansk/szkola-podstawowa/szkola-podstawowa-specjalna-nr-28-39066,Gdańsk,POMORSKIE,20.28,645,649,True
2026,overall,1,019c23e1-7546-7a86-9791-e2c8d2fa541c,III SPOŁECZNA SZKOŁA PODSTAWOWA SPOŁECZNEGO TOWARZYSTWA OŚWIATOWEGO,gdansk/szkola-podstawowa/iii-spoleczna-szkola-podstawowa-spolecznego-towarzystwa-oswiatowego-86458,Gdańsk,POMORSKIE,94.48,1,667,False
2026,overall,2,019c23dc-0ac6-7b9c-beca-c8c521f0c7d0,NIEPUBLICZNA POLSKO-BRYTYJSKA SZKOŁA PODSTAWOWA NR 1,gdansk/szkola-podstawowa/niepubliczna-polsko-brytyjska-szkola-podstawowa-nr-1-28757,Gdańsk,POMORSKIE,93.55,2,667,False
2026,overall,3,019c23c2-5015-788a-b0d6-d50600a116f4,PIERWSZA SZKOŁA SPOŁECZNA PODSTAWOWA IM.DZIECI ZJEDNOCZONEJ EUROPY,gdynia/szkola-podstawowa/pierwsza-szkola-spoleczna-podstawowa-im-dzieci-zjednoczonej-europy-5959,Gdynia,POMORSKIE,91.54,3,667,False
2026,overall,4,019c23e2-10a9-7973-9adf-79949fc7bf33,AMERYKAŃSKA SZKOŁA PODSTAWOWA Z WYKŁADOWYM JĘZYKIEM ANGIELSKIM,gdynia/szkola-podstawowa/amerykanska-szkola-podstawowa-z-wykladowym-jezykiem-angielskim-90298,Gdynia,POMORSKIE,91.5,4,667,False
2026,overall,5,019c23dd-3a9e-7e6f-80ef-4d360046bc2a,"PODSTAWOWA SZKOŁA SPOŁECZNA ""NIEDŹWIEDNIK""",gdansk/szkola-podstawowa/podstawowa-szkola-spoleczna-niedzwiednik-43412,Gdańsk,POMORSKIE,89.02,7,667,False
2026,overall,6,019c23df-42af-7f75-a61d-e7cab4b0088e,"NIEPUBLICZNA SZKOŁA PODSTAWOWA ""SOKRATES""",gdansk/szkola-podstawowa/niepubliczna-szkola-podstawowa-sokrates-66309,Gdańsk,POMORSKIE,88.86,8,667,False
2026,overall,7,019c23e4-0df5-72c8-8d0a-f60a60b1d6aa,FREGATA SZKOŁA PODSTAWOWA DLA DZIEWCZĄT,gdansk/szkola-podstawowa/fregata-szkola-podstawowa-dla-dziewczat-119762,Gdańsk,POMORSKIE,88.39,9,667,False
2026,overall,8,019c23e1-6b8c-747d-b86a-71d4163a5729,II SPOŁECZNA SZKOŁA PODSTAWOWA SPOŁECZNEGO TOWARZYSTWA OŚWIATOWEGO,gdansk/szkola-podstawowa/ii-spoleczna-szkola-podstawowa-spolecznego-towarzystwa-oswiatowego-86125,Gdańsk,POMORSKIE,87.84,10,667,False
2026,overall,9,019c23e1-616e-74f1-adca-e1dedbc7bfcc,GDAŃSKIE SZKOŁY AUTONOMICZNE GDAŃSKA AUTONOMICZNA SZKOŁA PODSTAWOWA,gdansk/szkola-podstawowa/gdanskie-szkoly-autonomiczne-gdanska-autonomiczna-szkola-podstawowa-85999,Gdańsk,POMORSKIE,87.8,11,667,False
2026,overall,10,019c23e6-8232-73bf-b6e1-7a35421bad2a,GDAŃSKA SZKOŁA PODSTAWOWA LINGWISTA IM. HYMNU NARODOWEGO,gdansk/szkola-podstawowa/gdanska-szkola-podstawowa-lingwista-im-hymnu-narodowego-262904,Gdańsk,POMORSKIE,86.72,14,667,False
2026,overall,11,019c23e5-2a6a-73ce-975e-592aeded4b87,SZKOŁA PODSTAWOWA AKADEMII DOBREJ EDUKACJI IM. MACIEJA PŁAŻYŃSKIEGO,gdansk/szkola-podstawowa/szkola-podstawowa-akademii-dobrej-edukacji-im-macieja-plazynskiego-126944,Gdańsk,POMORSKIE,86.59,15,667,False
2026,overall,12,019c23dc-4f7e-7b00-893f-76a6c05182cb,"""FREGATA"" SZKOŁA PODSTAWOWA DLA CHŁOPCÓW",gdansk/szkola-podstawowa/fregata-szkola-podstawowa-dla-chlopcow-30613,Gdańsk,POMORSKIE,86.44,16,667,False
2026,overall,13,019c23e6-0057-7286-81e5-64c55679732b,SZKOŁA PODSTAWOWA BE MONTESSORI SCHOOL GDAŃSK,gdansk/szkola-podstawowa/szkola-podstawowa-be-montessori-school-gdansk-131758,Gdańsk,POMORSKIE,86.3,17,667,False
2026,overall,14,019c23e1-702a-7a7b-ac88-3904f32de525,KATOLICKA SZKOŁA PODSTAWOWA IM. ŚW. KAZIMIERZA W GDAŃSKU,gdansk/szkola-podstawowa/katolicka-szkola-podstawowa-im-sw-kazimierza-w-gdansku-86270,Gdańsk,POMORSKIE,84.9,18,667,False
2026,overall,15,019c23e1-7027-749c-bb81-1e9b35e222db,SZKOŁA PODSTAWOWA IM. ŚW. JANA DE LA SALLE,gdansk/szkola-podstawowa/szkola-podstawowa-im-sw-jana-de-la-salle-86264,Gdańsk,POMORSKIE,84.87,19,667,False
2026,overall,16,019c23df-0382-744f-9214-164cfe6ca861,KATOLICKA SZKOŁA PODSTAWOWA IM ŚW. RODZINY W GDYNI,gdynia/szkola-podstawowa/katolicka-szkola-podstawowa-im-sw-rodziny-w-gdyni-62306,Gdynia,POMORSKIE,84.81,21,667,True
2026,overall,17,019c23e6-8743-7bcc-93e1-e404525427ad,KATOLICKA SZKOŁA PODSTAWOWA IM. ŚW. JANA PAWŁA II W GDYNI,gdynia/szkola-podstawowa/katolicka-szkola-podstawowa-im-sw-jana-pawla-ii-w-gdyni-263021,Gdynia,POMORSKIE,84.78,22,667,True
2026,overall,18,019c23e4-e46e-77cd-9898-1265e6b8e72a,"SZKOŁA PODSTAWOWA TOWARZYSTWA EDUKACYJNEGO ""VIZJA""",gdansk/szkola-podstawowa/szkola-podstawowa-towarzystwa-edukacyjnego-vizja-125174,Gdańsk,POMORSKIE,84.61,23,667,False
2026,overall,19,019c23a3-638e-77f5-a650-11ec5780f3a1,SZKOŁA PODSTAWOWA NR 20 IM. 2 MORSKIEGO PUŁKU STRZELCÓW,gdynia/szkola-podstawowa/szkola-podstawowa-nr-20-im-2-morskiego-pulku-strzelcow-4053,Gdynia,POMORSKIE,83.31,25,667,True
2026,overall,20,019c23e0-a250-77d3-9f40-51c0eb31bc45,NOWY ŚWIAT NIEPUBLICZNA SZKOŁA PODSTAWOWA,gdansk/szkola-podstawowa/nowy-swiat-niepubliczna-szkola-podstawowa-80448,Gdańsk,POMORSKIE,82.87,26,667,False
2026,overall,21,019c23d8-c6c3-7bb7-8e43-445c8d4a0b6a,SZKOŁA PODSTAWOWA NR 27 IM. DZIECI ZJEDNOCZONEJ EUROPY W GDAŃSKU,gdansk/szkola-podstawowa/szkola-podstawowa-nr-27-im-dzieci-zjednoczonej-europy-w-gdansku-7678,Gdańsk,POMORSKIE,82.22,28,667,True
2026,overall,22,019c23e2-287c-7ccd-8fc1-96afe989471e,GDYŃSKA SZKOŁA SPOŁECZNA,gdynia/szkola-podstawowa/gdynska-szkola-spoleczna-90963,Gdynia,POMORSKIE,81.92,32,667,False
2026,overall,23,019c23e6-684d-706a-997d-2aa66781268f,ZESPÓŁ SZKÓŁ OGÓLNOKSZTAŁCĄCYCH NR 2 SZKOŁA PODSTAWOWA NR 33 IM. STEFANA BANACHA W GDAŃSKU,gdansk/szkola-podstawowa/zespol-szkol-ogolnoksztalcacych-nr-2-szkola-podstawowa-nr-33-im-stefana-banacha-w-gdansku-262215,Gdańsk,POMORSKIE,80.64,37,667,True
2026,overall,24,019c23e1-6bad-7a57-91d1-e87f5608fb63,I SPOŁECZNA SZKOŁA PODSTAWOWA SPOŁECZNEGO TOWARZYSTWA OŚWIATOWEGO,gdansk/szkola-podstawowa/i-spoleczna-szkola-podstawowa-spolecznego-towarzystwa-oswiatowego-86148,Gdańsk,POMORSKIE,80.47,38,667,False
2026,overall,25,019c23d9-1e9b-77ef-b38a-df73b6885e86,GDAŃSKA SZKOŁA SZERMIERKI - SZKOŁA PODSTAWOWA NR 70 Z ODDZIAŁAMI SPORTOWYMI W GDAŃSKU,gdansk/szkola-podstawowa/gdanska-szkola-szermierki-szkola-podstawowa-nr-70-z-oddzialami-sportowymi-w-gdansku-9987,Gdańsk,POMORSKIE,80.2,39,667,True
2026,overall,26,019c23a3-7a25-7a48-9035-f6ee0586e79e,SZKOŁA PODSTAWOWA NR 18 IM. KORNELA MAKUSZYŃSKIEGO,gdynia/szkola-podstawowa/szkola-podstawowa-nr-18-im-kornela-makuszynskiego-4563,Gdynia,POMORSKIE,80.17,40,667,True
2026,overall,27,019c23a3-75b0-7d7e-86dd-3343db3b43a5,SZKOŁA PODSTAWOWA NR 34 Z ODDZIAŁAMI INTEGRACYJNYMI IM. LEONIDA TELIGI,gdynia/szkola-podstawowa/szkola-podstawowa-nr-34-z-oddzialami-integracyjnymi-im-leonida-teligi-4419,Gdynia,POMORSKIE,79.59,42,667,True
2026,overall,28,019c23e6-44e2-71ff-9942-036eed85be55,SZKOŁA PODSTAWOWA JEZUITÓW Z ODDZIAŁAMI DWUJĘZYCZNYMI IM. ŚW. STANISŁAWA KOSTKI W GDYNI,gdynia/szkola-podstawowa/szkola-podstawowa-jezuitow-z-oddzialami-dwujezycznymi-im-sw-stanislawa-kostki-w-gdyni-133486,Gdynia,POMORSKIE,79.46,44,667,False
2026,overall,29,019c23e0-8b74-72e7-8e09-ed9226ceb02a,"NIEPUBLICZNA SZKOŁA PODSTAWOWA ""NASZA SZKOŁA""",gdansk/szkola-podstawowa/niepubliczna-szkola-podstawowa-nasza-szkola-79859,Gdańsk,POMORSKIE,79.45,45,667,False
2026,overall,30,019c23df-42b0-741e-a372-78fd58048094,"GDAŃSKA SZKOŁA PODSTAWOWA ""LINGWISTA"" IM. ZJEDNOCZONEJ EUROPY",gdansk/szkola-podstawowa/gdanska-szkola-podstawowa-lingwista-im-zjednoczonej-europy-66313,Gdańsk,POMORSKIE,79.3,46,667,False
2026,overall,31,019c23e6-96ba-7889-a06a-b4d79d97175a,CHRZEŚCIJAŃSKA SZKOŁA MONTESSORI NR 2,gdansk/szkola-podstawowa/chrzescijanska-szkola-montessori-nr-2-263516,Gdańsk,POMORSKIE,78.81,48,667,False
2026,overall,32,019c23dc-d559-74be-95fd-718e8de6e0c7,SZKOŁA PODSTAWOWA NR 48 IM. GEN. JÓZEFA HALLERA W GDAŃSKU,gdansk/szkola-podstawowa/szkola-podstawowa-nr-48-im-gen-jozefa-hallera-w-gdansku-39070,Gdańsk,POMORSKIE,78.23,52,667,True
2026,overall,33,019c23df-d124-73b5-88a5-48d994aa5d99,BRITISH INTERNATIONAL SCHOOL GDAŃSK - SZKOLA PODSTAWOWA,gdansk/szkola-podstawowa/british-international-school-gdansk-szkola-podstawowa-71958,Gdańsk,POMORSKIE,77.92,53,667,False
2026,overall,34,019c23dd-003a-7b91-bef7-d4aa330ccd8f,PODSTAWOWA SZKOŁA GEDANENSIS,gdansk/szkola-podstawowa/podstawowa-szkola-gedanensis-41069,Gdańsk,POMORSKIE,77.12,55,667,False
2026,overall,35,019c23d8-e47c-7508-876a-98d51336b614,SZKOŁA PODSTAWOWA NR 8 IM. OBROŃCÓW HELU,gdynia/szkola-podstawowa/szkola-podstawowa-nr-8-im-obroncow-helu-8469,Gdynia,POMORSKIE,76.96,57,667,True
2026,overall,36,019c23d8-c6bd-799e-9b80-d85cac1026bb,SZKOŁA PODSTAWOWA NR 46,gdynia/szkola-podstawowa/szkola-podstawowa-nr-46-7669,Gdynia,POMORSKIE,76.55,58,667,True
2026,overall,37,019c23d9-2ff9-7558-b408-a671ea287fd4,SZKOŁA PODSTAWOWA NR 77 W GDAŃSKU,gdansk/szkola-podstawowa/szkola-podstawowa-nr-77-w-gdansku-10388,Gdańsk,POMORSKIE,76.52,59,667,True
2026,overall,38,019c23e8-3026-748c-b0d9-c17836f616c0,NIEPUBLICZNA SZKOŁA PODSTAWOWA MENTAL ARTS,gdansk/szkola-podstawowa/niepubliczna-szkola-podstawowa-mental-arts-478563,Gdańsk,POMORSKIE,76.5,60,667,False
2026,overall,39,019c23d9-389c-7d45-a285-0c4572f7f969,SZKOŁA PODSTAWOWA NR 24 IM. GUSTAWA MORCINKA W GDAŃSKU,gdansk/szkola-podstawowa/szkola-podstawowa-nr-24-im-gustawa-morcinka-w-gdansku-10634,Gdańsk,POMORSKIE,76.48,62,667,True
2026,overall,40,019c23a3-75e9-7347-bd1d-1b2cbe30a2e8,SZKOŁA PODSTAWOWA NR 37 IM. OBROŃCÓW KĘPY OKSYWSKIEJ,gdynia/szkola-podstawowa/szkola-podstawowa-nr-37-im-obroncow-kepy-oksywskiej-4482,Gdynia,POMORSKIE,76.31,63,667,True
2026,overall,41,019c23d9-eba1-7f39-bab8-3a23a9c4095f,SZKOŁA PODSTAWOWA NR 1 IM. MARIUSZA ZARUSKIEGO W GDAŃSKU,gdansk/szkola-podstawowa/szkola-podstawowa-nr-1-im-mariusza-zaruskiego-w-gdansku-15124,Gdańsk,POMORSKIE,76.13,64,667,True
2026,overall,42,019c23e6-051e-7701-88cc-d1057025f38f,MORSKA SZKOŁA PODSTAWOWA IM. ALEKSANDRA DOBY W GDAŃSKU,gdansk/szkola-podstawowa/morska-szkola-podstawowa-im-aleksandra-doby-w-gdansku-131786,Gdańsk,POMORSKIE,75.92,66,667,True
2026,overall,43,019c23e6-684d-706a-997d-2aa666099a4c,ZESPÓŁ SZKÓŁ OGÓLNOKSZTAŁCĄCYCH NR 7 SZKOŁA PODSTAWOWA NR 3 IM. JANA PAWŁA II W GDAŃSKU,gdansk/szkola-podstawowa/zespol-szkol-ogolnoksztalcacych-nr-7-szkola-podstawowa-nr-3-im-jana-pawla-ii-w-gdansku-262214,Gdańsk,POMORSKIE,75.59,67,667,True
2026,overall,44,019c23d9-0ead-7630-9204-e6b92d9fecdb,SZKOŁA PODSTAWOWA NR 15 IM. DR URSZULI MROCZKIEWICZ W GDAŃSKU,gdansk/szkola-podstawowa/szkola-podstawowa-nr-15-im-dr-urszuli-mroczkiewicz-w-gdansku-9540,Gdańsk,POMORSKIE,75.58,68,667,True
2026,overall,45,019c23e4-b360-786c-ac20-381ed98490bd,POZYTYWNA SZKOŁA PODSTAWOWA IM. ARKADIUSZA ARAMA RYBICKIEGO W GDAŃSKU,gdansk/szkola-podstawowa/pozytywna-szkola-podstawowa-im-arkadiusza-arama-rybickiego-w-gdansku-124084,Gdańsk,POMORSKIE,75.47,69,667,True
2026,overall,46,019c23da-c063-757a-ada4-fa8901bb4825,SZKOŁA PODSTAWOWA NR 85 IM. ZRZESZENIA KASZUBSKO-POMORSKIEGO W GDAŃSKU,gdansk/szkola-podstawowa/szkola-podstawowa-nr-85-im-zrzeszenia-kaszubsko-pomorskiego-w-gdansku-20267,Gdańsk,POMORSKIE,74.87,73,667,True
2026,overall,47,019c23a3-70c6-7bb5-a755-019f996cf421,SZKOŁA PODSTAWOWA NR 17 IM. WICEADM. JÓZEFA UNRUGA,gdynia/szkola-podstawowa/szkola-podstawowa-nr-17-im-wiceadm-jozefa-unruga-4307,Gdynia,POMORSKIE,74.62,74,667,True
2026,overall,48,019c23d9-3461-76c2-9659-24047f985f67,SZKOŁA PODSTAWOWA NR 89 IM. TADEUSZA MAZOWIECKIEGO W GDAŃSKU,gdansk/szkola-podstawowa/szkola-podstawowa-nr-89-im-tadeusza-mazowieckiego-w-gdansku-10576,Gdańsk,POMORSKIE,74.45,76,667,True
2026,overall,49,019c23e6-6336-74b1-a323-90ae58f27aae,SZKOŁA PODSTAWOWA NR 53 W GDYNI,gdynia/szkola-podstawowa/szkola-podstawowa-nr-53-w-gdyni-196340,Gdynia,POMORSKIE,74.41,78,667,True
2026,overall,50,019c23d9-4902-7358-8dc6-56f76bc75175,SZKOŁA PODSTAWOWA NR 46 W GDAŃSKU,gdansk/szkola-podstawowa/szkola-podstawowa-nr-46-w-gdansku-11134,Gdańsk,POMORSKIE,73.96,80,667,True
2026,overall,51,019c23d9-2b63-75d2-adec-34a0b4117138,SZKOŁA PODSTAWOWA NR 47 IM. KASZUBSKIEJ BRYGADY WOP W GDAŃSKU,gdansk/szkola-podstawowa/szkola-podstawowa-nr-47-im-kaszubskiej-brygady-wop-w-gdansku-10347,Gdańsk,POMORSKIE,73.94,82,667,True
2026,overall,52,019c23d8-c2ba-7bcd-8948-9b3fcebc65ac,SZKOŁA PODSTAWOWA NR 44 IM. OBROŃCÓW WYBRZEŻA,gdynia/szkola-podstawowa/szkola-podstawowa-nr-44-im-obroncow-wybrzeza-7580,Gdynia,POMORSKIE,73.88,83,667,True
2026,overall,53,019c23d8-a4ff-73a3-b479-b9299e17310f,SZKOŁA PODSTAWOWA NR 42 IM. KRÓLOWEJ JADWIGI,gdynia/szkola-podstawowa/szkola-podstawowa-nr-42-im-krolowej-jadwigi-6783,Gdynia,POMORSKIE,73.86,84,667,True
2026,overall,54,019c23d9-0619-720a-93a6-8edb2759c6b2,SZKOŁA PODSTAWOWA NR 14 IM. KS. GRZEGORZA PIRAMOWICZA W GDAŃSKU,gdansk/szkola-podstawowa/szkola-podstawowa-nr-14-im-ks-grzegorza-piramowicza-w-gdansku-9378,Gdańsk,POMORSKIE,73.79,85,667,True
2026,overall,55,019c23da-1b7c-792c-a0a7-e530093145c9,SZKOŁA PODSTAWOWA NR 19 IM. ZASŁUŻONYCH LUDZI MORZA W GDAŃSKU,gdansk/szkola-podstawowa/szkola-podstawowa-nr-19-im-zasluzonych-ludzi-morza-w-gdansku-16227,Gdańsk,POMORSKIE,73.77,86,667,True
2026,overall,56,019c23d8-ecbd-7091-915f-8b6001e8b49b,ZESPÓŁ SZKOLNO-PRZEDSZKOLNY NR 10 - SZKOŁA PODSTAWOWA NR 80 IM. BUDOWNICZYCH PORTU PÓŁNOCNEGO W GDAŃSKU,gdansk/szkola-podstawowa/zespol-szkolno-przedszkolny-nr-10-szkola-podstawowa-nr-80-im-budowniczych-portu-polnocnego-w-gdansku-8641,Gdańsk,POMORSKIE,73.76,87,667,True
2026,overall,57,019c23da-3e61-71e4-b691-c712f00f4e4e,SZKOŁA PODSTAWOWA NR 38 IM. GEN. STANISŁAWA MACZKA W GDAŃSKU,gdansk/szkola-podstawowa/szkola-podstawowa-nr-38-im-gen-stanislawa-maczka-w-gdansku-17066,Gdańsk,POMORSKIE,73.65,90,667,True
2026,overall,58,019c23c2-5021-765c-a5a1-10c9aa4aff6d,SZKOŁA PODSTAWOWA NR 29 IM. JERZEGO PUCKA W GDAŃSKU,gdansk/szkola-podstawowa/szkola-podstawowa-nr-29-im-jerzego-pucka-w-gdansku-5981,Gdańsk,POMORSKIE,73.59,91,667,True
2026,overall,59,019c23d9-5991-7ce9-bb1e-4e647aaddc8a,SZKOŁA PODSTAWOWA NR 48 IM. PROFESORA KAZIMIERZA DEMELA,gdynia/szkola-podstawowa/szkola-podstawowa-nr-48-im-profesora-kazimierza-demela-11470,Gdynia,POMORSKIE,73.5,92,667,True
2026,overall,60,019c23da-4809-7922-8ead-161d0e3c157b,ZESPÓŁ SZKOLNO-PRZEDSZKOLNY NR 5 SZKOŁA PODSTAWOWA NR 92 IM. KARD. STEFANA WYSZYŃSKIEGO PRYMASA TYSIĄCLECIA W GDAŃSKU,gdansk/szkola-podstawowa/zespol-szkolno-przedszkolny-nr-5-szkola-podstawowa-nr-92-im-kard-stefana-wyszynskiego-prymasa-tysiaclecia-w-gdansku-17348,Gdańsk,POMORSKIE,73.36,94,667,True
2026,overall,61,019c23da-df6d-70fb-a550-320356e362db,SZKOŁA PODSTAWOWA NR 81 W GDAŃSKU IM. PROF. MICHAŁA SIEDLECKIEGO,gdansk/szkola-podstawowa/szkola-podstawowa-nr-81-w-gdansku-im-prof-michala-siedleckiego-21025,Gdańsk,POMORSKIE,73.21,95,667,True
2026,overall,62,019c23d9-22dc-76f3-9e2a-664f7586c774,SZKOŁA PODSTAWOWA NR 45 IM. BOHATERÓW WESTERPLATTE W GDAŃSKU,gdansk/szkola-podstawowa/szkola-podstawowa-nr-45-im-bohaterow-westerplatte-w-gdansku-10166,Gdańsk,POMORSKIE,72.94,98,667,True
2026,overall,63,019c23d8-a52a-7a3a-8268-ef536be69d0e,SZKOŁA PODSTAWOWA NR 12,gdynia/szkola-podstawowa/szkola-podstawowa-nr-12-6850,Gdynia,POMORSKIE,72.53,102,667,True
2026,overall,64,019c23a3-70e8-7c0e-af43-3222d4fabbed,SZKOŁA PODSTAWOWA NR 21 IM. LUDZI MORZA I MARZEŃ W GDYNI,gdynia/szkola-podstawowa/szkola-podstawowa-nr-21-im-ludzi-morza-i-marzen-w-gdyni-4342,Gdynia,POMORSKIE,72.48,103,667,True
2026,overall,65,019c23d9-553e-73e4-9ace-31fd26aede63,SZKOŁA PODSTAWOWA NR 2 Z ODDZIAŁAMI SPORTOWYMI IM. ARMII KRAJOWEJ W GDAŃSKU,gdansk/szkola-podstawowa/szkola-podstawowa-nr-2-z-oddzialami-sportowymi-im-armii-krajowej-w-gdansku-11368,Gdańsk,POMORSKIE,72.21,104,667,True
2026,overall,66,019c23d9-40b0-79b5-9655-7cab9095c18f,SZKOŁA PODSTAWOWA NR 20 W GDAŃSKU IM. KMDR PPOR. JANA GRUDZIŃSKIEGO,gdansk/szkola-podstawowa/szkola-podstawowa-nr-20-w-gdansku-im-kmdr-ppor-jana-grudzinskiego-10842,Gdańsk,POMORSKIE,71.95,108,667,True
2026,overall,67,019c23da-6f03-7a2c-aca0-ea29a1b765a7,ZESPÓŁ SZKÓŁ SPORTOWYCH I MISTRZOSTWA SPORTOWEGO IM. JANUSZA KUSOCIŃSKIEGO SPORTOWA SZKOŁA PODSTAWOWA NR 75 Z ODDZIAŁAMI MISTRZOSTWA SPORTOWEGO IM. JANUSZA KUSOCIŃSKIEGO W GDAŃSKU,gdansk/szkola-podstawowa/zespol-szkol-sportowych-i-mistrzostwa-sportowego-im-janusza-kusocinskiego-sportowa-szkola-podstawowa-nr-75-z-oddzialami-mistrzostwa-sportowego-im-janusza-kusocinskiego-w-gdansku-18269,Gdańsk,POMORSKIE,71.44,111,667,True
2026,overall,68,019c23d8-cacd-7a17-93b6-39278ecb5275,SZKOŁA PODSTAWOWA NR 47 IM FRANCISZKI CEGIELSKIEJ,gdynia/szkola-podstawowa/szkola-podstawowa-nr-47-im-franciszki-cegielskiej-7747,Gdynia,POMORSKIE,71.44,110,667,True
2026,overall,69,019c23a3-70d7-774d-af73-159690741af8,SZKOŁA PODSTAWOWA NR 16 IM. ORŁA BIAŁEGO,gdynia/szkola-podstawowa/szkola-podstawowa-nr-16-im-orla-bialego-4324,Gdynia,POMORSKIE,71.15,113,667,True
2026,overall,70,019c23d8-fd9e-761e-b612-0e8e151bc223,ZESPÓŁ SZKOLNO-PRZEDSZKOLNY NR 2 -SZKOŁA PODSTAWOWA NR 42 IM. IGNACEGO JANA PADEREWSKIEGO W GDAŃSKU,gdansk/szkola-podstawowa/zespol-szkolno-przedszkolny-nr-2-szkola-podstawowa-nr-42-im-ignacego-jana-paderewskiego-w-gdansku-9082,Gdańsk,POMORSKIE,70.89,116,667,True
2026,overall,71,019c23a3-70d2-7755-a470-e426e5a2be3f,SZKOŁA PODSTAWOWA NR 26 IM. ŻOŁNIERZY ARMII KRAJOWEJ,gdynia/szkola-podstawowa/szkola-podstawowa-nr-26-im-zolnierzy-armii-krajowej-4319,Gdynia,POMORSKIE,70.73,118,667,True
2026,overall,72,019c23d8-e470-7b69-baa6-781b51f124ca,SZKOŁA PODSTAWOWA NR 12 IM. PRZYJACIÓŁ GDAŃSKA,gdansk/szkola-podstawowa/szkola-podstawowa-nr-12-im-przyjaciol-gdanska-8438,Gdańsk,POMORSKIE,70.44,120,667,True
2026,overall,73,019c23a3-6c42-73aa-8216-7415b651b210,SZKOŁA PODSTAWOWA NR 6 IM. ANTONIEGO ABRAHAMA,gdynia/szkola-podstawowa/szkola-podstawowa-nr-6-im-antoniego-abrahama-4254,Gdynia,POMORSKIE,70.21,123,667,True
2026,overall,74,019c23d9-0ec4-7c18-aff6-30bef43c1c8a,SZKOŁA PODSTAWOWA NR 39 IM. WOJSKA POLSKIEGO W GDAŃSKU,gdansk/szkola-podstawowa/szkola-podstawowa-nr-39-im-wojska-polskiego-w-gdansku-9587,Gdańsk,POMORSKIE,70.06,126,667,True
2026,overall,75,019c23e0-d61a-7512-8943-90c776299544,GDAŃSKA SZKOŁA PODSTAWOWA,gdansk/szkola-podstawowa/gdanska-szkola-podstawowa-81749,Gdańsk,POMORSKIE,69.73,129,667,False
2026,overall,76,019c23e7-2804-7c8c-82a9-e0fdb5ab5be2,ZESPÓŁ SZKOLNO-PRZEDSZKOLNY NR 6 SZKOŁA PODSTAWOWA NR 6 W GDAŃSKU,gdansk/szkola-podstawowa/zespol-szkolno-przedszkolny-nr-6-szkola-podstawowa-nr-6-w-gdansku-270564,Gdańsk,POMORSKIE,69.52,130,667,True
2026,overall,77,019c23da-519a-7c2e-8060-0ebab795da65,SZKOŁA PODSTAWOWA NR 86 IM. PROF. JERZEGO SAMPA W GDAŃSKU,gdansk/szkola-podstawowa/szkola-podstawowa-nr-86-im-prof-jerzego-sampa-w-gdansku-17531,Gdańsk,POMORSKIE,69.5,131,667,True
2026,overall,78,019c23da-5197-7e67-b2b5-1afa97f67aed,ZESPÓŁ SZKOLNO - PRZEDSZKOLNY NR 1 W GDAŃSKU - SZKOŁA PODSTAWOWA NR 76 IM. JAROSŁAWA DĄBROWSKIEGO,gdansk/szkola-podstawowa/zespol-szkolno-przedszkolny-nr-1-w-gdansku-szkola-podstawowa-nr-76-im-jaroslawa-dabrowskiego-17523,Gdańsk,POMORSKIE,69.49,132,667,True
2026,overall,79,019c23d8-d727-7bf3-b3fe-24b3ada1fc95,ZESPÓŁ SZKOLNO-PRZEDSZKOLNY NR 8 SZKOŁA PODSTAWOWA NR 8 W GDAŃSKU IM. PRZYJACIÓŁ ZIEMI,gdansk/szkola-podstawowa/zespol-szkolno-przedszkolny-nr-8-szkola-podstawowa-nr-8-w-gdansku-im-przyjaciol-ziemi-8060,Gdańsk,POMORSKIE,69.29,137,667,True
2026,overall,80,019c23d9-0a68-79f6-a021-c13fdb35a980,SZKOŁA PODSTAWOWA NR 44 IM. ADAMA MICKIEWICZA W GDAŃSKU,gdansk/szkola-podstawowa/szkola-podstawowa-nr-44-im-adama-mickiewicza-w-gdansku-9480,Gdańsk,POMORSKIE,69.16,141,667,True
2026,overall,81,019c23d9-eba2-7f0f-b37d-bc2daa935d0b,ZESPÓŁ SZKÓŁ OGÓLNOKSZTAŁCĄCYCH NR 8 W GDAŃSKU - SZKOŁA PODSTAWOWA NR 5 IM. JANA PAWŁA II,gdansk/szkola-podstawowa/zespol-szkol-ogolnoksztalcacych-nr-8-w-gdansku-szkola-podstawowa-nr-5-im-jana-pawla-ii-15126,Gdańsk,POMORSKIE,68.94,145,667,True
2026,overall,82,019c23e6-6335-7afe-bf27-af1cd30a158a,SZKOŁA PODSTAWOWA NR 51 W GDYNI,gdynia/szkola-podstawowa/szkola-podstawowa-nr-51-w-gdyni-196334,Gdynia,POMORSKIE,68.63,150,667,True
2026,overall,83,019c23da-ce21-7983-91bc-81d75501e8ec,SZKOŁA PODSTAWOWA NR 84 IM. JANA BRZECHWY W GDAŃSKU,gdansk/szkola-podstawowa/szkola-podstawowa-nr-84-im-jana-brzechwy-w-gdansku-20599,Gdańsk,POMORSKIE,68.44,152,667,True
2026,overall,84,019c23e6-684c-7a8a-9df3-39367fc0f6da,SZKOŁA PODSTAWOWA NR 67 IM. KAPITANA ŻEGLUGI WIELKIEJ TADEUSZA ZIÓŁKOWSKIEGO,gdansk/szkola-podstawowa/szkola-podstawowa-nr-67-im-kapitana-zeglugi-wielkiej-tadeusza-ziolkowskiego-262208,Gdańsk,POMORSKIE,68.1,156,667,True
2026,overall,85,019c23e6-684b-7419-81fe-0a53b548460f,SZKOŁA PODSTAWOWA NR 43 IM. JANA KOCHANOWSKIEGO W GDAŃSKU,gdansk/szkola-podstawowa/szkola-podstawowa-nr-43-im-jana-kochanowskiego-w-gdansku-262207,Gdańsk,POMORSKIE,67.75,164,667,True
2026,overall,86,019c23dd-35b0-701e-8d37-e6dba044228e,SZKOŁA PODSTAWOWA NR 40 IM. KPT. Ż. W. K. O. BORCHARDTA W GDYNI,gdynia/szkola-podstawowa/szkola-podstawowa-nr-40-im-kpt-z-w-k-o-borchardta-w-gdyni-42897,Gdynia,POMORSKIE,67.68,166,667,True
2026,overall,87,019c23d9-3446-7a8e-ab24-a3631d3f5f55,SZKOŁA PODSTAWOWA NR 17 IM. HETMANA STEFANA CZARNIECKIEGO W GDAŃSKU,gdansk/szkola-podstawowa/szkola-podstawowa-nr-17-im-hetmana-stefana-czarnieckiego-w-gdansku-10509,Gdańsk,POMORSKIE,67.63,169,667,True
2026,overall,88,019c23d8-e07a-727a-8b07-778131cb9584,SZKOŁA PODSTAWOWA NR 23 IM.DZIECI ŚWIATA W GDAŃSKU,gdansk/szkola-podstawowa/szkola-podstawowa-nr-23-im-dzieci-swiata-w-gdansku-8315,Gdańsk,POMORSKIE,67.25,175,667,True
2026,overall,89,019c23e6-8234-7079-9edf-7a0a14cbe30e,NIEPUBLICZNA SZKOŁA PODSTAWOWA MISTRZOSTWA SPORTOWEGO GDAŃSKIEGO KLUBU SPORTOWEGO GEDANIA 1922,gdansk/szkola-podstawowa/niepubliczna-szkola-podstawowa-mistrzostwa-sportowego-gdanskiego-klubu-sportowego-gedania-1922-262911,Gdańsk,POMORSKIE,67.02,178,667,False
2026,overall,90,019c23e4-353d-7512-9435-8d4aefd8c29a,CHRZEŚCIJAŃSKA SZKOŁA MONTESSORI,gdansk/szkola-podstawowa/chrzescijanska-szkola-montessori-120645,Gdańsk,POMORSKIE,66.81,185,667,False
2026,overall,91,019c23c2-3f92-75cb-905d-13b1f3eabd7d,SZKOŁA PODSTAWOWA NR 13 IM. LUCJANA CYLKOWSKIEGO,gdynia/szkola-podstawowa/szkola-podstawowa-nr-13-im-lucjana-cylkowskiego-5534,Gdynia,POMORSKIE,66.73,187,667,True
2026,overall,92,019c23d9-345c-7ea2-b61b-48027c766a69,SZKOŁA PODSTAWOWA NR 35 Z ODDZIAŁAMI SPORTOWYMI IM. JANA PARANDOWSKIEGO W GDAŃSKU,gdansk/szkola-podstawowa/szkola-podstawowa-nr-35-z-oddzialami-sportowymi-im-jana-parandowskiego-w-gdansku-10561,Gdańsk,POMORSKIE,66.55,189,667,True
2026,overall,93,019c23d8-e07d-76cb-9b5e-85b1a751670d,SZKOŁA PODSTAWOWA NR 79 W GDAŃSKU,gdansk/szkola-podstawowa/szkola-podstawowa-nr-79-w-gdansku-8320,Gdańsk,POMORSKIE,66.02,198,667,True
2026,overall,94,019c23d8-fd9d-744e-9f82-5950635e30d5,SZKOŁA PODSTAWOWA NR 40 IM. KPT. LEONIDA TELIGI W GDAŃSKU,gdansk/szkola-podstawowa/szkola-podstawowa-nr-40-im-kpt-leonida-teligi-w-gdansku-9081,Gdańsk,POMORSKIE,65.64,208,667,True
2026,overall,95,019c23a3-7a00-7af2-af5c-a2ea233a5be0,SZKOŁA PODSTAWOWA NR 28 IM. LOTNIKÓW POLSKICH,gdynia/szkola-podstawowa/szkola-podstawowa-nr-28-im-lotnikow-polskich-4529,Gdynia,POMORSKIE,65.64,208,667,True
2026,overall,96,019c23a3-70f8-75de-8860-8173575c4202,SZKOŁA PODSTAWOWA NR 33 IM. OBROŃCÓW KĘPY OKSYWSKIEJ,gdynia/szkola-podstawowa/szkola-podstawowa-nr-33-im-obroncow-kepy-oksywskiej-4369,Gdynia,POMORSKIE,65.61,210,667,True
2026,overall,97,019c23a3-6c54-7172-91cf-67b2ea639da9,SZKOŁA PODSTAWOWA NR 29 IM. STEFANA ŻEROMSKIEGO,gdynia/szkola-podstawowa/szkola-podstawowa-nr-29-im-stefana-zeromskiego-4282,Gdynia,POMORSKIE,65.46,215,667,True
2026,overall,98,019c23e6-684c-7a8a-9df3-3936816eaab3,ZESPÓŁ SZKOLNO-PRZEDSZKOLNY NR 3 SZKOŁA PODSTAWOWA NR 72 IM. OBROŃCÓW WESTERPLATTE W GDAŃSKU,gdansk/szkola-podstawowa/zespol-szkolno-przedszkolny-nr-3-szkola-podstawowa-nr-72-im-obroncow-westerplatte-w-gdansku-262209,Gdańsk,POMORSKIE,65.36,216,667,True
2026,overall,99,019c23dc-d54f-79dc-8565-c0afa55f1254,ZESPÓŁ SZKOLNO-PRZEDSZKOLNY NR 9 - SZKOŁA PODSTAWOWA NR 7 IM.MJRA MIECZYSŁAWA SŁABEGO,gdansk/szkola-podstawowa/zespol-szkolno-przedszkolny-nr-9-szkola-podstawowa-nr-7-im-mjra-mieczyslawa-slabego-39056,Gdańsk,POMORSKIE,64.77,229,667,True
2026,overall,100,019c23e7-52ca-784c-811e-bda62a5e0807,NIEPUBLICZNA SZKOŁA PODSTAWOWA ŻYRAFIA OSADA,gdansk/szkola-podstawowa/niepubliczna-szkola-podstawowa-zyrafia-osada-272459,Gdańsk,POMORSKIE,64.52,230,667,False
2026,overall,101,019c23d9-eba5-7de0-b876-e70dfbffee51,SZKOŁA PODSTAWOWA NR 82 IM. PROF. JANA CZOCHRALSKIEGO W GDAŃSKU,gdansk/szkola-podstawowa/szkola-podstawowa-nr-82-im-prof-jana-czochralskiego-w-gdansku-15135,Gdańsk,POMORSKIE,64.46,233,667,True
2026,overall,102,019c23d9-da46-7c1b-9c39-986de2e79ab4,SZKOŁA PODSTAWOWA NR 50 IM. E.PLATER W GDAŃSKU,gdansk/szkola-podstawowa/szkola-podstawowa-nr-50-im-e-plater-w-gdansku-14699,Gdańsk,POMORSKIE,64.22,240,667,True
2026,overall,103,019c23d9-e794-7627-b7b8-61c1032c9f2c,SZKOŁA PODSTAWOWA NR 52 IM. TADEUSZA KOŚCIUSZKI W GDAŃSKU,gdansk/szkola-podstawowa/szkola-podstawowa-nr-52-im-tadeusza-kosciuszki-w-gdansku-15022,Gdańsk,POMORSKIE,63.72,255,667,True
2026,overall,104,019c23d8-b206-7f8a-bf08-fb2a039dbb74,SZKOŁA PODSTAWOWA NR 31 IM. SYNÓW PUŁKU,gdynia/szkola-podstawowa/szkola-podstawowa-nr-31-im-synow-pulku-7112,Gdynia,POMORSKIE,63.46,258,667,True
2026,overall,105,019c23da-16a7-7bae-bd8f-f15b4d7b4094,SZKOŁA PODSTAWOWA NR 58 IM. KAZIMIERZA SOŁTYSIKA W GDAŃSKU,gdansk/szkola-podstawowa/szkola-podstawowa-nr-58-im-kazimierza-soltysika-w-gdansku-16171,Gdańsk,POMORSKIE,63.24,261,667,True
2026,overall,106,019c23a3-6c25-78e2-83db-aa6e190a852b,SZKOŁA PODSTAWOWA NR 39 IM. KPT Ż. W. KAZIMIERZA JURKIEWICZA,gdynia/szkola-podstawowa/szkola-podstawowa-nr-39-im-kpt-z-w-kazimierza-jurkiewicza-4221,Gdynia,POMORSKIE,63.09,265,667,True
2026,overall,107,019c23a3-6c55-7725-83c1-8f8655b3fd79,SZKOŁA PODSTAWOWA NR 35 IM. KPT. STANISŁAWA KOSKO,gdynia/szkola-podstawowa/szkola-podstawowa-nr-35-im-kpt-stanislawa-kosko-4284,Gdynia,POMORSKIE,62.69,274,667,True
2026,overall,108,019c23dc-1811-7223-957c-286dc340975f,ZESPÓŁ KSZTAŁCENIA PODSTAWOWEGO I PRZEDSZKOLNEGO NR 1 W GDAŃSKU - SZKOŁA PODSTAWOWA NR 87,gdansk/szkola-podstawowa/zespol-ksztalcenia-podstawowego-i-przedszkolnego-nr-1-w-gdansku-szkola-podstawowa-nr-87-29329,Gdańsk,POMORSKIE,62.2,284,667,True
2026,overall,109,019c23e8-659e-72be-9f6e-474cded9d05c,MORSKA SZKOŁA PODSTAWOWA GDAŃSK-POŁUDNIE,gdansk/szkola-podstawowa/morska-szkola-podstawowa-gdansk-poludnie-480742,Gdańsk,POMORSKIE,61.31,300,667,True
2026,overall,110,019c23e1-6622-77f7-a4ee-d5f098fbba0c,ELEMENTARY INTERNATIONAL SCHOOL OF GDANSK/MIĘDZYNARODOWA SZKOŁA PODSTAWOWA W GDAŃSKU,gdansk/szkola-podstawowa/elementary-international-school-of-gdansk-miedzynarodowa-szkola-podstawowa-w-gdansku-86063,Gdańsk,POMORSKIE,60.99,310,667,False
2026,overall,111,019c23d8-a94f-7be1-9898-adc01a806e7d,SZKOŁA PODSTAWOWA NR 11 IM. BOHATERÓW ZAŁOGI ORP GROM,gdynia/szkola-podstawowa/szkola-podstawowa-nr-11-im-bohaterow-zalogi-orp-grom-6970,Gdynia,POMORSKIE,60.68,316,667,True
2026,overall,112,019c23da-9c15-72ac-ab7f-c6b1a8a99cd9,SZKOŁA PODSTAWOWA NR 83 IM. ŻOŁNIERZY Z WESTERPLATTE W GDAŃSKU,gdansk/szkola-podstawowa/szkola-podstawowa-nr-83-im-zolnierzy-z-westerplatte-w-gdansku-19432,Gdańsk,POMORSKIE,59.92,339,667,True
2026,overall,113,019c23d9-2b49-7cd5-adb2-cca317fb715b,SZKOŁA PODSTAWOWA NR 16 IM. WŁADYSŁAWA BRONIEWSKIEGO W GDAŃSKU,gdansk/szkola-podstawowa/szkola-podstawowa-nr-16-im-wladyslawa-broniewskiego-w-gdansku-10294,Gdańsk,POMORSKIE,58.79,370,667,True
2026,overall,114,019c23dc-b40a-798a-ba95-5692bb2959f6,SZKOŁA PODSTAWOWA NR 43 IM. WICEADMIRAŁA KAZIMIERZA PORĘBSKIEGO,gdynia/szkola-podstawowa/szkola-podstawowa-nr-43-im-wiceadmirala-kazimierza-porebskiego-35190,Gdynia,POMORSKIE,58.78,371,667,True
2026,overall,115,019c23a3-6c51-7e63-8e84-358314c7f2f7,SZKOŁA PODSTAWOWA NR 23,gdynia/szkola-podstawowa/szkola-podstawowa-nr-23-4277,Gdynia,POMORSKIE,58.63,376,667,True
2026,overall,116,019c23d9-1ebc-7f7f-8e28-6fd73a5690e0,SZKOŁA PODSTAWOWA NR 21 IM. KPT. Ż. W. OLGIERDA BORCHARDTA W GDAŃSKU,gdansk/szkola-podstawowa/szkola-podstawowa-nr-21-im-kpt-z-w-olgierda-borchardta-w-gdansku-10067,Gdańsk,POMORSKIE,58.46,381,667,True
2026,overall,117,019c23da-4cf4-7a92-9517-c95e57d65bf2,ZESPÓŁ SZKÓŁ OGÓLNOKSZTAŁCĄCYCH NR 10 IM. EUGENIUSZA KWIATKOWSKIEGO W GDAŃSKU - SZKOŁA PODSTAWOWA NR 18,gdansk/szkola-podstawowa/zespol-szkol-ogolnoksztalcacych-nr-10-im-eugeniusza-kwiatkowskiego-w-gdansku-szkola-podstawowa-nr-18-17430,Gdańsk,POMORSKIE,57.98,391,667,True
2026,overall,118,019c23e6-360d-759c-84e6-ceea1e717cdf,"PUBLICZNA SZKOŁA PODSTAWOWA ""OLIMPIJCZYK"" W GDAŃSKU Z ODDZIAŁAMI SPORTOWYMI",gdansk/szkola-podstawowa/publiczna-szkola-podstawowa-olimpijczyk-w-gdansku-z-oddzialami-sportowymi-133053,Gdańsk,POMORSKIE,57.39,406,667,True
2026,overall,119,019c23da-0a47-79b7-8d48-cb89702169f5,SZKOŁA PODSTAWOWA NR 59 IM. I DYWIZJI PANCERNEJ GEN. STANISŁAWA MACZKA W GDAŃSKU,gdansk/szkola-podstawowa/szkola-podstawowa-nr-59-im-i-dywizji-pancernej-gen-stanislawa-maczka-w-gdansku-15831,Gdańsk,POMORSKIE,57.13,418,667,True
2026,overall,120,019c23da-282c-7c40-8042-3e6d22bcad3e,SZKOŁA PODSTAWOWA NR 62 W GDAŃSKU,gdansk/szkola-podstawowa/szkola-podstawowa-nr-62-w-gdansku-16641,Gdańsk,POMORSKIE,57.01,422,667,True
2026,overall,121,019c23da-431f-7c71-94e8-8342096d9b44,SZKOŁA PODSTAWOWA NR 4 IM. KRÓLA KAZIMIERZA JAGIELLOŃCZYKA W GDAŃSKU,gdansk/szkola-podstawowa/szkola-podstawowa-nr-4-im-krola-kazimierza-jagiellonczyka-w-gdansku-17192,Gdańsk,POMORSKIE,56.41,436,667,True
2026,overall,122,019c23e6-3628-785b-a4dc-cc72df55f50b,ZESPÓŁ SZKÓŁ OGÓLNOKSZTAŁCĄCYCH NR 6 SZKOŁA PODSTAWOWA MISTRZOSTWA SPORTOWEGO NR 94 IM. HANZY W GDAŃSKU,gdansk/szkola-podstawowa/zespol-szkol-ogolnoksztalcacych-nr-6-szkola-podstawowa-mistrzostwa-sportowego-nr-94-im-hanzy-w-gdansku-133139,Gdańsk,POMORSKIE,56.12,444,667,True
2026,overall,123,019c23e7-a912-7e55-98fb-7e95644024c0,AUTONOMICZNA SZKOŁA PODSTAWOWA W GDYNI,gdynia/szkola-podstawowa/autonomiczna-szkola-podstawowa-w-gdyni-275665,Gdynia,POMORSKIE,55.76,457,667,False
2026,overall,124,019c23e6-6336-74b1-a323-90ae57d82d2b,SZKOŁA PODSTAWOWA NR 52 W GDYNI,gdynia/szkola-podstawowa/szkola-podstawowa-nr-52-w-gdyni-196336,Gdynia,POMORSKIE,55.15,472,667,True
2026,overall,125,019c23da-2000-7339-9fe0-e64502f79156,SZKOŁA PODSTAWOWA NR 88 IM. DANIELA GABRIELA FAHRENHEITA W GDAŃSKU,gdansk/szkola-podstawowa/szkola-podstawowa-nr-88-im-daniela-gabriela-fahrenheita-w-gdansku-16374,Gdańsk,POMORSKIE,55.06,478,667,True
2026,overall,126,019c23a3-70b9-7839-89f4-5c8c3b97c69d,SZKOŁA PODSTAWOWA NR 10 IM. EUGENIUSZA KWIATKOWSKIEGO,gdynia/szkola-podstawowa/szkola-podstawowa-nr-10-im-eugeniusza-kwiatkowskiego-4300,Gdynia,POMORSKIE,54.68,486,667,True
2026,overall,127,019c23da-47f8-70d9-9ef8-b86e471b170f,ZESPÓŁ SZKOLNO-PRZEDSZKOLNY NR 4 SZKOŁA PODSTAWOWA NR 11 IM. NA BURSZTYNOWYM SZLAKU W GDAŃSKU,gdansk/szkola-podstawowa/zespol-szkolno-przedszkolny-nr-4-szkola-podstawowa-nr-11-im-na-bursztynowym-szlaku-w-gdansku-17319,Gdańsk,POMORSKIE,53.87,508,667,True
2026,overall,128,019c23da-2801-7317-a118-0261767bd083,ZESPÓŁ SZKOLNO-PRZEDSZKOLNY NR 11- SZKOŁA PODSTAWOWA NR 61 IM. JÓZEFA WYBICKIEGO W GDAŃSKU,gdansk/szkola-podstawowa/zespol-szkolno-przedszkolny-nr-11-szkola-podstawowa-nr-61-im-jozefa-wybickiego-w-gdansku-16564,Gdańsk,POMORSKIE,53.48,513,667,True
2026,overall,129,019c23d9-12c5-7174-806b-5519c4e30380,SZKOŁA PODSTAWOWA NR 56 IM. ANDRZEJA STRUGA W GDAŃSKU,gdansk/szkola-podstawowa/szkola-podstawowa-nr-56-im-andrzeja-struga-w-gdansku-9704,Gdańsk,POMORSKIE,53.09,522,667,True
2026,overall,130,019c23da-ae03-724a-85aa-1dc846c7c42b,SZKOŁA PODSTAWOWA NR 65 IM. ALFA LICZMAŃSKIEGO W GDAŃSKU,gdansk/szkola-podstawowa/szkola-podstawowa-nr-65-im-alfa-liczmanskiego-w-gdansku-19820,Gdańsk,POMORSKIE,52.94,527,667,True
2026,overall,131,019c23da-4cec-7562-b8d2-47abc21f2b67,SZKOŁA PODSTAWOWA NR 69 IM GENERAŁA STANISŁAWA SOSABOWSKIEGO W GDAŃSKU,gdansk/szkola-podstawowa/szkola-podstawowa-nr-69-im-generala-stanislawa-sosabowskiego-w-gdansku-17410,Gdańsk,POMORSKIE,50.78,556,667,True
2026,overall,132,019c23d9-eba1-7f39-bab8-3a23a758f192,ZESPÓŁ SZKOLNO-PRZEDSZKOLNY NR 7 SZKOŁA PODSTAWOWA NR 55 IM. JANA HEWELIUSZA W GDAŃSKU,gdansk/szkola-podstawowa/zespol-szkolno-przedszkolny-nr-7-szkola-podstawowa-nr-55-im-jana-heweliusza-w-gdansku-15122,Gdańsk,POMORSKIE,49.41,589,667,True
2026,overall,133,019c23d9-4d0e-782d-8261-01f1fb99f1ce,SZKOŁA PODSTAWOWA NR 49 IM. KS. BRONISŁAWA KOMOROWSKIEGO W GDAŃSKU,gdansk/szkola-podstawowa/szkola-podstawowa-nr-49-im-ks-bronislawa-komorowskiego-w-gdansku-11179,Gdańsk,POMORSKIE,48.21,602,667,True
2026,overall,134,019c23d9-f4a4-71d1-8578-220dc18ef7eb,SZKOŁA PODSTAWOWA NR 60 W GDAŃSKU,gdansk/szkola-podstawowa/szkola-podstawowa-nr-60-w-gdansku-15253,Gdańsk,POMORSKIE,41.05,642,667,True
2026,overall,135,019c23dc-d556-7fff-be9c-9054842b9126,SZKOŁA PODSTAWOWA SPECJALNA NR 28,gdansk/szkola-podstawowa/szkola-podstawowa-specjalna-nr-28-39066,Gdańsk,POMORSKIE,17.17,663,667,True
2019,mathematics,1,019c23e1-616e-74f1-adca-e1dedbc7bfcc,GDAŃSKIE SZKOŁY AUTONOMICZNE GDAŃSKA AUTONOMICZNA SZKOŁA PODSTAWOWA,gdansk/szkola-podstawowa/gdanskie-szkoly-autonomiczne-gdanska-autonomiczna-szkola-podstawowa-85999,Gdańsk,POMORSKIE,87.75,1,571,False
2019,mathematics,2,019c23e1-7546-7a86-9791-e2c8d2fa541c,III SPOŁECZNA SZKOŁA PODSTAWOWA SPOŁECZNEGO TOWARZYSTWA OŚWIATOWEGO,gdansk/szkola-podstawowa/iii-spoleczna-szkola-podstawowa-spolecznego-towarzystwa-oswiatowego-86458,Gdańsk,POMORSKIE,83.51,2,571,False
2019,mathematics,3,019c23df-42af-7f75-a61d-e7cab4b0088e,"NIEPUBLICZNA SZKOŁA PODSTAWOWA ""SOKRATES""",gdansk/szkola-podstawowa/niepubliczna-szkola-podstawowa-sokrates-66309,Gdańsk,POMORSKIE,82.82,3,571,False
2019,mathematics,4,019c23dd-3a9e-7e6f-80ef-4d360046bc2a,"PODSTAWOWA SZKOŁA SPOŁECZNA ""NIEDŹWIEDNIK""",gdansk/szkola-podstawowa/podstawowa-szkola-spoleczna-niedzwiednik-43412,Gdańsk,POMORSKIE,82.6,5,571,False
2019,mathematics,5,019c23e1-702a-7a7b-ac88-3904f32de525,KATOLICKA SZKOŁA PODSTAWOWA IM. ŚW. KAZIMIERZA W GDAŃSKU,gdansk/szkola-podstawowa/katolicka-szkola-podstawowa-im-sw-kazimierza-w-gdansku-86270,Gdańsk,POMORSKIE,81.67,6,571,False
2019,mathematics,6,019c23dc-4f7e-7b00-893f-76a6c05182cb,"""FREGATA"" SZKOŁA PODSTAWOWA DLA CHŁOPCÓW",gdansk/szkola-podstawowa/fregata-szkola-podstawowa-dla-chlopcow-30613,Gdańsk,POMORSKIE,80.2,9,571,False
2019,mathematics,7,019c23c2-5015-788a-b0d6-d50600a116f4,PIERWSZA SZKOŁA SPOŁECZNA PODSTAWOWA IM.DZIECI ZJEDNOCZONEJ EUROPY,gdynia/szkola-podstawowa/pierwsza-szkola-spoleczna-podstawowa-im-dzieci-zjednoczonej-europy-5959,Gdynia,POMORSKIE,79.82,11,571,False
2019,mathematics,8,019c23e2-10a9-7973-9adf-79949fc7bf33,AMERYKAŃSKA SZKOŁA PODSTAWOWA Z WYKŁADOWYM JĘZYKIEM ANGIELSKIM,gdynia/szkola-podstawowa/amerykanska-szkola-podstawowa-z-wykladowym-jezykiem-angielskim-90298,Gdynia,POMORSKIE,79.63,12,571,False
2019,mathematics,9,019c23e1-6b8c-747d-b86a-71d4163a5729,II SPOŁECZNA SZKOŁA PODSTAWOWA SPOŁECZNEGO TOWARZYSTWA OŚWIATOWEGO,gdansk/szkola-podstawowa/ii-spoleczna-szkola-podstawowa-spolecznego-towarzystwa-oswiatowego-86125,Gdańsk,POMORSKIE,78.72,13,571,False
2019,mathematics,10,019c23e1-7027-749c-bb81-1e9b35e222db,SZKOŁA PODSTAWOWA IM. ŚW. JANA DE LA SALLE,gdansk/szkola-podstawowa/szkola-podstawowa-im-sw-jana-de-la-salle-86264,Gdańsk,POMORSKIE,76.01,14,571,False
2019,mathematics,11,019c23df-0382-744f-9214-164cfe6ca861,KATOLICKA SZKOŁA PODSTAWOWA IM ŚW. RODZINY W GDYNI,gdynia/szkola-podstawowa/katolicka-szkola-podstawowa-im-sw-rodziny-w-gdyni-62306,Gdynia,POMORSKIE,75.28,16,571,True
2019,mathematics,12,019c23e1-6bad-7a57-91d1-e87f5608fb63,I SPOŁECZNA SZKOŁA PODSTAWOWA SPOŁECZNEGO TOWARZYSTWA OŚWIATOWEGO,gdansk/szkola-podstawowa/i-spoleczna-szkola-podstawowa-spolecznego-towarzystwa-oswiatowego-86148,Gdańsk,POMORSKIE,75.19,17,571,False
2019,mathematics,13,019c23e6-8232-73bf-b6e1-7a35421bad2a,GDAŃSKA SZKOŁA PODSTAWOWA LINGWISTA IM. HYMNU NARODOWEGO,gdansk/szkola-podstawowa/gdanska-szkola-podstawowa-lingwista-im-hymnu-narodowego-262904,Gdańsk,POMORSKIE,75.1,18,571,False
2019,mathematics,14,019c23e6-8743-7bcc-93e1-e404525427ad,KATOLICKA SZKOŁA PODSTAWOWA IM. ŚW. JANA PAWŁA II W GDYNI,gdynia/szkola-podstawowa/katolicka-szkola-podstawowa-im-sw-jana-pawla-ii-w-gdyni-263021,Gdynia,POMORSKIE,73.52,19,571,True
2019,mathematics,15,019c23e6-684d-706a-997d-2aa66781268f,ZESPÓŁ SZKÓŁ OGÓLNOKSZTAŁCĄCYCH NR 2 SZKOŁA PODSTAWOWA NR 33 IM. STEFANA BANACHA W GDAŃSKU,gdansk/szkola-podstawowa/zespol-szkol-ogolnoksztalcacych-nr-2-szkola-podstawowa-nr-33-im-stefana-banacha-w-gdansku-262215,Gdańsk,POMORSKIE,72.66,21,571,True
2019,mathematics,16,019c23a3-7a25-7a48-9035-f6ee0586e79e,SZKOŁA PODSTAWOWA NR 18 IM. KORNELA MAKUSZYŃSKIEGO,gdynia/szkola-podstawowa/szkola-podstawowa-nr-18-im-kornela-makuszynskiego-4563,Gdynia,POMORSKIE,72.13,23,571,True
2019,mathematics,17,019c23e6-44e2-71ff-9942-036eed85be55,SZKOŁA PODSTAWOWA JEZUITÓW Z ODDZIAŁAMI DWUJĘZYCZNYMI IM. ŚW. STANISŁAWA KOSTKI W GDYNI,gdynia/szkola-podstawowa/szkola-podstawowa-jezuitow-z-oddzialami-dwujezycznymi-im-sw-stanislawa-kostki-w-gdyni-133486,Gdynia,POMORSKIE,71.15,25,571,False
2019,mathematics,18,019c23e0-a250-77d3-9f40-51c0eb31bc45,NOWY ŚWIAT NIEPUBLICZNA SZKOŁA PODSTAWOWA,gdansk/szkola-podstawowa/nowy-swiat-niepubliczna-szkola-podstawowa-80448,Gdańsk,POMORSKIE,68.89,27,571,False
2019,mathematics,19,019c23a3-638e-77f5-a650-11ec5780f3a1,SZKOŁA PODSTAWOWA NR 20 IM. 2 MORSKIEGO PUŁKU STRZELCÓW,gdynia/szkola-podstawowa/szkola-podstawowa-nr-20-im-2-morskiego-pulku-strzelcow-4053,Gdynia,POMORSKIE,66.03,30,571,True
2019,mathematics,20,019c23e2-287c-7ccd-8fc1-96afe989471e,GDYŃSKA SZKOŁA SPOŁECZNA,gdynia/szkola-podstawowa/gdynska-szkola-spoleczna-90963,Gdynia,POMORSKIE,64.67,31,571,False
2019,mathematics,21,019c23d9-3461-76c2-9659-24047f985f67,SZKOŁA PODSTAWOWA NR 89 IM. TADEUSZA MAZOWIECKIEGO W GDAŃSKU,gdansk/szkola-podstawowa/szkola-podstawowa-nr-89-im-tadeusza-mazowieckiego-w-gdansku-10576,Gdańsk,POMORSKIE,64.29,33,571,True
2019,mathematics,22,019c23d9-eba1-7f39-bab8-3a23a9c4095f,SZKOŁA PODSTAWOWA NR 1 IM. MARIUSZA ZARUSKIEGO W GDAŃSKU,gdansk/szkola-podstawowa/szkola-podstawowa-nr-1-im-mariusza-zaruskiego-w-gdansku-15124,Gdańsk,POMORSKIE,63.37,34,571,True
2019,mathematics,23,019c23d8-ecbd-7091-915f-8b6001e8b49b,ZESPÓŁ SZKOLNO-PRZEDSZKOLNY NR 10 - SZKOŁA PODSTAWOWA NR 80 IM. BUDOWNICZYCH PORTU PÓŁNOCNEGO W GDAŃSKU,gdansk/szkola-podstawowa/zespol-szkolno-przedszkolny-nr-10-szkola-podstawowa-nr-80-im-budowniczych-portu-polnocnego-w-gdansku-8641,Gdańsk,POMORSKIE,61.96,38,571,True
2019,mathematics,24,019c23d9-da46-7c1b-9c39-986de2e79ab4,SZKOŁA PODSTAWOWA NR 50 IM. E.PLATER W GDAŃSKU,gdansk/szkola-podstawowa/szkola-podstawowa-nr-50-im-e-plater-w-gdansku-14699,Gdańsk,POMORSKIE,61.21,40,571,True
2019,mathematics,25,019c23e4-b360-786c-ac20-381ed98490bd,POZYTYWNA SZKOŁA PODSTAWOWA IM. ARKADIUSZA ARAMA RYBICKIEGO W GDAŃSKU,gdansk/szkola-podstawowa/pozytywna-szkola-podstawowa-im-arkadiusza-arama-rybickiego-w-gdansku-124084,Gdańsk,POMORSKIE,60.72,42,571,True
2019,mathematics,26,019c23da-df6d-70fb-a550-320356e362db,SZKOŁA PODSTAWOWA NR 81 W GDAŃSKU IM. PROF. MICHAŁA SIEDLECKIEGO,gdansk/szkola-podstawowa/szkola-podstawowa-nr-81-w-gdansku-im-prof-michala-siedleckiego-21025,Gdańsk,POMORSKIE,60.19,45,571,True
2019,mathematics,27,019c23dd-003a-7b91-bef7-d4aa330ccd8f,PODSTAWOWA SZKOŁA GEDANENSIS,gdansk/szkola-podstawowa/podstawowa-szkola-gedanensis-41069,Gdańsk,POMORSKIE,60,46,571,False
2019,mathematics,28,019c23d9-40aa-7f43-9c99-6ba57bfa4d05,"PRYWATNA SZKOŁA PODSTAWOWA ""LIBER""",gdynia/szkola-podstawowa/prywatna-szkola-podstawowa-liber-10829,Gdynia,POMORSKIE,60,46,571,False
2019,mathematics,29,019c23a3-70d2-7755-a470-e426e5a2be3f,SZKOŁA PODSTAWOWA NR 26 IM. ŻOŁNIERZY ARMII KRAJOWEJ,gdynia/szkola-podstawowa/szkola-podstawowa-nr-26-im-zolnierzy-armii-krajowej-4319,Gdynia,POMORSKIE,59.89,48,571,True
2019,mathematics,30,019c23da-1b7c-792c-a0a7-e530093145c9,SZKOŁA PODSTAWOWA NR 19 IM. ZASŁUŻONYCH LUDZI MORZA W GDAŃSKU,gdansk/szkola-podstawowa/szkola-podstawowa-nr-19-im-zasluzonych-ludzi-morza-w-gdansku-16227,Gdańsk,POMORSKIE,59.56,50,571,True
2019,mathematics,31,019c23d9-5991-7ce9-bb1e-4e647aaddc8a,SZKOŁA PODSTAWOWA NR 48 IM. PROFESORA KAZIMIERZA DEMELA,gdynia/szkola-podstawowa/szkola-podstawowa-nr-48-im-profesora-kazimierza-demela-11470,Gdynia,POMORSKIE,59.55,51,571,True
2019,mathematics,32,019c23e4-e46e-77cd-9898-1265e6b8e72a,"SZKOŁA PODSTAWOWA TOWARZYSTWA EDUKACYJNEGO ""VIZJA""",gdansk/szkola-podstawowa/szkola-podstawowa-towarzystwa-edukacyjnego-vizja-125174,Gdańsk,POMORSKIE,59.33,53,571,False
2019,mathematics,33,019c23df-42b0-741e-a372-78fd58048094,"GDAŃSKA SZKOŁA PODSTAWOWA ""LINGWISTA"" IM. ZJEDNOCZONEJ EUROPY",gdansk/szkola-podstawowa/gdanska-szkola-podstawowa-lingwista-im-zjednoczonej-europy-66313,Gdańsk,POMORSKIE,59.17,55,571,False
2019,mathematics,34,019c23a3-75b0-7d7e-86dd-3343db3b43a5,SZKOŁA PODSTAWOWA NR 34 Z ODDZIAŁAMI INTEGRACYJNYMI IM. LEONIDA TELIGI,gdynia/szkola-podstawowa/szkola-podstawowa-nr-34-z-oddzialami-integracyjnymi-im-leonida-teligi-4419,Gdynia,POMORSKIE,59,56,571,True
2019,mathematics,35,019c23d8-c6bd-799e-9b80-d85cac1026bb,SZKOŁA PODSTAWOWA NR 46,gdynia/szkola-podstawowa/szkola-podstawowa-nr-46-7669,Gdynia,POMORSKIE,58.95,57,571,True
2019,mathematics,36,019c23d8-e47c-7508-876a-98d51336b614,SZKOŁA PODSTAWOWA NR 8 IM. OBROŃCÓW HELU,gdynia/szkola-podstawowa/szkola-podstawowa-nr-8-im-obroncow-helu-8469,Gdynia,POMORSKIE,58.41,62,571,True
2019,mathematics,37,019c23a3-70d7-774d-af73-159690741af8,SZKOŁA PODSTAWOWA NR 16 IM. ORŁA BIAŁEGO,gdynia/szkola-podstawowa/szkola-podstawowa-nr-16-im-orla-bialego-4324,Gdynia,POMORSKIE,57.22,68,571,True
2019,mathematics,38,019c23d8-e07a-727a-8b07-778131cb9584,SZKOŁA PODSTAWOWA NR 23 IM.DZIECI ŚWIATA W GDAŃSKU,gdansk/szkola-podstawowa/szkola-podstawowa-nr-23-im-dzieci-swiata-w-gdansku-8315,Gdańsk,POMORSKIE,57.14,69,571,True
2019,mathematics,39,019c23d9-0a68-79f6-a021-c13fdb35a980,SZKOŁA PODSTAWOWA NR 44 IM. ADAMA MICKIEWICZA W GDAŃSKU,gdansk/szkola-podstawowa/szkola-podstawowa-nr-44-im-adama-mickiewicza-w-gdansku-9480,Gdańsk,POMORSKIE,56.56,71,571,True
2019,mathematics,40,019c23a3-70c6-7bb5-a755-019f996cf421,SZKOŁA PODSTAWOWA NR 17 IM. WICEADM. JÓZEFA UNRUGA,gdynia/szkola-podstawowa/szkola-podstawowa-nr-17-im-wiceadm-jozefa-unruga-4307,Gdynia,POMORSKIE,56.55,72,571,True
2019,mathematics,41,019c23e6-6335-7afe-bf27-af1cd30a158a,SZKOŁA PODSTAWOWA NR 51 W GDYNI,gdynia/szkola-podstawowa/szkola-podstawowa-nr-51-w-gdyni-196334,Gdynia,POMORSKIE,56.53,73,571,True
2019,mathematics,42,019c23d8-e07d-76cb-9b5e-85b1a751670d,SZKOŁA PODSTAWOWA NR 79 W GDAŃSKU,gdansk/szkola-podstawowa/szkola-podstawowa-nr-79-w-gdansku-8320,Gdańsk,POMORSKIE,56.35,74,571,True
2019,mathematics,43,019c23d9-2ff9-7558-b408-a671ea287fd4,SZKOŁA PODSTAWOWA NR 77 W GDAŃSKU,gdansk/szkola-podstawowa/szkola-podstawowa-nr-77-w-gdansku-10388,Gdańsk,POMORSKIE,56.3,75,571,True
2019,mathematics,44,019c23dc-d559-74be-95fd-718e8de6e0c7,SZKOŁA PODSTAWOWA NR 48 IM. GEN. JÓZEFA HALLERA W GDAŃSKU,gdansk/szkola-podstawowa/szkola-podstawowa-nr-48-im-gen-jozefa-hallera-w-gdansku-39070,Gdańsk,POMORSKIE,56.26,76,571,True
2019,mathematics,45,019c23d9-1e9b-77ef-b38a-df73b6885e86,GDAŃSKA SZKOŁA SZERMIERKI - SZKOŁA PODSTAWOWA NR 70 Z ODDZIAŁAMI SPORTOWYMI W GDAŃSKU,gdansk/szkola-podstawowa/gdanska-szkola-szermierki-szkola-podstawowa-nr-70-z-oddzialami-sportowymi-w-gdansku-9987,Gdańsk,POMORSKIE,56.05,78,571,True
2019,mathematics,46,019c23d9-eba5-7de0-b876-e70dfbffee51,SZKOŁA PODSTAWOWA NR 82 IM. PROF. JANA CZOCHRALSKIEGO W GDAŃSKU,gdansk/szkola-podstawowa/szkola-podstawowa-nr-82-im-prof-jana-czochralskiego-w-gdansku-15135,Gdańsk,POMORSKIE,55.77,80,571,True
2019,mathematics,47,019c23e6-822b-71e3-aeb7-37bd77f77703,NIEPUBLICZNA SZKOŁA PODSTAWOWA THINKING ZONE W GDAŃSKU,gdansk/szkola-podstawowa/niepubliczna-szkola-podstawowa-thinking-zone-w-gdansku-262876,Gdańsk,POMORSKIE,55.5,81,571,False
2019,mathematics,48,019c23d9-3446-7a8e-ab24-a3631d3f5f55,SZKOŁA PODSTAWOWA NR 17 IM. HETMANA STEFANA CZARNIECKIEGO W GDAŃSKU,gdansk/szkola-podstawowa/szkola-podstawowa-nr-17-im-hetmana-stefana-czarnieckiego-w-gdansku-10509,Gdańsk,POMORSKIE,55.5,81,571,True
2019,mathematics,49,019c23d8-cacd-7a17-93b6-39278ecb5275,SZKOŁA PODSTAWOWA NR 47 IM FRANCISZKI CEGIELSKIEJ,gdynia/szkola-podstawowa/szkola-podstawowa-nr-47-im-franciszki-cegielskiej-7747,Gdynia,POMORSKIE,55.11,84,571,True
2019,mathematics,50,019c23da-4809-7922-8ead-161d0e3c157b,ZESPÓŁ SZKOLNO-PRZEDSZKOLNY NR 5 SZKOŁA PODSTAWOWA NR 92 IM. KARD. STEFANA WYSZYŃSKIEGO PRYMASA TYSIĄCLECIA W GDAŃSKU,gdansk/szkola-podstawowa/zespol-szkolno-przedszkolny-nr-5-szkola-podstawowa-nr-92-im-kard-stefana-wyszynskiego-prymasa-tysiaclecia-w-gdansku-17348,Gdańsk,POMORSKIE,54.89,85,571,True
2019,mathematics,51,019c23e4-353d-7512-9435-8d4aefd8c29a,CHRZEŚCIJAŃSKA SZKOŁA MONTESSORI,gdansk/szkola-podstawowa/chrzescijanska-szkola-montessori-120645,Gdańsk,POMORSKIE,54.83,87,571,False
2019,mathematics,52,019c23c2-3f92-75cb-905d-13b1f3eabd7d,SZKOŁA PODSTAWOWA NR 13 IM. LUCJANA CYLKOWSKIEGO,gdynia/szkola-podstawowa/szkola-podstawowa-nr-13-im-lucjana-cylkowskiego-5534,Gdynia,POMORSKIE,54.44,90,571,True
2019,mathematics,53,019c23a3-7a00-7af2-af5c-a2ea233a5be0,SZKOŁA PODSTAWOWA NR 28 IM. LOTNIKÓW POLSKICH,gdynia/szkola-podstawowa/szkola-podstawowa-nr-28-im-lotnikow-polskich-4529,Gdynia,POMORSKIE,53.98,93,571,True
2019,mathematics,54,019c23e6-051e-7701-88cc-d1057025f38f,MORSKA SZKOŁA PODSTAWOWA IM. ALEKSANDRA DOBY W GDAŃSKU,gdansk/szkola-podstawowa/morska-szkola-podstawowa-im-aleksandra-doby-w-gdansku-131786,Gdańsk,POMORSKIE,53.96,94,571,True
2019,mathematics,55,019c23d9-2b63-75d2-adec-34a0b4117138,SZKOŁA PODSTAWOWA NR 47 IM. KASZUBSKIEJ BRYGADY WOP W GDAŃSKU,gdansk/szkola-podstawowa/szkola-podstawowa-nr-47-im-kaszubskiej-brygady-wop-w-gdansku-10347,Gdańsk,POMORSKIE,53.29,95,571,True
2019,mathematics,56,019c23d8-a52a-7a3a-8268-ef536be69d0e,SZKOŁA PODSTAWOWA NR 12,gdynia/szkola-podstawowa/szkola-podstawowa-nr-12-6850,Gdynia,POMORSKIE,52.85,97,571,True
2019,mathematics,57,019c23da-c063-757a-ada4-fa8901bb4825,SZKOŁA PODSTAWOWA NR 85 IM. ZRZESZENIA KASZUBSKO-POMORSKIEGO W GDAŃSKU,gdansk/szkola-podstawowa/szkola-podstawowa-nr-85-im-zrzeszenia-kaszubsko-pomorskiego-w-gdansku-20267,Gdańsk,POMORSKIE,52.57,99,571,True
2019,mathematics,58,019c23d8-c6c3-7bb7-8e43-445c8d4a0b6a,SZKOŁA PODSTAWOWA NR 27 IM. DZIECI ZJEDNOCZONEJ EUROPY W GDAŃSKU,gdansk/szkola-podstawowa/szkola-podstawowa-nr-27-im-dzieci-zjednoczonej-europy-w-gdansku-7678,Gdańsk,POMORSKIE,52.08,104,571,True
2019,mathematics,59,019c23da-e3d0-7afd-9493-64c60b0c3411,SPORTOWA SZKOŁA PODSTAWOWA NR 14 IM. JÓZEFA WYBICKIEGO,gdynia/szkola-podstawowa/sportowa-szkola-podstawowa-nr-14-im-jozefa-wybickiego-21126,Gdynia,POMORSKIE,52.02,106,571,True
2019,mathematics,60,019c23da-3e61-71e4-b691-c712f00f4e4e,SZKOŁA PODSTAWOWA NR 38 IM. GEN. STANISŁAWA MACZKA W GDAŃSKU,gdansk/szkola-podstawowa/szkola-podstawowa-nr-38-im-gen-stanislawa-maczka-w-gdansku-17066,Gdańsk,POMORSKIE,51.89,108,571,True
2019,mathematics,61,019c23d9-0ec4-7c18-aff6-30bef43c1c8a,SZKOŁA PODSTAWOWA NR 39 IM. WOJSKA POLSKIEGO W GDAŃSKU,gdansk/szkola-podstawowa/szkola-podstawowa-nr-39-im-wojska-polskiego-w-gdansku-9587,Gdańsk,POMORSKIE,51.64,110,571,True
2019,mathematics,62,019c23d8-a4ff-73a3-b479-b9299e17310f,SZKOŁA PODSTAWOWA NR 42 IM. KRÓLOWEJ JADWIGI,gdynia/szkola-podstawowa/szkola-podstawowa-nr-42-im-krolowej-jadwigi-6783,Gdynia,POMORSKIE,51.53,114,571,True
2019,mathematics,63,019c23d8-d727-7bf3-b3fe-24b3ada1fc95,ZESPÓŁ SZKOLNO-PRZEDSZKOLNY NR 8 SZKOŁA PODSTAWOWA NR 8 W GDAŃSKU IM. PRZYJACIÓŁ ZIEMI,gdansk/szkola-podstawowa/zespol-szkolno-przedszkolny-nr-8-szkola-podstawowa-nr-8-w-gdansku-im-przyjaciol-ziemi-8060,Gdańsk,POMORSKIE,51.06,119,571,True
2019,mathematics,64,019c23d9-22dc-76f3-9e2a-664f7586c774,SZKOŁA PODSTAWOWA NR 45 IM. BOHATERÓW WESTERPLATTE W GDAŃSKU,gdansk/szkola-podstawowa/szkola-podstawowa-nr-45-im-bohaterow-westerplatte-w-gdansku-10166,Gdańsk,POMORSKIE,50.61,122,571,True
2019,mathematics,65,019c23e6-684d-706a-997d-2aa666099a4c,ZESPÓŁ SZKÓŁ OGÓLNOKSZTAŁCĄCYCH NR 7 SZKOŁA PODSTAWOWA NR 3 IM. JANA PAWŁA II W GDAŃSKU,gdansk/szkola-podstawowa/zespol-szkol-ogolnoksztalcacych-nr-7-szkola-podstawowa-nr-3-im-jana-pawla-ii-w-gdansku-262214,Gdańsk,POMORSKIE,50.43,123,571,True
2019,mathematics,66,019c23da-6f03-7a2c-aca0-ea29a1b765a7,ZESPÓŁ SZKÓŁ SPORTOWYCH I MISTRZOSTWA SPORTOWEGO IM. JANUSZA KUSOCIŃSKIEGO SPORTOWA SZKOŁA PODSTAWOWA NR 75 Z ODDZIAŁAMI MISTRZOSTWA SPORTOWEGO IM. JANUSZA KUSOCIŃSKIEGO W GDAŃSKU,gdansk/szkola-podstawowa/zespol-szkol-sportowych-i-mistrzostwa-sportowego-im-janusza-kusocinskiego-sportowa-szkola-podstawowa-nr-75-z-oddzialami-mistrzostwa-sportowego-im-janusza-kusocinskiego-w-gdansku-18269,Gdańsk,POMORSKIE,50.3,126,571,True
2019,mathematics,67,019c23da-ce21-7983-91bc-81d75501e8ec,SZKOŁA PODSTAWOWA NR 84 IM. JANA BRZECHWY W GDAŃSKU,gdansk/szkola-podstawowa/szkola-podstawowa-nr-84-im-jana-brzechwy-w-gdansku-20599,Gdańsk,POMORSKIE,50.3,126,571,True
2019,mathematics,68,019c23da-519a-7c2e-8060-0ebab795da65,SZKOŁA PODSTAWOWA NR 86 IM. PROF. JERZEGO SAMPA W GDAŃSKU,gdansk/szkola-podstawowa/szkola-podstawowa-nr-86-im-prof-jerzego-sampa-w-gdansku-17531,Gdańsk,POMORSKIE,49.97,130,571,True
2019,mathematics,69,019c23d9-4902-7358-8dc6-56f76bc75175,SZKOŁA PODSTAWOWA NR 46 W GDAŃSKU,gdansk/szkola-podstawowa/szkola-podstawowa-nr-46-w-gdansku-11134,Gdańsk,POMORSKIE,49.91,131,571,True
2019,mathematics,70,019c23d9-553e-73e4-9ace-31fd26aede63,SZKOŁA PODSTAWOWA NR 2 Z ODDZIAŁAMI SPORTOWYMI IM. ARMII KRAJOWEJ W GDAŃSKU,gdansk/szkola-podstawowa/szkola-podstawowa-nr-2-z-oddzialami-sportowymi-im-armii-krajowej-w-gdansku-11368,Gdańsk,POMORSKIE,49.74,135,571,True
2019,mathematics,71,019c23d9-eba2-7f0f-b37d-bc2daa935d0b,ZESPÓŁ SZKÓŁ OGÓLNOKSZTAŁCĄCYCH NR 8 W GDAŃSKU - SZKOŁA PODSTAWOWA NR 5 IM. JANA PAWŁA II,gdansk/szkola-podstawowa/zespol-szkol-ogolnoksztalcacych-nr-8-w-gdansku-szkola-podstawowa-nr-5-im-jana-pawla-ii-15126,Gdańsk,POMORSKIE,49.56,139,571,True
2019,mathematics,72,019c23d8-fd9e-761e-b612-0e8e151bc223,ZESPÓŁ SZKOLNO-PRZEDSZKOLNY NR 2 -SZKOŁA PODSTAWOWA NR 42 IM. IGNACEGO JANA PADEREWSKIEGO W GDAŃSKU,gdansk/szkola-podstawowa/zespol-szkolno-przedszkolny-nr-2-szkola-podstawowa-nr-42-im-ignacego-jana-paderewskiego-w-gdansku-9082,Gdańsk,POMORSKIE,48.66,147,571,True
2019,mathematics,73,019c23d8-e470-7b69-baa6-781b51f124ca,SZKOŁA PODSTAWOWA NR 12 IM. PRZYJACIÓŁ GDAŃSKA,gdansk/szkola-podstawowa/szkola-podstawowa-nr-12-im-przyjaciol-gdanska-8438,Gdańsk,POMORSKIE,48.07,151,571,True
2019,mathematics,74,019c23dd-35b0-701e-8d37-e6dba044228e,SZKOŁA PODSTAWOWA NR 40 IM. KPT. Ż. W. K. O. BORCHARDTA W GDYNI,gdynia/szkola-podstawowa/szkola-podstawowa-nr-40-im-kpt-z-w-k-o-borchardta-w-gdyni-42897,Gdynia,POMORSKIE,48.02,152,571,True
2019,mathematics,75,019c23e6-684b-7419-81fe-0a53b548460f,SZKOŁA PODSTAWOWA NR 43 IM. JANA KOCHANOWSKIEGO W GDAŃSKU,gdansk/szkola-podstawowa/szkola-podstawowa-nr-43-im-jana-kochanowskiego-w-gdansku-262207,Gdańsk,POMORSKIE,47.75,155,571,True
2019,mathematics,76,019c23d9-0619-720a-93a6-8edb2759c6b2,SZKOŁA PODSTAWOWA NR 14 IM. KS. GRZEGORZA PIRAMOWICZA W GDAŃSKU,gdansk/szkola-podstawowa/szkola-podstawowa-nr-14-im-ks-grzegorza-piramowicza-w-gdansku-9378,Gdańsk,POMORSKIE,47.06,163,571,True
2019,mathematics,77,019c23a3-75e9-7347-bd1d-1b2cbe30a2e8,SZKOŁA PODSTAWOWA NR 37 IM. OBROŃCÓW KĘPY OKSYWSKIEJ,gdynia/szkola-podstawowa/szkola-podstawowa-nr-37-im-obroncow-kepy-oksywskiej-4482,Gdynia,POMORSKIE,46.98,164,571,True
2019,mathematics,78,019c23e6-8234-7079-9edf-7a0a14cbe30e,NIEPUBLICZNA SZKOŁA PODSTAWOWA MISTRZOSTWA SPORTOWEGO GDAŃSKIEGO KLUBU SPORTOWEGO GEDANIA 1922,gdansk/szkola-podstawowa/niepubliczna-szkola-podstawowa-mistrzostwa-sportowego-gdanskiego-klubu-sportowego-gedania-1922-262911,Gdańsk,POMORSKIE,46.53,173,571,False
2019,mathematics,79,019c23c2-5021-765c-a5a1-10c9aa4aff6d,SZKOŁA PODSTAWOWA NR 29 IM. JERZEGO PUCKA W GDAŃSKU,gdansk/szkola-podstawowa/szkola-podstawowa-nr-29-im-jerzego-pucka-w-gdansku-5981,Gdańsk,POMORSKIE,46.52,174,571,True
2019,mathematics,80,019c23e5-2a6a-73ce-975e-592aeded4b87,SZKOŁA PODSTAWOWA AKADEMII DOBREJ EDUKACJI IM. MACIEJA PŁAŻYŃSKIEGO,gdansk/szkola-podstawowa/szkola-podstawowa-akademii-dobrej-edukacji-im-macieja-plazynskiego-126944,Gdańsk,POMORSKIE,46.11,184,571,False
2019,mathematics,81,019c23d9-345c-7ea2-b61b-48027c766a69,SZKOŁA PODSTAWOWA NR 35 Z ODDZIAŁAMI SPORTOWYMI IM. JANA PARANDOWSKIEGO W GDAŃSKU,gdansk/szkola-podstawowa/szkola-podstawowa-nr-35-z-oddzialami-sportowymi-im-jana-parandowskiego-w-gdansku-10561,Gdańsk,POMORSKIE,45.95,186,571,True
2019,mathematics,82,019c23da-5197-7e67-b2b5-1afa97f67aed,ZESPÓŁ SZKOLNO - PRZEDSZKOLNY NR 1 W GDAŃSKU - SZKOŁA PODSTAWOWA NR 76 IM. JAROSŁAWA DĄBROWSKIEGO,gdansk/szkola-podstawowa/zespol-szkolno-przedszkolny-nr-1-w-gdansku-szkola-podstawowa-nr-76-im-jaroslawa-dabrowskiego-17523,Gdańsk,POMORSKIE,45,197,571,True
2019,mathematics,83,019c23dc-d54f-79dc-8565-c0afa55f1254,ZESPÓŁ SZKOLNO-PRZEDSZKOLNY NR 9 - SZKOŁA PODSTAWOWA NR 7 IM.MJRA MIECZYSŁAWA SŁABEGO,gdansk/szkola-podstawowa/zespol-szkolno-przedszkolny-nr-9-szkola-podstawowa-nr-7-im-mjra-mieczyslawa-slabego-39056,Gdańsk,POMORSKIE,44.95,202,571,True
2019,mathematics,84,019c23da-16a7-7bae-bd8f-f15b4d7b4094,SZKOŁA PODSTAWOWA NR 58 IM. KAZIMIERZA SOŁTYSIKA W GDAŃSKU,gdansk/szkola-podstawowa/szkola-podstawowa-nr-58-im-kazimierza-soltysika-w-gdansku-16171,Gdańsk,POMORSKIE,44.68,204,571,True
2019,mathematics,85,019c23d8-a94f-7be1-9898-adc01a806e7d,SZKOŁA PODSTAWOWA NR 11 IM. BOHATERÓW ZAŁOGI ORP GROM,gdynia/szkola-podstawowa/szkola-podstawowa-nr-11-im-bohaterow-zalogi-orp-grom-6970,Gdynia,POMORSKIE,44.52,206,571,True
2019,mathematics,86,019c23d9-389c-7d45-a285-0c4572f7f969,SZKOŁA PODSTAWOWA NR 24 IM. GUSTAWA MORCINKA W GDAŃSKU,gdansk/szkola-podstawowa/szkola-podstawowa-nr-24-im-gustawa-morcinka-w-gdansku-10634,Gdańsk,POMORSKIE,44.48,207,571,True
2019,mathematics,87,019c23a3-70e8-7c0e-af43-3222d4fabbed,SZKOŁA PODSTAWOWA NR 21 IM. LUDZI MORZA I MARZEŃ W GDYNI,gdynia/szkola-podstawowa/szkola-podstawowa-nr-21-im-ludzi-morza-i-marzen-w-gdyni-4342,Gdynia,POMORSKIE,44.29,209,571,True
2019,mathematics,88,019c23d9-0ead-7630-9204-e6b92d9fecdb,SZKOŁA PODSTAWOWA NR 15 IM. DR URSZULI MROCZKIEWICZ W GDAŃSKU,gdansk/szkola-podstawowa/szkola-podstawowa-nr-15-im-dr-urszuli-mroczkiewicz-w-gdansku-9540,Gdańsk,POMORSKIE,43.47,220,571,True
2019,mathematics,89,019c23a3-6c42-73aa-8216-7415b651b210,SZKOŁA PODSTAWOWA NR 6 IM. ANTONIEGO ABRAHAMA,gdynia/szkola-podstawowa/szkola-podstawowa-nr-6-im-antoniego-abrahama-4254,Gdynia,POMORSKIE,43.36,222,571,True
2019,mathematics,90,019c23da-282c-7c40-8042-3e6d22bcad3e,SZKOŁA PODSTAWOWA NR 62 W GDAŃSKU,gdansk/szkola-podstawowa/szkola-podstawowa-nr-62-w-gdansku-16641,Gdańsk,POMORSKIE,42.92,229,571,True
2019,mathematics,91,019c23e6-3628-785b-a4dc-cc72df55f50b,ZESPÓŁ SZKÓŁ OGÓLNOKSZTAŁCĄCYCH NR 6 SZKOŁA PODSTAWOWA MISTRZOSTWA SPORTOWEGO NR 94 IM. HANZY W GDAŃSKU,gdansk/szkola-podstawowa/zespol-szkol-ogolnoksztalcacych-nr-6-szkola-podstawowa-mistrzostwa-sportowego-nr-94-im-hanzy-w-gdansku-133139,Gdańsk,POMORSKIE,42.41,242,571,True
2019,mathematics,92,019c23da-4cf4-7a92-9517-c95e57d65bf2,ZESPÓŁ SZKÓŁ OGÓLNOKSZTAŁCĄCYCH NR 10 IM. EUGENIUSZA KWIATKOWSKIEGO W GDAŃSKU - SZKOŁA PODSTAWOWA NR 18,gdansk/szkola-podstawowa/zespol-szkol-ogolnoksztalcacych-nr-10-im-eugeniusza-kwiatkowskiego-w-gdansku-szkola-podstawowa-nr-18-17430,Gdańsk,POMORSKIE,41.95,249,571,True
2019,mathematics,93,019c23d9-40b0-79b5-9655-7cab9095c18f,SZKOŁA PODSTAWOWA NR 20 W GDAŃSKU IM. KMDR PPOR. JANA GRUDZIŃSKIEGO,gdansk/szkola-podstawowa/szkola-podstawowa-nr-20-w-gdansku-im-kmdr-ppor-jana-grudzinskiego-10842,Gdańsk,POMORSKIE,41.49,261,571,True
2019,mathematics,94,019c23a3-6c25-78e2-83db-aa6e190a852b,SZKOŁA PODSTAWOWA NR 39 IM. KPT Ż. W. KAZIMIERZA JURKIEWICZA,gdynia/szkola-podstawowa/szkola-podstawowa-nr-39-im-kpt-z-w-kazimierza-jurkiewicza-4221,Gdynia,POMORSKIE,39.66,301,571,True
2019,mathematics,95,019c23e6-684c-7a8a-9df3-39367fc0f6da,SZKOŁA PODSTAWOWA NR 67 IM. KAPITANA ŻEGLUGI WIELKIEJ TADEUSZA ZIÓŁKOWSKIEGO,gdansk/szkola-podstawowa/szkola-podstawowa-nr-67-im-kapitana-zeglugi-wielkiej-tadeusza-ziolkowskiego-262208,Gdańsk,POMORSKIE,39.62,303,571,True
2019,mathematics,96,019c23da-2801-7317-a118-0261767bd083,ZESPÓŁ SZKOLNO-PRZEDSZKOLNY NR 11- SZKOŁA PODSTAWOWA NR 61 IM. JÓZEFA WYBICKIEGO W GDAŃSKU,gdansk/szkola-podstawowa/zespol-szkolno-przedszkolny-nr-11-szkola-podstawowa-nr-61-im-jozefa-wybickiego-w-gdansku-16564,Gdańsk,POMORSKIE,39.19,310,571,True
2019,mathematics,97,019c23d8-c2ba-7bcd-8948-9b3fcebc65ac,SZKOŁA PODSTAWOWA NR 44 IM. OBROŃCÓW WYBRZEŻA,gdynia/szkola-podstawowa/szkola-podstawowa-nr-44-im-obroncow-wybrzeza-7580,Gdynia,POMORSKIE,39,314,571,True
2019,mathematics,98,019c23da-2000-7339-9fe0-e64502f79156,SZKOŁA PODSTAWOWA NR 88 IM. DANIELA GABRIELA FAHRENHEITA W GDAŃSKU,gdansk/szkola-podstawowa/szkola-podstawowa-nr-88-im-daniela-gabriela-fahrenheita-w-gdansku-16374,Gdańsk,POMORSKIE,38.77,319,571,True
2019,mathematics,99,019c23da-47f8-70d9-9ef8-b86e471b170f,ZESPÓŁ SZKOLNO-PRZEDSZKOLNY NR 4 SZKOŁA PODSTAWOWA NR 11 IM. NA BURSZTYNOWYM SZLAKU W GDAŃSKU,gdansk/szkola-podstawowa/zespol-szkolno-przedszkolny-nr-4-szkola-podstawowa-nr-11-im-na-bursztynowym-szlaku-w-gdansku-17319,Gdańsk,POMORSKIE,38.61,322,571,True
2019,mathematics,100,019c23a3-6c55-7725-83c1-8f8655b3fd79,SZKOŁA PODSTAWOWA NR 35 IM. KPT. STANISŁAWA KOSKO,gdynia/szkola-podstawowa/szkola-podstawowa-nr-35-im-kpt-stanislawa-kosko-4284,Gdynia,POMORSKIE,38.15,329,571,True
2019,mathematics,101,019c23d9-4d0e-782d-8261-01f1fb99f1ce,SZKOŁA PODSTAWOWA NR 49 IM. KS. BRONISŁAWA KOMOROWSKIEGO W GDAŃSKU,gdansk/szkola-podstawowa/szkola-podstawowa-nr-49-im-ks-bronislawa-komorowskiego-w-gdansku-11179,Gdańsk,POMORSKIE,36.98,366,571,True
2019,mathematics,102,019c23d9-12c5-7174-806b-5519c4e30380,SZKOŁA PODSTAWOWA NR 56 IM. ANDRZEJA STRUGA W GDAŃSKU,gdansk/szkola-podstawowa/szkola-podstawowa-nr-56-im-andrzeja-struga-w-gdansku-9704,Gdańsk,POMORSKIE,36.73,374,571,True
2019,mathematics,103,019c23d8-fd9d-744e-9f82-5950635e30d5,SZKOŁA PODSTAWOWA NR 40 IM. KPT. LEONIDA TELIGI W GDAŃSKU,gdansk/szkola-podstawowa/szkola-podstawowa-nr-40-im-kpt-leonida-teligi-w-gdansku-9081,Gdańsk,POMORSKIE,36.67,375,571,True
2019,mathematics,104,019c23d8-b206-7f8a-bf08-fb2a039dbb74,SZKOŁA PODSTAWOWA NR 31 IM. SYNÓW PUŁKU,gdynia/szkola-podstawowa/szkola-podstawowa-nr-31-im-synow-pulku-7112,Gdynia,POMORSKIE,36.37,385,571,True
2019,mathematics,105,019c23da-0a47-79b7-8d48-cb89702169f5,SZKOŁA PODSTAWOWA NR 59 IM. I DYWIZJI PANCERNEJ GEN. STANISŁAWA MACZKA W GDAŃSKU,gdansk/szkola-podstawowa/szkola-podstawowa-nr-59-im-i-dywizji-pancernej-gen-stanislawa-maczka-w-gdansku-15831,Gdańsk,POMORSKIE,36.32,387,571,True
2019,mathematics,106,019c23da-431f-7c71-94e8-8342096d9b44,SZKOŁA PODSTAWOWA NR 4 IM. KRÓLA KAZIMIERZA JAGIELLOŃCZYKA W GDAŃSKU,gdansk/szkola-podstawowa/szkola-podstawowa-nr-4-im-krola-kazimierza-jagiellonczyka-w-gdansku-17192,Gdańsk,POMORSKIE,36.18,390,571,True
2019,mathematics,107,019c23d9-f4a4-71d1-8578-220dc18ef7eb,SZKOŁA PODSTAWOWA NR 60 W GDAŃSKU,gdansk/szkola-podstawowa/szkola-podstawowa-nr-60-w-gdansku-15253,Gdańsk,POMORSKIE,35.95,397,571,True
2019,mathematics,108,019c23dc-1811-7223-957c-286dc340975f,ZESPÓŁ KSZTAŁCENIA PODSTAWOWEGO I PRZEDSZKOLNEGO NR 1 W GDAŃSKU - SZKOŁA PODSTAWOWA NR 87,gdansk/szkola-podstawowa/zespol-ksztalcenia-podstawowego-i-przedszkolnego-nr-1-w-gdansku-szkola-podstawowa-nr-87-29329,Gdańsk,POMORSKIE,35.83,399,571,True
2019,mathematics,109,019c23d9-e794-7627-b7b8-61c1032c9f2c,SZKOŁA PODSTAWOWA NR 52 IM. TADEUSZA KOŚCIUSZKI W GDAŃSKU,gdansk/szkola-podstawowa/szkola-podstawowa-nr-52-im-tadeusza-kosciuszki-w-gdansku-15022,Gdańsk,POMORSKIE,35.81,401,571,True
2019,mathematics,110,019c23a3-70f8-75de-8860-8173575c4202,SZKOŁA PODSTAWOWA NR 33 IM. OBROŃCÓW KĘPY OKSYWSKIEJ,gdynia/szkola-podstawowa/szkola-podstawowa-nr-33-im-obroncow-kepy-oksywskiej-4369,Gdynia,POMORSKIE,34.59,420,571,True
2019,mathematics,111,019c23e0-d61a-7512-8943-90c776299544,GDAŃSKA SZKOŁA PODSTAWOWA,gdansk/szkola-podstawowa/gdanska-szkola-podstawowa-81749,Gdańsk,POMORSKIE,34.52,421,571,False
2019,mathematics,112,019c23d9-eba1-7f39-bab8-3a23a758f192,ZESPÓŁ SZKOLNO-PRZEDSZKOLNY NR 7 SZKOŁA PODSTAWOWA NR 55 IM. JANA HEWELIUSZA W GDAŃSKU,gdansk/szkola-podstawowa/zespol-szkolno-przedszkolny-nr-7-szkola-podstawowa-nr-55-im-jana-heweliusza-w-gdansku-15122,Gdańsk,POMORSKIE,33.97,430,571,True
2019,mathematics,113,019c23dc-b40a-798a-ba95-5692bb2959f6,SZKOŁA PODSTAWOWA NR 43 IM. WICEADMIRAŁA KAZIMIERZA PORĘBSKIEGO,gdynia/szkola-podstawowa/szkola-podstawowa-nr-43-im-wiceadmirala-kazimierza-porebskiego-35190,Gdynia,POMORSKIE,31.84,470,571,True
2019,mathematics,114,019c23d9-f91c-7724-b746-258e3d238951,SZKOŁA PODSTAWOWA NR 57 IM. GEN. WŁADYSŁAWA ANDERSA W GDAŃSKU,gdansk/szkola-podstawowa/szkola-podstawowa-nr-57-im-gen-wladyslawa-andersa-w-gdansku-15431,Gdańsk,POMORSKIE,31.74,473,571,True
2019,mathematics,115,019c23d9-2b49-7cd5-adb2-cca317fb715b,SZKOŁA PODSTAWOWA NR 16 IM. WŁADYSŁAWA BRONIEWSKIEGO W GDAŃSKU,gdansk/szkola-podstawowa/szkola-podstawowa-nr-16-im-wladyslawa-broniewskiego-w-gdansku-10294,Gdańsk,POMORSKIE,31.58,482,571,True
2019,mathematics,116,019c23da-ae03-724a-85aa-1dc846c7c42b,SZKOŁA PODSTAWOWA NR 65 IM. ALFA LICZMAŃSKIEGO W GDAŃSKU,gdansk/szkola-podstawowa/szkola-podstawowa-nr-65-im-alfa-liczmanskiego-w-gdansku-19820,Gdańsk,POMORSKIE,30.57,499,571,True
2019,mathematics,117,019c23a3-6c54-7172-91cf-67b2ea639da9,SZKOŁA PODSTAWOWA NR 29 IM. STEFANA ŻEROMSKIEGO,gdynia/szkola-podstawowa/szkola-podstawowa-nr-29-im-stefana-zeromskiego-4282,Gdynia,POMORSKIE,28.92,511,571,True
2019,mathematics,118,019c23a3-70b9-7839-89f4-5c8c3b97c69d,SZKOŁA PODSTAWOWA NR 10 IM. EUGENIUSZA KWIATKOWSKIEGO,gdynia/szkola-podstawowa/szkola-podstawowa-nr-10-im-eugeniusza-kwiatkowskiego-4300,Gdynia,POMORSKIE,27.22,536,571,True
2019,mathematics,119,019c23da-9c15-72ac-ab7f-c6b1a8a99cd9,SZKOŁA PODSTAWOWA NR 83 IM. ŻOŁNIERZY Z WESTERPLATTE W GDAŃSKU,gdansk/szkola-podstawowa/szkola-podstawowa-nr-83-im-zolnierzy-z-westerplatte-w-gdansku-19432,Gdańsk,POMORSKIE,26.52,539,571,True
2019,mathematics,120,019c23d9-1ebc-7f7f-8e28-6fd73a5690e0,SZKOŁA PODSTAWOWA NR 21 IM. KPT. Ż. W. OLGIERDA BORCHARDTA W GDAŃSKU,gdansk/szkola-podstawowa/szkola-podstawowa-nr-21-im-kpt-z-w-olgierda-borchardta-w-gdansku-10067,Gdańsk,POMORSKIE,25.56,545,571,True
2019,mathematics,121,019c23da-4cec-7562-b8d2-47abc21f2b67,SZKOŁA PODSTAWOWA NR 69 IM GENERAŁA STANISŁAWA SOSABOWSKIEGO W GDAŃSKU,gdansk/szkola-podstawowa/szkola-podstawowa-nr-69-im-generala-stanislawa-sosabowskiego-w-gdansku-17410,Gdańsk,POMORSKIE,21.8,556,571,True
2019,mathematics,122,019c23e6-684c-7a8a-9df3-3936816eaab3,ZESPÓŁ SZKOLNO-PRZEDSZKOLNY NR 3 SZKOŁA PODSTAWOWA NR 72 IM. OBROŃCÓW WESTERPLATTE W GDAŃSKU,gdansk/szkola-podstawowa/zespol-szkolno-przedszkolny-nr-3-szkola-podstawowa-nr-72-im-obroncow-westerplatte-w-gdansku-262209,Gdańsk,POMORSKIE,18.67,560,571,True
2019,mathematics,123,019c23dc-d556-7fff-be9c-9054842b9126,SZKOŁA PODSTAWOWA SPECJALNA NR 28,gdansk/szkola-podstawowa/szkola-podstawowa-specjalna-nr-28-39066,Gdańsk,POMORSKIE,17.58,562,571,True
2020,mathematics,1,019c23e1-616e-74f1-adca-e1dedbc7bfcc,GDAŃSKIE SZKOŁY AUTONOMICZNE GDAŃSKA AUTONOMICZNA SZKOŁA PODSTAWOWA,gdansk/szkola-podstawowa/gdanskie-szkoly-autonomiczne-gdanska-autonomiczna-szkola-podstawowa-85999,Gdańsk,POMORSKIE,91.6,1,573,False
2020,mathematics,2,019c23e1-7546-7a86-9791-e2c8d2fa541c,III SPOŁECZNA SZKOŁA PODSTAWOWA SPOŁECZNEGO TOWARZYSTWA OŚWIATOWEGO,gdansk/szkola-podstawowa/iii-spoleczna-szkola-podstawowa-spolecznego-towarzystwa-oswiatowego-86458,Gdańsk,POMORSKIE,89.43,2,573,False
2020,mathematics,3,019c23df-42af-7f75-a61d-e7cab4b0088e,"NIEPUBLICZNA SZKOŁA PODSTAWOWA ""SOKRATES""",gdansk/szkola-podstawowa/niepubliczna-szkola-podstawowa-sokrates-66309,Gdańsk,POMORSKIE,86.11,3,573,False
2020,mathematics,4,019c23e2-10a9-7973-9adf-79949fc7bf33,AMERYKAŃSKA SZKOŁA PODSTAWOWA Z WYKŁADOWYM JĘZYKIEM ANGIELSKIM,gdynia/szkola-podstawowa/amerykanska-szkola-podstawowa-z-wykladowym-jezykiem-angielskim-90298,Gdynia,POMORSKIE,85,4,573,False
2020,mathematics,5,019c23dd-3a9e-7e6f-80ef-4d360046bc2a,"PODSTAWOWA SZKOŁA SPOŁECZNA ""NIEDŹWIEDNIK""",gdansk/szkola-podstawowa/podstawowa-szkola-spoleczna-niedzwiednik-43412,Gdańsk,POMORSKIE,83.33,6,573,False
2020,mathematics,6,019c23e6-8743-7bcc-93e1-e404525427ad,KATOLICKA SZKOŁA PODSTAWOWA IM. ŚW. JANA PAWŁA II W GDYNI,gdynia/szkola-podstawowa/katolicka-szkola-podstawowa-im-sw-jana-pawla-ii-w-gdyni-263021,Gdynia,POMORSKIE,81.33,7,573,True
2020,mathematics,7,019c23e1-6b8c-747d-b86a-71d4163a5729,II SPOŁECZNA SZKOŁA PODSTAWOWA SPOŁECZNEGO TOWARZYSTWA OŚWIATOWEGO,gdansk/szkola-podstawowa/ii-spoleczna-szkola-podstawowa-spolecznego-towarzystwa-oswiatowego-86125,Gdańsk,POMORSKIE,78.12,10,573,False
2020,mathematics,8,019c23a3-7a25-7a48-9035-f6ee0586e79e,SZKOŁA PODSTAWOWA NR 18 IM. KORNELA MAKUSZYŃSKIEGO,gdynia/szkola-podstawowa/szkola-podstawowa-nr-18-im-kornela-makuszynskiego-4563,Gdynia,POMORSKIE,78.11,11,573,True
2020,mathematics,9,019c23e0-a250-77d3-9f40-51c0eb31bc45,NOWY ŚWIAT NIEPUBLICZNA SZKOŁA PODSTAWOWA,gdansk/szkola-podstawowa/nowy-swiat-niepubliczna-szkola-podstawowa-80448,Gdańsk,POMORSKIE,77.53,12,573,False
2020,mathematics,10,019c23e1-702a-7a7b-ac88-3904f32de525,KATOLICKA SZKOŁA PODSTAWOWA IM. ŚW. KAZIMIERZA W GDAŃSKU,gdansk/szkola-podstawowa/katolicka-szkola-podstawowa-im-sw-kazimierza-w-gdansku-86270,Gdańsk,POMORSKIE,77.3,13,573,False
2020,mathematics,11,019c23e1-6bad-7a57-91d1-e87f5608fb63,I SPOŁECZNA SZKOŁA PODSTAWOWA SPOŁECZNEGO TOWARZYSTWA OŚWIATOWEGO,gdansk/szkola-podstawowa/i-spoleczna-szkola-podstawowa-spolecznego-towarzystwa-oswiatowego-86148,Gdańsk,POMORSKIE,76.67,14,573,False
2020,mathematics,12,019c23df-0382-744f-9214-164cfe6ca861,KATOLICKA SZKOŁA PODSTAWOWA IM ŚW. RODZINY W GDYNI,gdynia/szkola-podstawowa/katolicka-szkola-podstawowa-im-sw-rodziny-w-gdyni-62306,Gdynia,POMORSKIE,73.82,16,573,True
2020,mathematics,13,019c23e1-7027-749c-bb81-1e9b35e222db,SZKOŁA PODSTAWOWA IM. ŚW. JANA DE LA SALLE,gdansk/szkola-podstawowa/szkola-podstawowa-im-sw-jana-de-la-salle-86264,Gdańsk,POMORSKIE,72.63,17,573,False
2020,mathematics,14,019c23dc-4f7e-7b00-893f-76a6c05182cb,"""FREGATA"" SZKOŁA PODSTAWOWA DLA CHŁOPCÓW",gdansk/szkola-podstawowa/fregata-szkola-podstawowa-dla-chlopcow-30613,Gdańsk,POMORSKIE,72.14,18,573,False
2020,mathematics,15,019c23e6-44e2-71ff-9942-036eed85be55,SZKOŁA PODSTAWOWA JEZUITÓW Z ODDZIAŁAMI DWUJĘZYCZNYMI IM. ŚW. STANISŁAWA KOSTKI W GDYNI,gdynia/szkola-podstawowa/szkola-podstawowa-jezuitow-z-oddzialami-dwujezycznymi-im-sw-stanislawa-kostki-w-gdyni-133486,Gdynia,POMORSKIE,71.81,20,573,False
2020,mathematics,16,019c23e6-8232-73bf-b6e1-7a35421bad2a,GDAŃSKA SZKOŁA PODSTAWOWA LINGWISTA IM. HYMNU NARODOWEGO,gdansk/szkola-podstawowa/gdanska-szkola-podstawowa-lingwista-im-hymnu-narodowego-262904,Gdańsk,POMORSKIE,71.79,21,573,False
2020,mathematics,17,019c23c2-5015-788a-b0d6-d50600a116f4,PIERWSZA SZKOŁA SPOŁECZNA PODSTAWOWA IM.DZIECI ZJEDNOCZONEJ EUROPY,gdynia/szkola-podstawowa/pierwsza-szkola-spoleczna-podstawowa-im-dzieci-zjednoczonej-europy-5959,Gdynia,POMORSKIE,71.67,22,573,False
2020,mathematics,18,019c23a3-638e-77f5-a650-11ec5780f3a1,SZKOŁA PODSTAWOWA NR 20 IM. 2 MORSKIEGO PUŁKU STRZELCÓW,gdynia/szkola-podstawowa/szkola-podstawowa-nr-20-im-2-morskiego-pulku-strzelcow-4053,Gdynia,POMORSKIE,70.12,23,573,True
2020,mathematics,19,019c23a3-75b0-7d7e-86dd-3343db3b43a5,SZKOŁA PODSTAWOWA NR 34 Z ODDZIAŁAMI INTEGRACYJNYMI IM. LEONIDA TELIGI,gdynia/szkola-podstawowa/szkola-podstawowa-nr-34-z-oddzialami-integracyjnymi-im-leonida-teligi-4419,Gdynia,POMORSKIE,69.63,24,573,True
2020,mathematics,20,019c23df-d124-73b5-88a5-48d994aa5d99,BRITISH INTERNATIONAL SCHOOL GDAŃSK - SZKOLA PODSTAWOWA,gdansk/szkola-podstawowa/british-international-school-gdansk-szkola-podstawowa-71958,Gdańsk,POMORSKIE,68.79,26,573,False
2020,mathematics,21,019c23e6-360d-759c-84e6-ceea1e717cdf,"PUBLICZNA SZKOŁA PODSTAWOWA ""OLIMPIJCZYK"" W GDAŃSKU Z ODDZIAŁAMI SPORTOWYMI",gdansk/szkola-podstawowa/publiczna-szkola-podstawowa-olimpijczyk-w-gdansku-z-oddzialami-sportowymi-133053,Gdańsk,POMORSKIE,68.64,27,573,True
2020,mathematics,22,019c23dd-003a-7b91-bef7-d4aa330ccd8f,PODSTAWOWA SZKOŁA GEDANENSIS,gdansk/szkola-podstawowa/podstawowa-szkola-gedanensis-41069,Gdańsk,POMORSKIE,66.85,33,573,False
2020,mathematics,23,019c23e6-684d-706a-997d-2aa66781268f,ZESPÓŁ SZKÓŁ OGÓLNOKSZTAŁCĄCYCH NR 2 SZKOŁA PODSTAWOWA NR 33 IM. STEFANA BANACHA W GDAŃSKU,gdansk/szkola-podstawowa/zespol-szkol-ogolnoksztalcacych-nr-2-szkola-podstawowa-nr-33-im-stefana-banacha-w-gdansku-262215,Gdańsk,POMORSKIE,66.1,35,573,True
2020,mathematics,24,019c23dc-0ac6-7b9c-beca-c8c521f0c7d0,NIEPUBLICZNA POLSKO-BRYTYJSKA SZKOŁA PODSTAWOWA NR 1,gdansk/szkola-podstawowa/niepubliczna-polsko-brytyjska-szkola-podstawowa-nr-1-28757,Gdańsk,POMORSKIE,64.85,37,573,False
2020,mathematics,25,019c23e4-0df5-72c8-8d0a-f60a60b1d6aa,FREGATA SZKOŁA PODSTAWOWA DLA DZIEWCZĄT,gdansk/szkola-podstawowa/fregata-szkola-podstawowa-dla-dziewczat-119762,Gdańsk,POMORSKIE,64.05,39,573,False
2020,mathematics,26,019c23d8-e47c-7508-876a-98d51336b614,SZKOŁA PODSTAWOWA NR 8 IM. OBROŃCÓW HELU,gdynia/szkola-podstawowa/szkola-podstawowa-nr-8-im-obroncow-helu-8469,Gdynia,POMORSKIE,63.8,41,573,True
2020,mathematics,27,019c23d9-4902-7358-8dc6-56f76bc75175,SZKOŁA PODSTAWOWA NR 46 W GDAŃSKU,gdansk/szkola-podstawowa/szkola-podstawowa-nr-46-w-gdansku-11134,Gdańsk,POMORSKIE,63.44,42,573,True
2020,mathematics,28,019c23df-42b0-741e-a372-78fd58048094,"GDAŃSKA SZKOŁA PODSTAWOWA ""LINGWISTA"" IM. ZJEDNOCZONEJ EUROPY",gdansk/szkola-podstawowa/gdanska-szkola-podstawowa-lingwista-im-zjednoczonej-europy-66313,Gdańsk,POMORSKIE,63.08,44,573,False
2020,mathematics,29,019c23d8-c6bd-799e-9b80-d85cac1026bb,SZKOŁA PODSTAWOWA NR 46,gdynia/szkola-podstawowa/szkola-podstawowa-nr-46-7669,Gdynia,POMORSKIE,62.75,45,573,True
2020,mathematics,30,019c23d9-eba1-7f39-bab8-3a23a9c4095f,SZKOŁA PODSTAWOWA NR 1 IM. MARIUSZA ZARUSKIEGO W GDAŃSKU,gdansk/szkola-podstawowa/szkola-podstawowa-nr-1-im-mariusza-zaruskiego-w-gdansku-15124,Gdańsk,POMORSKIE,62.31,47,573,True
2020,mathematics,31,019c23d9-2ff9-7558-b408-a671ea287fd4,SZKOŁA PODSTAWOWA NR 77 W GDAŃSKU,gdansk/szkola-podstawowa/szkola-podstawowa-nr-77-w-gdansku-10388,Gdańsk,POMORSKIE,62.04,49,573,True
2020,mathematics,32,019c23da-1b7c-792c-a0a7-e530093145c9,SZKOŁA PODSTAWOWA NR 19 IM. ZASŁUŻONYCH LUDZI MORZA W GDAŃSKU,gdansk/szkola-podstawowa/szkola-podstawowa-nr-19-im-zasluzonych-ludzi-morza-w-gdansku-16227,Gdańsk,POMORSKIE,61.4,50,573,True
2020,mathematics,33,019c23d9-2b63-75d2-adec-34a0b4117138,SZKOŁA PODSTAWOWA NR 47 IM. KASZUBSKIEJ BRYGADY WOP W GDAŃSKU,gdansk/szkola-podstawowa/szkola-podstawowa-nr-47-im-kaszubskiej-brygady-wop-w-gdansku-10347,Gdańsk,POMORSKIE,61.31,51,573,True
2020,mathematics,34,019c23d9-389c-7d45-a285-0c4572f7f969,SZKOŁA PODSTAWOWA NR 24 IM. GUSTAWA MORCINKA W GDAŃSKU,gdansk/szkola-podstawowa/szkola-podstawowa-nr-24-im-gustawa-morcinka-w-gdansku-10634,Gdańsk,POMORSKIE,60.61,52,573,True
2020,mathematics,35,019c23d8-c6c3-7bb7-8e43-445c8d4a0b6a,SZKOŁA PODSTAWOWA NR 27 IM. DZIECI ZJEDNOCZONEJ EUROPY W GDAŃSKU,gdansk/szkola-podstawowa/szkola-podstawowa-nr-27-im-dzieci-zjednoczonej-europy-w-gdansku-7678,Gdańsk,POMORSKIE,60.4,54,573,True
2020,mathematics,36,019c23d9-1e9b-77ef-b38a-df73b6885e86,GDAŃSKA SZKOŁA SZERMIERKI - SZKOŁA PODSTAWOWA NR 70 Z ODDZIAŁAMI SPORTOWYMI W GDAŃSKU,gdansk/szkola-podstawowa/gdanska-szkola-szermierki-szkola-podstawowa-nr-70-z-oddzialami-sportowymi-w-gdansku-9987,Gdańsk,POMORSKIE,60.23,56,573,True
2020,mathematics,37,019c23d9-0619-720a-93a6-8edb2759c6b2,SZKOŁA PODSTAWOWA NR 14 IM. KS. GRZEGORZA PIRAMOWICZA W GDAŃSKU,gdansk/szkola-podstawowa/szkola-podstawowa-nr-14-im-ks-grzegorza-piramowicza-w-gdansku-9378,Gdańsk,POMORSKIE,60.09,57,573,True
2020,mathematics,38,019c23da-4809-7922-8ead-161d0e3c157b,ZESPÓŁ SZKOLNO-PRZEDSZKOLNY NR 5 SZKOŁA PODSTAWOWA NR 92 IM. KARD. STEFANA WYSZYŃSKIEGO PRYMASA TYSIĄCLECIA W GDAŃSKU,gdansk/szkola-podstawowa/zespol-szkolno-przedszkolny-nr-5-szkola-podstawowa-nr-92-im-kard-stefana-wyszynskiego-prymasa-tysiaclecia-w-gdansku-17348,Gdańsk,POMORSKIE,59.48,58,573,True
2020,mathematics,39,019c23d8-cacd-7a17-93b6-39278ecb5275,SZKOŁA PODSTAWOWA NR 47 IM FRANCISZKI CEGIELSKIEJ,gdynia/szkola-podstawowa/szkola-podstawowa-nr-47-im-franciszki-cegielskiej-7747,Gdynia,POMORSKIE,59.44,59,573,True
2020,mathematics,40,019c23e4-353d-7512-9435-8d4aefd8c29a,CHRZEŚCIJAŃSKA SZKOŁA MONTESSORI,gdansk/szkola-podstawowa/chrzescijanska-szkola-montessori-120645,Gdańsk,POMORSKIE,59.37,61,573,False
2020,mathematics,41,019c23d9-5991-7ce9-bb1e-4e647aaddc8a,SZKOŁA PODSTAWOWA NR 48 IM. PROFESORA KAZIMIERZA DEMELA,gdynia/szkola-podstawowa/szkola-podstawowa-nr-48-im-profesora-kazimierza-demela-11470,Gdynia,POMORSKIE,59.24,62,573,True
2020,mathematics,42,019c23d9-3461-76c2-9659-24047f985f67,SZKOŁA PODSTAWOWA NR 89 IM. TADEUSZA MAZOWIECKIEGO W GDAŃSKU,gdansk/szkola-podstawowa/szkola-podstawowa-nr-89-im-tadeusza-mazowieckiego-w-gdansku-10576,Gdańsk,POMORSKIE,58.6,63,573,True
2020,mathematics,43,019c23e6-6335-7afe-bf27-af1cd30a158a,SZKOŁA PODSTAWOWA NR 51 W GDYNI,gdynia/szkola-podstawowa/szkola-podstawowa-nr-51-w-gdyni-196334,Gdynia,POMORSKIE,58.33,64,573,True
2020,mathematics,44,019c23dc-d559-74be-95fd-718e8de6e0c7,SZKOŁA PODSTAWOWA NR 48 IM. GEN. JÓZEFA HALLERA W GDAŃSKU,gdansk/szkola-podstawowa/szkola-podstawowa-nr-48-im-gen-jozefa-hallera-w-gdansku-39070,Gdańsk,POMORSKIE,57.92,67,573,True
2020,mathematics,45,019c23d9-da46-7c1b-9c39-986de2e79ab4,SZKOŁA PODSTAWOWA NR 50 IM. E.PLATER W GDAŃSKU,gdansk/szkola-podstawowa/szkola-podstawowa-nr-50-im-e-plater-w-gdansku-14699,Gdańsk,POMORSKIE,57.78,69,573,True
2020,mathematics,46,019c23d8-c2ba-7bcd-8948-9b3fcebc65ac,SZKOŁA PODSTAWOWA NR 44 IM. OBROŃCÓW WYBRZEŻA,gdynia/szkola-podstawowa/szkola-podstawowa-nr-44-im-obroncow-wybrzeza-7580,Gdynia,POMORSKIE,57.04,72,573,True
2020,mathematics,47,019c23da-df6d-70fb-a550-320356e362db,SZKOŁA PODSTAWOWA NR 81 W GDAŃSKU IM. PROF. MICHAŁA SIEDLECKIEGO,gdansk/szkola-podstawowa/szkola-podstawowa-nr-81-w-gdansku-im-prof-michala-siedleckiego-21025,Gdańsk,POMORSKIE,56.99,73,573,True
2020,mathematics,48,019c23e4-b360-786c-ac20-381ed98490bd,POZYTYWNA SZKOŁA PODSTAWOWA IM. ARKADIUSZA ARAMA RYBICKIEGO W GDAŃSKU,gdansk/szkola-podstawowa/pozytywna-szkola-podstawowa-im-arkadiusza-arama-rybickiego-w-gdansku-124084,Gdańsk,POMORSKIE,56.67,78,573,True
2020,mathematics,49,019c23a3-7a00-7af2-af5c-a2ea233a5be0,SZKOŁA PODSTAWOWA NR 28 IM. LOTNIKÓW POLSKICH,gdynia/szkola-podstawowa/szkola-podstawowa-nr-28-im-lotnikow-polskich-4529,Gdynia,POMORSKIE,56.44,83,573,True
2020,mathematics,50,019c23e6-822b-71e3-aeb7-37bd77f77703,NIEPUBLICZNA SZKOŁA PODSTAWOWA THINKING ZONE W GDAŃSKU,gdansk/szkola-podstawowa/niepubliczna-szkola-podstawowa-thinking-zone-w-gdansku-262876,Gdańsk,POMORSKIE,56.41,84,573,False
2020,mathematics,51,019c23d9-22dc-76f3-9e2a-664f7586c774,SZKOŁA PODSTAWOWA NR 45 IM. BOHATERÓW WESTERPLATTE W GDAŃSKU,gdansk/szkola-podstawowa/szkola-podstawowa-nr-45-im-bohaterow-westerplatte-w-gdansku-10166,Gdańsk,POMORSKIE,56.39,85,573,True
2020,mathematics,52,019c23da-3e61-71e4-b691-c712f00f4e4e,SZKOŁA PODSTAWOWA NR 38 IM. GEN. STANISŁAWA MACZKA W GDAŃSKU,gdansk/szkola-podstawowa/szkola-podstawowa-nr-38-im-gen-stanislawa-maczka-w-gdansku-17066,Gdańsk,POMORSKIE,56.05,89,573,True
2020,mathematics,53,019c23da-ce21-7983-91bc-81d75501e8ec,SZKOŁA PODSTAWOWA NR 84 IM. JANA BRZECHWY W GDAŃSKU,gdansk/szkola-podstawowa/szkola-podstawowa-nr-84-im-jana-brzechwy-w-gdansku-20599,Gdańsk,POMORSKIE,55.94,90,573,True
2020,mathematics,54,019c23d8-a94f-7be1-9898-adc01a806e7d,SZKOŁA PODSTAWOWA NR 11 IM. BOHATERÓW ZAŁOGI ORP GROM,gdynia/szkola-podstawowa/szkola-podstawowa-nr-11-im-bohaterow-zalogi-orp-grom-6970,Gdynia,POMORSKIE,55.83,91,573,True
2020,mathematics,55,019c23d9-0ead-7630-9204-e6b92d9fecdb,SZKOŁA PODSTAWOWA NR 15 IM. DR URSZULI MROCZKIEWICZ W GDAŃSKU,gdansk/szkola-podstawowa/szkola-podstawowa-nr-15-im-dr-urszuli-mroczkiewicz-w-gdansku-9540,Gdańsk,POMORSKIE,55.56,92,573,True
2020,mathematics,56,019c23e2-287c-7ccd-8fc1-96afe989471e,GDYŃSKA SZKOŁA SPOŁECZNA,gdynia/szkola-podstawowa/gdynska-szkola-spoleczna-90963,Gdynia,POMORSKIE,55.56,92,573,False
2020,mathematics,57,019c23d8-a52a-7a3a-8268-ef536be69d0e,SZKOŁA PODSTAWOWA NR 12,gdynia/szkola-podstawowa/szkola-podstawowa-nr-12-6850,Gdynia,POMORSKIE,55.42,94,573,True
2020,mathematics,58,019c23d9-40aa-7f43-9c99-6ba57bfa4d05,"PRYWATNA SZKOŁA PODSTAWOWA ""LIBER""",gdynia/szkola-podstawowa/prywatna-szkola-podstawowa-liber-10829,Gdynia,POMORSKIE,55.15,95,573,False
2020,mathematics,59,019c23d9-0a68-79f6-a021-c13fdb35a980,SZKOŁA PODSTAWOWA NR 44 IM. ADAMA MICKIEWICZA W GDAŃSKU,gdansk/szkola-podstawowa/szkola-podstawowa-nr-44-im-adama-mickiewicza-w-gdansku-9480,Gdańsk,POMORSKIE,55,96,573,True
2020,mathematics,60,019c23a3-70e8-7c0e-af43-3222d4fabbed,SZKOŁA PODSTAWOWA NR 21 IM. LUDZI MORZA I MARZEŃ W GDYNI,gdynia/szkola-podstawowa/szkola-podstawowa-nr-21-im-ludzi-morza-i-marzen-w-gdyni-4342,Gdynia,POMORSKIE,55,96,573,True
2020,mathematics,61,019c23da-c063-757a-ada4-fa8901bb4825,SZKOŁA PODSTAWOWA NR 85 IM. ZRZESZENIA KASZUBSKO-POMORSKIEGO W GDAŃSKU,gdansk/szkola-podstawowa/szkola-podstawowa-nr-85-im-zrzeszenia-kaszubsko-pomorskiego-w-gdansku-20267,Gdańsk,POMORSKIE,54.93,99,573,True
2020,mathematics,62,019c23a3-70d7-774d-af73-159690741af8,SZKOŁA PODSTAWOWA NR 16 IM. ORŁA BIAŁEGO,gdynia/szkola-podstawowa/szkola-podstawowa-nr-16-im-orla-bialego-4324,Gdynia,POMORSKIE,54.63,102,573,True
2020,mathematics,63,019c23d8-a4ff-73a3-b479-b9299e17310f,SZKOŁA PODSTAWOWA NR 42 IM. KRÓLOWEJ JADWIGI,gdynia/szkola-podstawowa/szkola-podstawowa-nr-42-im-krolowej-jadwigi-6783,Gdynia,POMORSKIE,54.41,108,573,True
2020,mathematics,64,019c23d8-ecbd-7091-915f-8b6001e8b49b,ZESPÓŁ SZKOLNO-PRZEDSZKOLNY NR 10 - SZKOŁA PODSTAWOWA NR 80 IM. BUDOWNICZYCH PORTU PÓŁNOCNEGO W GDAŃSKU,gdansk/szkola-podstawowa/zespol-szkolno-przedszkolny-nr-10-szkola-podstawowa-nr-80-im-budowniczych-portu-polnocnego-w-gdansku-8641,Gdańsk,POMORSKIE,54.19,110,573,True
2020,mathematics,65,019c23d9-3446-7a8e-ab24-a3631d3f5f55,SZKOŁA PODSTAWOWA NR 17 IM. HETMANA STEFANA CZARNIECKIEGO W GDAŃSKU,gdansk/szkola-podstawowa/szkola-podstawowa-nr-17-im-hetmana-stefana-czarnieckiego-w-gdansku-10509,Gdańsk,POMORSKIE,53.9,113,573,True
2020,mathematics,66,019c23da-e3d0-7afd-9493-64c60b0c3411,SPORTOWA SZKOŁA PODSTAWOWA NR 14 IM. JÓZEFA WYBICKIEGO,gdynia/szkola-podstawowa/sportowa-szkola-podstawowa-nr-14-im-jozefa-wybickiego-21126,Gdynia,POMORSKIE,53.66,114,573,True
2020,mathematics,67,019c23e6-684d-706a-997d-2aa666099a4c,ZESPÓŁ SZKÓŁ OGÓLNOKSZTAŁCĄCYCH NR 7 SZKOŁA PODSTAWOWA NR 3 IM. JANA PAWŁA II W GDAŃSKU,gdansk/szkola-podstawowa/zespol-szkol-ogolnoksztalcacych-nr-7-szkola-podstawowa-nr-3-im-jana-pawla-ii-w-gdansku-262214,Gdańsk,POMORSKIE,53.1,118,573,True
2020,mathematics,68,019c23a3-70d2-7755-a470-e426e5a2be3f,SZKOŁA PODSTAWOWA NR 26 IM. ŻOŁNIERZY ARMII KRAJOWEJ,gdynia/szkola-podstawowa/szkola-podstawowa-nr-26-im-zolnierzy-armii-krajowej-4319,Gdynia,POMORSKIE,52.99,119,573,True
2020,mathematics,69,019c23a3-75e9-7347-bd1d-1b2cbe30a2e8,SZKOŁA PODSTAWOWA NR 37 IM. OBROŃCÓW KĘPY OKSYWSKIEJ,gdynia/szkola-podstawowa/szkola-podstawowa-nr-37-im-obroncow-kepy-oksywskiej-4482,Gdynia,POMORSKIE,52.89,120,573,True
2020,mathematics,70,019c23d8-e470-7b69-baa6-781b51f124ca,SZKOŁA PODSTAWOWA NR 12 IM. PRZYJACIÓŁ GDAŃSKA,gdansk/szkola-podstawowa/szkola-podstawowa-nr-12-im-przyjaciol-gdanska-8438,Gdańsk,POMORSKIE,52.38,123,573,True
2020,mathematics,71,019c23e6-8234-7079-9edf-7a0a14cbe30e,NIEPUBLICZNA SZKOŁA PODSTAWOWA MISTRZOSTWA SPORTOWEGO GDAŃSKIEGO KLUBU SPORTOWEGO GEDANIA 1922,gdansk/szkola-podstawowa/niepubliczna-szkola-podstawowa-mistrzostwa-sportowego-gdanskiego-klubu-sportowego-gedania-1922-262911,Gdańsk,POMORSKIE,52.22,126,573,False
2020,mathematics,72,019c23d8-d727-7bf3-b3fe-24b3ada1fc95,ZESPÓŁ SZKOLNO-PRZEDSZKOLNY NR 8 SZKOŁA PODSTAWOWA NR 8 W GDAŃSKU IM. PRZYJACIÓŁ ZIEMI,gdansk/szkola-podstawowa/zespol-szkolno-przedszkolny-nr-8-szkola-podstawowa-nr-8-w-gdansku-im-przyjaciol-ziemi-8060,Gdańsk,POMORSKIE,51.76,130,573,True
2020,mathematics,73,019c23e6-051e-7701-88cc-d1057025f38f,MORSKA SZKOŁA PODSTAWOWA IM. ALEKSANDRA DOBY W GDAŃSKU,gdansk/szkola-podstawowa/morska-szkola-podstawowa-im-aleksandra-doby-w-gdansku-131786,Gdańsk,POMORSKIE,51.61,132,573,True
2020,mathematics,74,019c23d9-eba2-7f0f-b37d-bc2daa935d0b,ZESPÓŁ SZKÓŁ OGÓLNOKSZTAŁCĄCYCH NR 8 W GDAŃSKU - SZKOŁA PODSTAWOWA NR 5 IM. JANA PAWŁA II,gdansk/szkola-podstawowa/zespol-szkol-ogolnoksztalcacych-nr-8-w-gdansku-szkola-podstawowa-nr-5-im-jana-pawla-ii-15126,Gdańsk,POMORSKIE,51.46,135,573,True
2020,mathematics,75,019c23d8-e07a-727a-8b07-778131cb9584,SZKOŁA PODSTAWOWA NR 23 IM.DZIECI ŚWIATA W GDAŃSKU,gdansk/szkola-podstawowa/szkola-podstawowa-nr-23-im-dzieci-swiata-w-gdansku-8315,Gdańsk,POMORSKIE,51.32,136,573,True
2020,mathematics,76,019c23d9-553e-73e4-9ace-31fd26aede63,SZKOŁA PODSTAWOWA NR 2 Z ODDZIAŁAMI SPORTOWYMI IM. ARMII KRAJOWEJ W GDAŃSKU,gdansk/szkola-podstawowa/szkola-podstawowa-nr-2-z-oddzialami-sportowymi-im-armii-krajowej-w-gdansku-11368,Gdańsk,POMORSKIE,50.77,141,573,True
2020,mathematics,77,019c23d8-e07d-76cb-9b5e-85b1a751670d,SZKOŁA PODSTAWOWA NR 79 W GDAŃSKU,gdansk/szkola-podstawowa/szkola-podstawowa-nr-79-w-gdansku-8320,Gdańsk,POMORSKIE,50.34,143,573,True
2020,mathematics,78,019c23d8-fd9e-761e-b612-0e8e151bc223,ZESPÓŁ SZKOLNO-PRZEDSZKOLNY NR 2 -SZKOŁA PODSTAWOWA NR 42 IM. IGNACEGO JANA PADEREWSKIEGO W GDAŃSKU,gdansk/szkola-podstawowa/zespol-szkolno-przedszkolny-nr-2-szkola-podstawowa-nr-42-im-ignacego-jana-paderewskiego-w-gdansku-9082,Gdańsk,POMORSKIE,50.12,149,573,True
2020,mathematics,79,019c23dd-35b0-701e-8d37-e6dba044228e,SZKOŁA PODSTAWOWA NR 40 IM. KPT. Ż. W. K. O. BORCHARDTA W GDYNI,gdynia/szkola-podstawowa/szkola-podstawowa-nr-40-im-kpt-z-w-k-o-borchardta-w-gdyni-42897,Gdynia,POMORSKIE,49.97,151,573,True
2020,mathematics,80,019c23da-5197-7e67-b2b5-1afa97f67aed,ZESPÓŁ SZKOLNO - PRZEDSZKOLNY NR 1 W GDAŃSKU - SZKOŁA PODSTAWOWA NR 76 IM. JAROSŁAWA DĄBROWSKIEGO,gdansk/szkola-podstawowa/zespol-szkolno-przedszkolny-nr-1-w-gdansku-szkola-podstawowa-nr-76-im-jaroslawa-dabrowskiego-17523,Gdańsk,POMORSKIE,49.68,155,573,True
2020,mathematics,81,019c23c2-3f92-75cb-905d-13b1f3eabd7d,SZKOŁA PODSTAWOWA NR 13 IM. LUCJANA CYLKOWSKIEGO,gdynia/szkola-podstawowa/szkola-podstawowa-nr-13-im-lucjana-cylkowskiego-5534,Gdynia,POMORSKIE,48.52,173,573,True
2020,mathematics,82,019c23a3-6c54-7172-91cf-67b2ea639da9,SZKOŁA PODSTAWOWA NR 29 IM. STEFANA ŻEROMSKIEGO,gdynia/szkola-podstawowa/szkola-podstawowa-nr-29-im-stefana-zeromskiego-4282,Gdynia,POMORSKIE,48.4,177,573,True
2020,mathematics,83,019c23dc-d54f-79dc-8565-c0afa55f1254,ZESPÓŁ SZKOLNO-PRZEDSZKOLNY NR 9 - SZKOŁA PODSTAWOWA NR 7 IM.MJRA MIECZYSŁAWA SŁABEGO,gdansk/szkola-podstawowa/zespol-szkolno-przedszkolny-nr-9-szkola-podstawowa-nr-7-im-mjra-mieczyslawa-slabego-39056,Gdańsk,POMORSKIE,47.86,185,573,True
2020,mathematics,84,019c23d9-0ec4-7c18-aff6-30bef43c1c8a,SZKOŁA PODSTAWOWA NR 39 IM. WOJSKA POLSKIEGO W GDAŃSKU,gdansk/szkola-podstawowa/szkola-podstawowa-nr-39-im-wojska-polskiego-w-gdansku-9587,Gdańsk,POMORSKIE,47.62,189,573,True
2020,mathematics,85,019c23da-6f03-7a2c-aca0-ea29a1b765a7,ZESPÓŁ SZKÓŁ SPORTOWYCH I MISTRZOSTWA SPORTOWEGO IM. JANUSZA KUSOCIŃSKIEGO SPORTOWA SZKOŁA PODSTAWOWA NR 75 Z ODDZIAŁAMI MISTRZOSTWA SPORTOWEGO IM. JANUSZA KUSOCIŃSKIEGO W GDAŃSKU,gdansk/szkola-podstawowa/zespol-szkol-sportowych-i-mistrzostwa-sportowego-im-janusza-kusocinskiego-sportowa-szkola-podstawowa-nr-75-z-oddzialami-mistrzostwa-sportowego-im-janusza-kusocinskiego-w-gdansku-18269,Gdańsk,POMORSKIE,47.3,192,573,True
2020,mathematics,86,019c23d9-e794-7627-b7b8-61c1032c9f2c,SZKOŁA PODSTAWOWA NR 52 IM. TADEUSZA KOŚCIUSZKI W GDAŃSKU,gdansk/szkola-podstawowa/szkola-podstawowa-nr-52-im-tadeusza-kosciuszki-w-gdansku-15022,Gdańsk,POMORSKIE,47.27,193,573,True
2020,mathematics,87,019c23da-519a-7c2e-8060-0ebab795da65,SZKOŁA PODSTAWOWA NR 86 IM. PROF. JERZEGO SAMPA W GDAŃSKU,gdansk/szkola-podstawowa/szkola-podstawowa-nr-86-im-prof-jerzego-sampa-w-gdansku-17531,Gdańsk,POMORSKIE,47.16,194,573,True
2020,mathematics,88,019c23c2-5021-765c-a5a1-10c9aa4aff6d,SZKOŁA PODSTAWOWA NR 29 IM. JERZEGO PUCKA W GDAŃSKU,gdansk/szkola-podstawowa/szkola-podstawowa-nr-29-im-jerzego-pucka-w-gdansku-5981,Gdańsk,POMORSKIE,46.92,200,573,True
2020,mathematics,89,019c23a3-70f8-75de-8860-8173575c4202,SZKOŁA PODSTAWOWA NR 33 IM. OBROŃCÓW KĘPY OKSYWSKIEJ,gdynia/szkola-podstawowa/szkola-podstawowa-nr-33-im-obroncow-kepy-oksywskiej-4369,Gdynia,POMORSKIE,46.77,201,573,True
2020,mathematics,90,019c23d9-eba5-7de0-b876-e70dfbffee51,SZKOŁA PODSTAWOWA NR 82 IM. PROF. JANA CZOCHRALSKIEGO W GDAŃSKU,gdansk/szkola-podstawowa/szkola-podstawowa-nr-82-im-prof-jana-czochralskiego-w-gdansku-15135,Gdańsk,POMORSKIE,46.15,207,573,True
2020,mathematics,91,019c23a3-6c25-78e2-83db-aa6e190a852b,SZKOŁA PODSTAWOWA NR 39 IM. KPT Ż. W. KAZIMIERZA JURKIEWICZA,gdynia/szkola-podstawowa/szkola-podstawowa-nr-39-im-kpt-z-w-kazimierza-jurkiewicza-4221,Gdynia,POMORSKIE,45.57,218,573,True
2020,mathematics,92,019c23d9-345c-7ea2-b61b-48027c766a69,SZKOŁA PODSTAWOWA NR 35 Z ODDZIAŁAMI SPORTOWYMI IM. JANA PARANDOWSKIEGO W GDAŃSKU,gdansk/szkola-podstawowa/szkola-podstawowa-nr-35-z-oddzialami-sportowymi-im-jana-parandowskiego-w-gdansku-10561,Gdańsk,POMORSKIE,45.5,219,573,True
2020,mathematics,93,019c23dc-1811-7223-957c-286dc340975f,ZESPÓŁ KSZTAŁCENIA PODSTAWOWEGO I PRZEDSZKOLNEGO NR 1 W GDAŃSKU - SZKOŁA PODSTAWOWA NR 87,gdansk/szkola-podstawowa/zespol-ksztalcenia-podstawowego-i-przedszkolnego-nr-1-w-gdansku-szkola-podstawowa-nr-87-29329,Gdańsk,POMORSKIE,45.33,223,573,True
2020,mathematics,94,019c23da-47f8-70d9-9ef8-b86e471b170f,ZESPÓŁ SZKOLNO-PRZEDSZKOLNY NR 4 SZKOŁA PODSTAWOWA NR 11 IM. NA BURSZTYNOWYM SZLAKU W GDAŃSKU,gdansk/szkola-podstawowa/zespol-szkolno-przedszkolny-nr-4-szkola-podstawowa-nr-11-im-na-bursztynowym-szlaku-w-gdansku-17319,Gdańsk,POMORSKIE,44.9,233,573,True
2020,mathematics,95,019c23d9-40b0-79b5-9655-7cab9095c18f,SZKOŁA PODSTAWOWA NR 20 W GDAŃSKU IM. KMDR PPOR. JANA GRUDZIŃSKIEGO,gdansk/szkola-podstawowa/szkola-podstawowa-nr-20-w-gdansku-im-kmdr-ppor-jana-grudzinskiego-10842,Gdańsk,POMORSKIE,43.85,252,573,True
2020,mathematics,96,019c23a3-70c6-7bb5-a755-019f996cf421,SZKOŁA PODSTAWOWA NR 17 IM. WICEADM. JÓZEFA UNRUGA,gdynia/szkola-podstawowa/szkola-podstawowa-nr-17-im-wiceadm-jozefa-unruga-4307,Gdynia,POMORSKIE,43.56,258,573,True
2020,mathematics,97,019c23a3-6c42-73aa-8216-7415b651b210,SZKOŁA PODSTAWOWA NR 6 IM. ANTONIEGO ABRAHAMA,gdynia/szkola-podstawowa/szkola-podstawowa-nr-6-im-antoniego-abrahama-4254,Gdynia,POMORSKIE,42.85,281,573,True
2020,mathematics,98,019c23da-16a7-7bae-bd8f-f15b4d7b4094,SZKOŁA PODSTAWOWA NR 58 IM. KAZIMIERZA SOŁTYSIKA W GDAŃSKU,gdansk/szkola-podstawowa/szkola-podstawowa-nr-58-im-kazimierza-soltysika-w-gdansku-16171,Gdańsk,POMORSKIE,42.33,293,573,True
2020,mathematics,99,019c23a3-6c51-7e63-8e84-358314c7f2f7,SZKOŁA PODSTAWOWA NR 23,gdynia/szkola-podstawowa/szkola-podstawowa-nr-23-4277,Gdynia,POMORSKIE,42.33,293,573,True
2020,mathematics,100,019c23e0-d61a-7512-8943-90c776299544,GDAŃSKA SZKOŁA PODSTAWOWA,gdansk/szkola-podstawowa/gdanska-szkola-podstawowa-81749,Gdańsk,POMORSKIE,41.94,303,573,False
2020,mathematics,101,019c23e6-684c-7a8a-9df3-39367fc0f6da,SZKOŁA PODSTAWOWA NR 67 IM. KAPITANA ŻEGLUGI WIELKIEJ TADEUSZA ZIÓŁKOWSKIEGO,gdansk/szkola-podstawowa/szkola-podstawowa-nr-67-im-kapitana-zeglugi-wielkiej-tadeusza-ziolkowskiego-262208,Gdańsk,POMORSKIE,41.56,310,573,True
2020,mathematics,102,019c23da-431f-7c71-94e8-8342096d9b44,SZKOŁA PODSTAWOWA NR 4 IM. KRÓLA KAZIMIERZA JAGIELLOŃCZYKA W GDAŃSKU,gdansk/szkola-podstawowa/szkola-podstawowa-nr-4-im-krola-kazimierza-jagiellonczyka-w-gdansku-17192,Gdańsk,POMORSKIE,41.03,317,573,True
2020,mathematics,103,019c23da-4cf4-7a92-9517-c95e57d65bf2,ZESPÓŁ SZKÓŁ OGÓLNOKSZTAŁCĄCYCH NR 10 IM. EUGENIUSZA KWIATKOWSKIEGO W GDAŃSKU - SZKOŁA PODSTAWOWA NR 18,gdansk/szkola-podstawowa/zespol-szkol-ogolnoksztalcacych-nr-10-im-eugeniusza-kwiatkowskiego-w-gdansku-szkola-podstawowa-nr-18-17430,Gdańsk,POMORSKIE,40.37,334,573,True
2020,mathematics,104,019c23a3-6c55-7725-83c1-8f8655b3fd79,SZKOŁA PODSTAWOWA NR 35 IM. KPT. STANISŁAWA KOSKO,gdynia/szkola-podstawowa/szkola-podstawowa-nr-35-im-kpt-stanislawa-kosko-4284,Gdynia,POMORSKIE,40.31,336,573,True
2020,mathematics,105,019c23d8-b206-7f8a-bf08-fb2a039dbb74,SZKOŁA PODSTAWOWA NR 31 IM. SYNÓW PUŁKU,gdynia/szkola-podstawowa/szkola-podstawowa-nr-31-im-synow-pulku-7112,Gdynia,POMORSKIE,39.64,343,573,True
2020,mathematics,106,019c23e7-2804-7c8c-82a9-e0fdb5ab5be2,ZESPÓŁ SZKOLNO-PRZEDSZKOLNY NR 6 SZKOŁA PODSTAWOWA NR 6 W GDAŃSKU,gdansk/szkola-podstawowa/zespol-szkolno-przedszkolny-nr-6-szkola-podstawowa-nr-6-w-gdansku-270564,Gdańsk,POMORSKIE,39.17,349,573,True
2020,mathematics,107,019c23a3-70b9-7839-89f4-5c8c3b97c69d,SZKOŁA PODSTAWOWA NR 10 IM. EUGENIUSZA KWIATKOWSKIEGO,gdynia/szkola-podstawowa/szkola-podstawowa-nr-10-im-eugeniusza-kwiatkowskiego-4300,Gdynia,POMORSKIE,38.85,360,573,True
2020,mathematics,108,019c23d9-12c5-7174-806b-5519c4e30380,SZKOŁA PODSTAWOWA NR 56 IM. ANDRZEJA STRUGA W GDAŃSKU,gdansk/szkola-podstawowa/szkola-podstawowa-nr-56-im-andrzeja-struga-w-gdansku-9704,Gdańsk,POMORSKIE,38.33,371,573,True
2020,mathematics,109,019c23da-2000-7339-9fe0-e64502f79156,SZKOŁA PODSTAWOWA NR 88 IM. DANIELA GABRIELA FAHRENHEITA W GDAŃSKU,gdansk/szkola-podstawowa/szkola-podstawowa-nr-88-im-daniela-gabriela-fahrenheita-w-gdansku-16374,Gdańsk,POMORSKIE,38.04,381,573,True
2020,mathematics,110,019c23d9-f91c-7724-b746-258e3d238951,SZKOŁA PODSTAWOWA NR 57 IM. GEN. WŁADYSŁAWA ANDERSA W GDAŃSKU,gdansk/szkola-podstawowa/szkola-podstawowa-nr-57-im-gen-wladyslawa-andersa-w-gdansku-15431,Gdańsk,POMORSKIE,37.56,392,573,True
2020,mathematics,111,019c23d8-fd9d-744e-9f82-5950635e30d5,SZKOŁA PODSTAWOWA NR 40 IM. KPT. LEONIDA TELIGI W GDAŃSKU,gdansk/szkola-podstawowa/szkola-podstawowa-nr-40-im-kpt-leonida-teligi-w-gdansku-9081,Gdańsk,POMORSKIE,37.3,398,573,True
2020,mathematics,112,019c23da-0a47-79b7-8d48-cb89702169f5,SZKOŁA PODSTAWOWA NR 59 IM. I DYWIZJI PANCERNEJ GEN. STANISŁAWA MACZKA W GDAŃSKU,gdansk/szkola-podstawowa/szkola-podstawowa-nr-59-im-i-dywizji-pancernej-gen-stanislawa-maczka-w-gdansku-15831,Gdańsk,POMORSKIE,36.85,416,573,True
2020,mathematics,113,019c23dc-b40a-798a-ba95-5692bb2959f6,SZKOŁA PODSTAWOWA NR 43 IM. WICEADMIRAŁA KAZIMIERZA PORĘBSKIEGO,gdynia/szkola-podstawowa/szkola-podstawowa-nr-43-im-wiceadmirala-kazimierza-porebskiego-35190,Gdynia,POMORSKIE,36.1,436,573,True
2020,mathematics,114,019c23d9-eba1-7f39-bab8-3a23a758f192,ZESPÓŁ SZKOLNO-PRZEDSZKOLNY NR 7 SZKOŁA PODSTAWOWA NR 55 IM. JANA HEWELIUSZA W GDAŃSKU,gdansk/szkola-podstawowa/zespol-szkolno-przedszkolny-nr-7-szkola-podstawowa-nr-55-im-jana-heweliusza-w-gdansku-15122,Gdańsk,POMORSKIE,35.68,439,573,True
2020,mathematics,115,019c23da-ae03-724a-85aa-1dc846c7c42b,SZKOŁA PODSTAWOWA NR 65 IM. ALFA LICZMAŃSKIEGO W GDAŃSKU,gdansk/szkola-podstawowa/szkola-podstawowa-nr-65-im-alfa-liczmanskiego-w-gdansku-19820,Gdańsk,POMORSKIE,33.45,475,573,True
2020,mathematics,116,019c23da-4cec-7562-b8d2-47abc21f2b67,SZKOŁA PODSTAWOWA NR 69 IM GENERAŁA STANISŁAWA SOSABOWSKIEGO W GDAŃSKU,gdansk/szkola-podstawowa/szkola-podstawowa-nr-69-im-generala-stanislawa-sosabowskiego-w-gdansku-17410,Gdańsk,POMORSKIE,33.14,480,573,True
2020,mathematics,117,019c23da-9c15-72ac-ab7f-c6b1a8a99cd9,SZKOŁA PODSTAWOWA NR 83 IM. ŻOŁNIERZY Z WESTERPLATTE W GDAŃSKU,gdansk/szkola-podstawowa/szkola-podstawowa-nr-83-im-zolnierzy-z-westerplatte-w-gdansku-19432,Gdańsk,POMORSKIE,32.16,498,573,True
2020,mathematics,118,019c23da-282c-7c40-8042-3e6d22bcad3e,SZKOŁA PODSTAWOWA NR 62 W GDAŃSKU,gdansk/szkola-podstawowa/szkola-podstawowa-nr-62-w-gdansku-16641,Gdańsk,POMORSKIE,31.58,503,573,True
2020,mathematics,119,019c23da-2801-7317-a118-0261767bd083,ZESPÓŁ SZKOLNO-PRZEDSZKOLNY NR 11- SZKOŁA PODSTAWOWA NR 61 IM. JÓZEFA WYBICKIEGO W GDAŃSKU,gdansk/szkola-podstawowa/zespol-szkolno-przedszkolny-nr-11-szkola-podstawowa-nr-61-im-jozefa-wybickiego-w-gdansku-16564,Gdańsk,POMORSKIE,31.45,506,573,True
2020,mathematics,120,019c23d9-f4a4-71d1-8578-220dc18ef7eb,SZKOŁA PODSTAWOWA NR 60 W GDAŃSKU,gdansk/szkola-podstawowa/szkola-podstawowa-nr-60-w-gdansku-15253,Gdańsk,POMORSKIE,30,520,573,True
2020,mathematics,121,019c23d9-4d0e-782d-8261-01f1fb99f1ce,SZKOŁA PODSTAWOWA NR 49 IM. KS. BRONISŁAWA KOMOROWSKIEGO W GDAŃSKU,gdansk/szkola-podstawowa/szkola-podstawowa-nr-49-im-ks-bronislawa-komorowskiego-w-gdansku-11179,Gdańsk,POMORSKIE,28.78,537,573,True
2020,mathematics,122,019c23d9-2b49-7cd5-adb2-cca317fb715b,SZKOŁA PODSTAWOWA NR 16 IM. WŁADYSŁAWA BRONIEWSKIEGO W GDAŃSKU,gdansk/szkola-podstawowa/szkola-podstawowa-nr-16-im-wladyslawa-broniewskiego-w-gdansku-10294,Gdańsk,POMORSKIE,28.53,540,573,True
2020,mathematics,123,019c23d9-1ebc-7f7f-8e28-6fd73a5690e0,SZKOŁA PODSTAWOWA NR 21 IM. KPT. Ż. W. OLGIERDA BORCHARDTA W GDAŃSKU,gdansk/szkola-podstawowa/szkola-podstawowa-nr-21-im-kpt-z-w-olgierda-borchardta-w-gdansku-10067,Gdańsk,POMORSKIE,27.04,546,573,True
2020,mathematics,124,019c23e6-3628-785b-a4dc-cc72df55f50b,ZESPÓŁ SZKÓŁ OGÓLNOKSZTAŁCĄCYCH NR 6 SZKOŁA PODSTAWOWA MISTRZOSTWA SPORTOWEGO NR 94 IM. HANZY W GDAŃSKU,gdansk/szkola-podstawowa/zespol-szkol-ogolnoksztalcacych-nr-6-szkola-podstawowa-mistrzostwa-sportowego-nr-94-im-hanzy-w-gdansku-133139,Gdańsk,POMORSKIE,25.67,551,573,True
2020,mathematics,125,019c23dc-d556-7fff-be9c-9054842b9126,SZKOŁA PODSTAWOWA SPECJALNA NR 28,gdansk/szkola-podstawowa/szkola-podstawowa-specjalna-nr-28-39066,Gdańsk,POMORSKIE,16,569,573,True
2021,mathematics,1,019c23e1-616e-74f1-adca-e1dedbc7bfcc,GDAŃSKIE SZKOŁY AUTONOMICZNE GDAŃSKA AUTONOMICZNA SZKOŁA PODSTAWOWA,gdansk/szkola-podstawowa/gdanskie-szkoly-autonomiczne-gdanska-autonomiczna-szkola-podstawowa-85999,Gdańsk,POMORSKIE,88.37,1,565,False
2021,mathematics,2,019c23dd-3a9e-7e6f-80ef-4d360046bc2a,"PODSTAWOWA SZKOŁA SPOŁECZNA ""NIEDŹWIEDNIK""",gdansk/szkola-podstawowa/podstawowa-szkola-spoleczna-niedzwiednik-43412,Gdańsk,POMORSKIE,87.14,2,565,False
2021,mathematics,3,019c23e1-7546-7a86-9791-e2c8d2fa541c,III SPOŁECZNA SZKOŁA PODSTAWOWA SPOŁECZNEGO TOWARZYSTWA OŚWIATOWEGO,gdansk/szkola-podstawowa/iii-spoleczna-szkola-podstawowa-spolecznego-towarzystwa-oswiatowego-86458,Gdańsk,POMORSKIE,85.88,4,565,False
2021,mathematics,4,019c23e2-10a9-7973-9adf-79949fc7bf33,AMERYKAŃSKA SZKOŁA PODSTAWOWA Z WYKŁADOWYM JĘZYKIEM ANGIELSKIM,gdynia/szkola-podstawowa/amerykanska-szkola-podstawowa-z-wykladowym-jezykiem-angielskim-90298,Gdynia,POMORSKIE,85.75,5,565,False
2021,mathematics,5,019c23e1-7027-749c-bb81-1e9b35e222db,SZKOŁA PODSTAWOWA IM. ŚW. JANA DE LA SALLE,gdansk/szkola-podstawowa/szkola-podstawowa-im-sw-jana-de-la-salle-86264,Gdańsk,POMORSKIE,81.82,7,565,False
2021,mathematics,6,019c23df-42af-7f75-a61d-e7cab4b0088e,"NIEPUBLICZNA SZKOŁA PODSTAWOWA ""SOKRATES""",gdansk/szkola-podstawowa/niepubliczna-szkola-podstawowa-sokrates-66309,Gdańsk,POMORSKIE,80.42,9,565,False
2021,mathematics,7,019c23e6-8743-7bcc-93e1-e404525427ad,KATOLICKA SZKOŁA PODSTAWOWA IM. ŚW. JANA PAWŁA II W GDYNI,gdynia/szkola-podstawowa/katolicka-szkola-podstawowa-im-sw-jana-pawla-ii-w-gdyni-263021,Gdynia,POMORSKIE,79.41,10,565,True
2021,mathematics,8,019c23e1-702a-7a7b-ac88-3904f32de525,KATOLICKA SZKOŁA PODSTAWOWA IM. ŚW. KAZIMIERZA W GDAŃSKU,gdansk/szkola-podstawowa/katolicka-szkola-podstawowa-im-sw-kazimierza-w-gdansku-86270,Gdańsk,POMORSKIE,79.33,11,565,False
2021,mathematics,9,019c23e1-6bad-7a57-91d1-e87f5608fb63,I SPOŁECZNA SZKOŁA PODSTAWOWA SPOŁECZNEGO TOWARZYSTWA OŚWIATOWEGO,gdansk/szkola-podstawowa/i-spoleczna-szkola-podstawowa-spolecznego-towarzystwa-oswiatowego-86148,Gdańsk,POMORSKIE,76.94,12,565,False
2021,mathematics,10,019c23e0-a250-77d3-9f40-51c0eb31bc45,NOWY ŚWIAT NIEPUBLICZNA SZKOŁA PODSTAWOWA,gdansk/szkola-podstawowa/nowy-swiat-niepubliczna-szkola-podstawowa-80448,Gdańsk,POMORSKIE,76.76,13,565,False
2021,mathematics,11,019c23a3-7a25-7a48-9035-f6ee0586e79e,SZKOŁA PODSTAWOWA NR 18 IM. KORNELA MAKUSZYŃSKIEGO,gdynia/szkola-podstawowa/szkola-podstawowa-nr-18-im-kornela-makuszynskiego-4563,Gdynia,POMORSKIE,74.55,14,565,True
2021,mathematics,12,019c23e6-44e2-71ff-9942-036eed85be55,SZKOŁA PODSTAWOWA JEZUITÓW Z ODDZIAŁAMI DWUJĘZYCZNYMI IM. ŚW. STANISŁAWA KOSTKI W GDYNI,gdynia/szkola-podstawowa/szkola-podstawowa-jezuitow-z-oddzialami-dwujezycznymi-im-sw-stanislawa-kostki-w-gdyni-133486,Gdynia,POMORSKIE,74.2,15,565,False
2021,mathematics,13,019c23d9-1e9b-77ef-b38a-df73b6885e86,GDAŃSKA SZKOŁA SZERMIERKI - SZKOŁA PODSTAWOWA NR 70 Z ODDZIAŁAMI SPORTOWYMI W GDAŃSKU,gdansk/szkola-podstawowa/gdanska-szkola-szermierki-szkola-podstawowa-nr-70-z-oddzialami-sportowymi-w-gdansku-9987,Gdańsk,POMORSKIE,72.79,22,565,True
2021,mathematics,14,019c23a3-638e-77f5-a650-11ec5780f3a1,SZKOŁA PODSTAWOWA NR 20 IM. 2 MORSKIEGO PUŁKU STRZELCÓW,gdynia/szkola-podstawowa/szkola-podstawowa-nr-20-im-2-morskiego-pulku-strzelcow-4053,Gdynia,POMORSKIE,72,23,565,True
2021,mathematics,15,019c23df-0382-744f-9214-164cfe6ca861,KATOLICKA SZKOŁA PODSTAWOWA IM ŚW. RODZINY W GDYNI,gdynia/szkola-podstawowa/katolicka-szkola-podstawowa-im-sw-rodziny-w-gdyni-62306,Gdynia,POMORSKIE,71.5,24,565,True
2021,mathematics,16,019c23e1-6b8c-747d-b86a-71d4163a5729,II SPOŁECZNA SZKOŁA PODSTAWOWA SPOŁECZNEGO TOWARZYSTWA OŚWIATOWEGO,gdansk/szkola-podstawowa/ii-spoleczna-szkola-podstawowa-spolecznego-towarzystwa-oswiatowego-86125,Gdańsk,POMORSKIE,71.43,25,565,False
2021,mathematics,17,019c23e6-684d-706a-997d-2aa66781268f,ZESPÓŁ SZKÓŁ OGÓLNOKSZTAŁCĄCYCH NR 2 SZKOŁA PODSTAWOWA NR 33 IM. STEFANA BANACHA W GDAŃSKU,gdansk/szkola-podstawowa/zespol-szkol-ogolnoksztalcacych-nr-2-szkola-podstawowa-nr-33-im-stefana-banacha-w-gdansku-262215,Gdańsk,POMORSKIE,70.69,27,565,True
2021,mathematics,18,019c23e6-8232-73bf-b6e1-7a35421bad2a,GDAŃSKA SZKOŁA PODSTAWOWA LINGWISTA IM. HYMNU NARODOWEGO,gdansk/szkola-podstawowa/gdanska-szkola-podstawowa-lingwista-im-hymnu-narodowego-262904,Gdańsk,POMORSKIE,70.22,28,565,False
2021,mathematics,19,019c23d9-2ff9-7558-b408-a671ea287fd4,SZKOŁA PODSTAWOWA NR 77 W GDAŃSKU,gdansk/szkola-podstawowa/szkola-podstawowa-nr-77-w-gdansku-10388,Gdańsk,POMORSKIE,66.75,33,565,True
2021,mathematics,20,019c23d9-40aa-7f43-9c99-6ba57bfa4d05,"PRYWATNA SZKOŁA PODSTAWOWA ""LIBER""",gdynia/szkola-podstawowa/prywatna-szkola-podstawowa-liber-10829,Gdynia,POMORSKIE,65.85,36,565,False
2021,mathematics,21,019c23d9-3446-7a8e-ab24-a3631d3f5f55,SZKOŁA PODSTAWOWA NR 17 IM. HETMANA STEFANA CZARNIECKIEGO W GDAŃSKU,gdansk/szkola-podstawowa/szkola-podstawowa-nr-17-im-hetmana-stefana-czarnieckiego-w-gdansku-10509,Gdańsk,POMORSKIE,64.78,38,565,True
2021,mathematics,22,019c23d9-0a68-79f6-a021-c13fdb35a980,SZKOŁA PODSTAWOWA NR 44 IM. ADAMA MICKIEWICZA W GDAŃSKU,gdansk/szkola-podstawowa/szkola-podstawowa-nr-44-im-adama-mickiewicza-w-gdansku-9480,Gdańsk,POMORSKIE,64.71,39,565,True
2021,mathematics,23,019c23dd-003a-7b91-bef7-d4aa330ccd8f,PODSTAWOWA SZKOŁA GEDANENSIS,gdansk/szkola-podstawowa/podstawowa-szkola-gedanensis-41069,Gdańsk,POMORSKIE,64.36,40,565,False
2021,mathematics,24,019c23d8-e47c-7508-876a-98d51336b614,SZKOŁA PODSTAWOWA NR 8 IM. OBROŃCÓW HELU,gdynia/szkola-podstawowa/szkola-podstawowa-nr-8-im-obroncow-helu-8469,Gdynia,POMORSKIE,64.26,41,565,True
2021,mathematics,25,019c23e6-051e-7701-88cc-d1057025f38f,MORSKA SZKOŁA PODSTAWOWA IM. ALEKSANDRA DOBY W GDAŃSKU,gdansk/szkola-podstawowa/morska-szkola-podstawowa-im-aleksandra-doby-w-gdansku-131786,Gdańsk,POMORSKIE,64,42,565,True
2021,mathematics,26,019c23d8-c6c3-7bb7-8e43-445c8d4a0b6a,SZKOŁA PODSTAWOWA NR 27 IM. DZIECI ZJEDNOCZONEJ EUROPY W GDAŃSKU,gdansk/szkola-podstawowa/szkola-podstawowa-nr-27-im-dzieci-zjednoczonej-europy-w-gdansku-7678,Gdańsk,POMORSKIE,64,42,565,True
2021,mathematics,27,019c23e6-684c-7a8a-9df3-39367fc0f6da,SZKOŁA PODSTAWOWA NR 67 IM. KAPITANA ŻEGLUGI WIELKIEJ TADEUSZA ZIÓŁKOWSKIEGO,gdansk/szkola-podstawowa/szkola-podstawowa-nr-67-im-kapitana-zeglugi-wielkiej-tadeusza-ziolkowskiego-262208,Gdańsk,POMORSKIE,64,42,565,True
2021,mathematics,28,019c23a3-75b0-7d7e-86dd-3343db3b43a5,SZKOŁA PODSTAWOWA NR 34 Z ODDZIAŁAMI INTEGRACYJNYMI IM. LEONIDA TELIGI,gdynia/szkola-podstawowa/szkola-podstawowa-nr-34-z-oddzialami-integracyjnymi-im-leonida-teligi-4419,Gdynia,POMORSKIE,63.42,46,565,True
2021,mathematics,29,019c23e4-b360-786c-ac20-381ed98490bd,POZYTYWNA SZKOŁA PODSTAWOWA IM. ARKADIUSZA ARAMA RYBICKIEGO W GDAŃSKU,gdansk/szkola-podstawowa/pozytywna-szkola-podstawowa-im-arkadiusza-arama-rybickiego-w-gdansku-124084,Gdańsk,POMORSKIE,62.52,47,565,True
2021,mathematics,30,019c23da-df6d-70fb-a550-320356e362db,SZKOŁA PODSTAWOWA NR 81 W GDAŃSKU IM. PROF. MICHAŁA SIEDLECKIEGO,gdansk/szkola-podstawowa/szkola-podstawowa-nr-81-w-gdansku-im-prof-michala-siedleckiego-21025,Gdańsk,POMORSKIE,62.04,49,565,True
2021,mathematics,31,019c23df-d124-73b5-88a5-48d994aa5d99,BRITISH INTERNATIONAL SCHOOL GDAŃSK - SZKOLA PODSTAWOWA,gdansk/szkola-podstawowa/british-international-school-gdansk-szkola-podstawowa-71958,Gdańsk,POMORSKIE,61.6,50,565,False
2021,mathematics,32,019c23d9-389c-7d45-a285-0c4572f7f969,SZKOŁA PODSTAWOWA NR 24 IM. GUSTAWA MORCINKA W GDAŃSKU,gdansk/szkola-podstawowa/szkola-podstawowa-nr-24-im-gustawa-morcinka-w-gdansku-10634,Gdańsk,POMORSKIE,61.33,51,565,True
2021,mathematics,33,019c23d8-a52a-7a3a-8268-ef536be69d0e,SZKOŁA PODSTAWOWA NR 12,gdynia/szkola-podstawowa/szkola-podstawowa-nr-12-6850,Gdynia,POMORSKIE,60.87,52,565,True
2021,mathematics,34,019c23d9-eba2-7f0f-b37d-bc2daa935d0b,ZESPÓŁ SZKÓŁ OGÓLNOKSZTAŁCĄCYCH NR 8 W GDAŃSKU - SZKOŁA PODSTAWOWA NR 5 IM. JANA PAWŁA II,gdansk/szkola-podstawowa/zespol-szkol-ogolnoksztalcacych-nr-8-w-gdansku-szkola-podstawowa-nr-5-im-jana-pawla-ii-15126,Gdańsk,POMORSKIE,60.34,54,565,True
2021,mathematics,35,019c23d8-a4ff-73a3-b479-b9299e17310f,SZKOŁA PODSTAWOWA NR 42 IM. KRÓLOWEJ JADWIGI,gdynia/szkola-podstawowa/szkola-podstawowa-nr-42-im-krolowej-jadwigi-6783,Gdynia,POMORSKIE,59.64,57,565,True
2021,mathematics,36,019c23d9-0619-720a-93a6-8edb2759c6b2,SZKOŁA PODSTAWOWA NR 14 IM. KS. GRZEGORZA PIRAMOWICZA W GDAŃSKU,gdansk/szkola-podstawowa/szkola-podstawowa-nr-14-im-ks-grzegorza-piramowicza-w-gdansku-9378,Gdańsk,POMORSKIE,59.47,58,565,True
2021,mathematics,37,019c23a3-70e8-7c0e-af43-3222d4fabbed,SZKOŁA PODSTAWOWA NR 21 IM. LUDZI MORZA I MARZEŃ W GDYNI,gdynia/szkola-podstawowa/szkola-podstawowa-nr-21-im-ludzi-morza-i-marzen-w-gdyni-4342,Gdynia,POMORSKIE,59.13,62,565,True
2021,mathematics,38,019c23d8-c6bd-799e-9b80-d85cac1026bb,SZKOŁA PODSTAWOWA NR 46,gdynia/szkola-podstawowa/szkola-podstawowa-nr-46-7669,Gdynia,POMORSKIE,58.85,64,565,True
2021,mathematics,39,019c23da-1b7c-792c-a0a7-e530093145c9,SZKOŁA PODSTAWOWA NR 19 IM. ZASŁUŻONYCH LUDZI MORZA W GDAŃSKU,gdansk/szkola-podstawowa/szkola-podstawowa-nr-19-im-zasluzonych-ludzi-morza-w-gdansku-16227,Gdańsk,POMORSKIE,58.72,65,565,True
2021,mathematics,40,019c23d9-4902-7358-8dc6-56f76bc75175,SZKOŁA PODSTAWOWA NR 46 W GDAŃSKU,gdansk/szkola-podstawowa/szkola-podstawowa-nr-46-w-gdansku-11134,Gdańsk,POMORSKIE,58.3,66,565,True
2021,mathematics,41,019c23dc-d559-74be-95fd-718e8de6e0c7,SZKOŁA PODSTAWOWA NR 48 IM. GEN. JÓZEFA HALLERA W GDAŃSKU,gdansk/szkola-podstawowa/szkola-podstawowa-nr-48-im-gen-jozefa-hallera-w-gdansku-39070,Gdańsk,POMORSKIE,57.86,67,565,True
2021,mathematics,42,019c23d8-d727-7bf3-b3fe-24b3ada1fc95,ZESPÓŁ SZKOLNO-PRZEDSZKOLNY NR 8 SZKOŁA PODSTAWOWA NR 8 W GDAŃSKU IM. PRZYJACIÓŁ ZIEMI,gdansk/szkola-podstawowa/zespol-szkolno-przedszkolny-nr-8-szkola-podstawowa-nr-8-w-gdansku-im-przyjaciol-ziemi-8060,Gdańsk,POMORSKIE,57.56,70,565,True
2021,mathematics,43,019c23da-c063-757a-ada4-fa8901bb4825,SZKOŁA PODSTAWOWA NR 85 IM. ZRZESZENIA KASZUBSKO-POMORSKIEGO W GDAŃSKU,gdansk/szkola-podstawowa/szkola-podstawowa-nr-85-im-zrzeszenia-kaszubsko-pomorskiego-w-gdansku-20267,Gdańsk,POMORSKIE,57.56,70,565,True
2021,mathematics,44,019c23a3-70f8-75de-8860-8173575c4202,SZKOŁA PODSTAWOWA NR 33 IM. OBROŃCÓW KĘPY OKSYWSKIEJ,gdynia/szkola-podstawowa/szkola-podstawowa-nr-33-im-obroncow-kepy-oksywskiej-4369,Gdynia,POMORSKIE,57.46,72,565,True
2021,mathematics,45,019c23d9-da46-7c1b-9c39-986de2e79ab4,SZKOŁA PODSTAWOWA NR 50 IM. E.PLATER W GDAŃSKU,gdansk/szkola-podstawowa/szkola-podstawowa-nr-50-im-e-plater-w-gdansku-14699,Gdańsk,POMORSKIE,57.28,73,565,True
2021,mathematics,46,019c23d9-0ead-7630-9204-e6b92d9fecdb,SZKOŁA PODSTAWOWA NR 15 IM. DR URSZULI MROCZKIEWICZ W GDAŃSKU,gdansk/szkola-podstawowa/szkola-podstawowa-nr-15-im-dr-urszuli-mroczkiewicz-w-gdansku-9540,Gdańsk,POMORSKIE,57.19,74,565,True
2021,mathematics,47,019c23a3-70d7-774d-af73-159690741af8,SZKOŁA PODSTAWOWA NR 16 IM. ORŁA BIAŁEGO,gdynia/szkola-podstawowa/szkola-podstawowa-nr-16-im-orla-bialego-4324,Gdynia,POMORSKIE,57.11,75,565,True
2021,mathematics,48,019c23df-42b0-741e-a372-78fd58048094,"GDAŃSKA SZKOŁA PODSTAWOWA ""LINGWISTA"" IM. ZJEDNOCZONEJ EUROPY",gdansk/szkola-podstawowa/gdanska-szkola-podstawowa-lingwista-im-zjednoczonej-europy-66313,Gdańsk,POMORSKIE,56.63,82,565,False
2021,mathematics,49,019c23d8-ecbd-7091-915f-8b6001e8b49b,ZESPÓŁ SZKOLNO-PRZEDSZKOLNY NR 10 - SZKOŁA PODSTAWOWA NR 80 IM. BUDOWNICZYCH PORTU PÓŁNOCNEGO W GDAŃSKU,gdansk/szkola-podstawowa/zespol-szkolno-przedszkolny-nr-10-szkola-podstawowa-nr-80-im-budowniczych-portu-polnocnego-w-gdansku-8641,Gdańsk,POMORSKIE,56.62,83,565,True
2021,mathematics,50,019c23d9-5991-7ce9-bb1e-4e647aaddc8a,SZKOŁA PODSTAWOWA NR 48 IM. PROFESORA KAZIMIERZA DEMELA,gdynia/szkola-podstawowa/szkola-podstawowa-nr-48-im-profesora-kazimierza-demela-11470,Gdynia,POMORSKIE,56.6,84,565,True
2021,mathematics,51,019c23d8-cacd-7a17-93b6-39278ecb5275,SZKOŁA PODSTAWOWA NR 47 IM FRANCISZKI CEGIELSKIEJ,gdynia/szkola-podstawowa/szkola-podstawowa-nr-47-im-franciszki-cegielskiej-7747,Gdynia,POMORSKIE,56.53,85,565,True
2021,mathematics,52,019c23d9-3461-76c2-9659-24047f985f67,SZKOŁA PODSTAWOWA NR 89 IM. TADEUSZA MAZOWIECKIEGO W GDAŃSKU,gdansk/szkola-podstawowa/szkola-podstawowa-nr-89-im-tadeusza-mazowieckiego-w-gdansku-10576,Gdańsk,POMORSKIE,56.26,89,565,True
2021,mathematics,53,019c23d9-22dc-76f3-9e2a-664f7586c774,SZKOŁA PODSTAWOWA NR 45 IM. BOHATERÓW WESTERPLATTE W GDAŃSKU,gdansk/szkola-podstawowa/szkola-podstawowa-nr-45-im-bohaterow-westerplatte-w-gdansku-10166,Gdańsk,POMORSKIE,56.22,91,565,True
2021,mathematics,54,019c23e2-287c-7ccd-8fc1-96afe989471e,GDYŃSKA SZKOŁA SPOŁECZNA,gdynia/szkola-podstawowa/gdynska-szkola-spoleczna-90963,Gdynia,POMORSKIE,56,92,565,False
2021,mathematics,55,019c23c2-3f92-75cb-905d-13b1f3eabd7d,SZKOŁA PODSTAWOWA NR 13 IM. LUCJANA CYLKOWSKIEGO,gdynia/szkola-podstawowa/szkola-podstawowa-nr-13-im-lucjana-cylkowskiego-5534,Gdynia,POMORSKIE,55.37,97,565,True
2021,mathematics,56,019c23da-4809-7922-8ead-161d0e3c157b,ZESPÓŁ SZKOLNO-PRZEDSZKOLNY NR 5 SZKOŁA PODSTAWOWA NR 92 IM. KARD. STEFANA WYSZYŃSKIEGO PRYMASA TYSIĄCLECIA W GDAŃSKU,gdansk/szkola-podstawowa/zespol-szkolno-przedszkolny-nr-5-szkola-podstawowa-nr-92-im-kard-stefana-wyszynskiego-prymasa-tysiaclecia-w-gdansku-17348,Gdańsk,POMORSKIE,55.29,98,565,True
2021,mathematics,57,019c23da-3e61-71e4-b691-c712f00f4e4e,SZKOŁA PODSTAWOWA NR 38 IM. GEN. STANISŁAWA MACZKA W GDAŃSKU,gdansk/szkola-podstawowa/szkola-podstawowa-nr-38-im-gen-stanislawa-maczka-w-gdansku-17066,Gdańsk,POMORSKIE,54.96,103,565,True
2021,mathematics,58,019c23d9-2b63-75d2-adec-34a0b4117138,SZKOŁA PODSTAWOWA NR 47 IM. KASZUBSKIEJ BRYGADY WOP W GDAŃSKU,gdansk/szkola-podstawowa/szkola-podstawowa-nr-47-im-kaszubskiej-brygady-wop-w-gdansku-10347,Gdańsk,POMORSKIE,53.9,107,565,True
2021,mathematics,59,019c23d9-eba1-7f39-bab8-3a23a9c4095f,SZKOŁA PODSTAWOWA NR 1 IM. MARIUSZA ZARUSKIEGO W GDAŃSKU,gdansk/szkola-podstawowa/szkola-podstawowa-nr-1-im-mariusza-zaruskiego-w-gdansku-15124,Gdańsk,POMORSKIE,53.8,109,565,True
2021,mathematics,60,019c23da-e3d0-7afd-9493-64c60b0c3411,SPORTOWA SZKOŁA PODSTAWOWA NR 14 IM. JÓZEFA WYBICKIEGO,gdynia/szkola-podstawowa/sportowa-szkola-podstawowa-nr-14-im-jozefa-wybickiego-21126,Gdynia,POMORSKIE,53.33,111,565,True
2021,mathematics,61,019c23d8-fd9e-761e-b612-0e8e151bc223,ZESPÓŁ SZKOLNO-PRZEDSZKOLNY NR 2 -SZKOŁA PODSTAWOWA NR 42 IM. IGNACEGO JANA PADEREWSKIEGO W GDAŃSKU,gdansk/szkola-podstawowa/zespol-szkolno-przedszkolny-nr-2-szkola-podstawowa-nr-42-im-ignacego-jana-paderewskiego-w-gdansku-9082,Gdańsk,POMORSKIE,53.02,115,565,True
2021,mathematics,62,019c23d9-0ec4-7c18-aff6-30bef43c1c8a,SZKOŁA PODSTAWOWA NR 39 IM. WOJSKA POLSKIEGO W GDAŃSKU,gdansk/szkola-podstawowa/szkola-podstawowa-nr-39-im-wojska-polskiego-w-gdansku-9587,Gdańsk,POMORSKIE,52.93,116,565,True
2021,mathematics,63,019c23da-5197-7e67-b2b5-1afa97f67aed,ZESPÓŁ SZKOLNO - PRZEDSZKOLNY NR 1 W GDAŃSKU - SZKOŁA PODSTAWOWA NR 76 IM. JAROSŁAWA DĄBROWSKIEGO,gdansk/szkola-podstawowa/zespol-szkolno-przedszkolny-nr-1-w-gdansku-szkola-podstawowa-nr-76-im-jaroslawa-dabrowskiego-17523,Gdańsk,POMORSKIE,52.86,117,565,True
2021,mathematics,64,019c23e4-353d-7512-9435-8d4aefd8c29a,CHRZEŚCIJAŃSKA SZKOŁA MONTESSORI,gdansk/szkola-podstawowa/chrzescijanska-szkola-montessori-120645,Gdańsk,POMORSKIE,52.75,122,565,False
2021,mathematics,65,019c23e0-d61a-7512-8943-90c776299544,GDAŃSKA SZKOŁA PODSTAWOWA,gdansk/szkola-podstawowa/gdanska-szkola-podstawowa-81749,Gdańsk,POMORSKIE,52.67,123,565,False
2021,mathematics,66,019c23a3-6c42-73aa-8216-7415b651b210,SZKOŁA PODSTAWOWA NR 6 IM. ANTONIEGO ABRAHAMA,gdynia/szkola-podstawowa/szkola-podstawowa-nr-6-im-antoniego-abrahama-4254,Gdynia,POMORSKIE,52.62,125,565,True
2021,mathematics,67,019c23a3-70d2-7755-a470-e426e5a2be3f,SZKOŁA PODSTAWOWA NR 26 IM. ŻOŁNIERZY ARMII KRAJOWEJ,gdynia/szkola-podstawowa/szkola-podstawowa-nr-26-im-zolnierzy-armii-krajowej-4319,Gdynia,POMORSKIE,52.44,127,565,True
2021,mathematics,68,019c23e6-3628-785b-a4dc-cc72df55f50b,ZESPÓŁ SZKÓŁ OGÓLNOKSZTAŁCĄCYCH NR 6 SZKOŁA PODSTAWOWA MISTRZOSTWA SPORTOWEGO NR 94 IM. HANZY W GDAŃSKU,gdansk/szkola-podstawowa/zespol-szkol-ogolnoksztalcacych-nr-6-szkola-podstawowa-mistrzostwa-sportowego-nr-94-im-hanzy-w-gdansku-133139,Gdańsk,POMORSKIE,52.19,130,565,True
2021,mathematics,69,019c23d8-e07a-727a-8b07-778131cb9584,SZKOŁA PODSTAWOWA NR 23 IM.DZIECI ŚWIATA W GDAŃSKU,gdansk/szkola-podstawowa/szkola-podstawowa-nr-23-im-dzieci-swiata-w-gdansku-8315,Gdańsk,POMORSKIE,52.13,131,565,True
2021,mathematics,70,019c23d9-eba5-7de0-b876-e70dfbffee51,SZKOŁA PODSTAWOWA NR 82 IM. PROF. JANA CZOCHRALSKIEGO W GDAŃSKU,gdansk/szkola-podstawowa/szkola-podstawowa-nr-82-im-prof-jana-czochralskiego-w-gdansku-15135,Gdańsk,POMORSKIE,52,133,565,True
2021,mathematics,71,019c23d8-e470-7b69-baa6-781b51f124ca,SZKOŁA PODSTAWOWA NR 12 IM. PRZYJACIÓŁ GDAŃSKA,gdansk/szkola-podstawowa/szkola-podstawowa-nr-12-im-przyjaciol-gdanska-8438,Gdańsk,POMORSKIE,51.32,144,565,True
2021,mathematics,72,019c23a3-70c6-7bb5-a755-019f996cf421,SZKOŁA PODSTAWOWA NR 17 IM. WICEADM. JÓZEFA UNRUGA,gdynia/szkola-podstawowa/szkola-podstawowa-nr-17-im-wiceadm-jozefa-unruga-4307,Gdynia,POMORSKIE,51.25,146,565,True
2021,mathematics,73,019c23d9-553e-73e4-9ace-31fd26aede63,SZKOŁA PODSTAWOWA NR 2 Z ODDZIAŁAMI SPORTOWYMI IM. ARMII KRAJOWEJ W GDAŃSKU,gdansk/szkola-podstawowa/szkola-podstawowa-nr-2-z-oddzialami-sportowymi-im-armii-krajowej-w-gdansku-11368,Gdańsk,POMORSKIE,51,147,565,True
2021,mathematics,74,019c23da-519a-7c2e-8060-0ebab795da65,SZKOŁA PODSTAWOWA NR 86 IM. PROF. JERZEGO SAMPA W GDAŃSKU,gdansk/szkola-podstawowa/szkola-podstawowa-nr-86-im-prof-jerzego-sampa-w-gdansku-17531,Gdańsk,POMORSKIE,50.18,154,565,True
2021,mathematics,75,019c23da-6f03-7a2c-aca0-ea29a1b765a7,ZESPÓŁ SZKÓŁ SPORTOWYCH I MISTRZOSTWA SPORTOWEGO IM. JANUSZA KUSOCIŃSKIEGO SPORTOWA SZKOŁA PODSTAWOWA NR 75 Z ODDZIAŁAMI MISTRZOSTWA SPORTOWEGO IM. JANUSZA KUSOCIŃSKIEGO W GDAŃSKU,gdansk/szkola-podstawowa/zespol-szkol-sportowych-i-mistrzostwa-sportowego-im-janusza-kusocinskiego-sportowa-szkola-podstawowa-nr-75-z-oddzialami-mistrzostwa-sportowego-im-janusza-kusocinskiego-w-gdansku-18269,Gdańsk,POMORSKIE,50.03,157,565,True
2021,mathematics,76,019c23dd-35b0-701e-8d37-e6dba044228e,SZKOŁA PODSTAWOWA NR 40 IM. KPT. Ż. W. K. O. BORCHARDTA W GDYNI,gdynia/szkola-podstawowa/szkola-podstawowa-nr-40-im-kpt-z-w-k-o-borchardta-w-gdyni-42897,Gdynia,POMORSKIE,50.02,158,565,True
2021,mathematics,77,019c23a3-7a00-7af2-af5c-a2ea233a5be0,SZKOŁA PODSTAWOWA NR 28 IM. LOTNIKÓW POLSKICH,gdynia/szkola-podstawowa/szkola-podstawowa-nr-28-im-lotnikow-polskich-4529,Gdynia,POMORSKIE,49.94,159,565,True
2021,mathematics,78,019c23a3-6c25-78e2-83db-aa6e190a852b,SZKOŁA PODSTAWOWA NR 39 IM. KPT Ż. W. KAZIMIERZA JURKIEWICZA,gdynia/szkola-podstawowa/szkola-podstawowa-nr-39-im-kpt-z-w-kazimierza-jurkiewicza-4221,Gdynia,POMORSKIE,49.86,161,565,True
2021,mathematics,79,019c23d9-345c-7ea2-b61b-48027c766a69,SZKOŁA PODSTAWOWA NR 35 Z ODDZIAŁAMI SPORTOWYMI IM. JANA PARANDOWSKIEGO W GDAŃSKU,gdansk/szkola-podstawowa/szkola-podstawowa-nr-35-z-oddzialami-sportowymi-im-jana-parandowskiego-w-gdansku-10561,Gdańsk,POMORSKIE,49.84,162,565,True
2021,mathematics,80,019c23da-ce21-7983-91bc-81d75501e8ec,SZKOŁA PODSTAWOWA NR 84 IM. JANA BRZECHWY W GDAŃSKU,gdansk/szkola-podstawowa/szkola-podstawowa-nr-84-im-jana-brzechwy-w-gdansku-20599,Gdańsk,POMORSKIE,49.67,165,565,True
2021,mathematics,81,019c23d8-e07d-76cb-9b5e-85b1a751670d,SZKOŁA PODSTAWOWA NR 79 W GDAŃSKU,gdansk/szkola-podstawowa/szkola-podstawowa-nr-79-w-gdansku-8320,Gdańsk,POMORSKIE,49.62,166,565,True
2021,mathematics,82,019c23d8-c2ba-7bcd-8948-9b3fcebc65ac,SZKOŁA PODSTAWOWA NR 44 IM. OBROŃCÓW WYBRZEŻA,gdynia/szkola-podstawowa/szkola-podstawowa-nr-44-im-obroncow-wybrzeza-7580,Gdynia,POMORSKIE,49.11,173,565,True
2021,mathematics,83,019c23d8-a94f-7be1-9898-adc01a806e7d,SZKOŁA PODSTAWOWA NR 11 IM. BOHATERÓW ZAŁOGI ORP GROM,gdynia/szkola-podstawowa/szkola-podstawowa-nr-11-im-bohaterow-zalogi-orp-grom-6970,Gdynia,POMORSKIE,48.75,181,565,True
2021,mathematics,84,019c23a3-6c54-7172-91cf-67b2ea639da9,SZKOŁA PODSTAWOWA NR 29 IM. STEFANA ŻEROMSKIEGO,gdynia/szkola-podstawowa/szkola-podstawowa-nr-29-im-stefana-zeromskiego-4282,Gdynia,POMORSKIE,47.86,194,565,True
2021,mathematics,85,019c23a3-75e9-7347-bd1d-1b2cbe30a2e8,SZKOŁA PODSTAWOWA NR 37 IM. OBROŃCÓW KĘPY OKSYWSKIEJ,gdynia/szkola-podstawowa/szkola-podstawowa-nr-37-im-obroncow-kepy-oksywskiej-4482,Gdynia,POMORSKIE,47.62,200,565,True
2021,mathematics,86,019c23e6-360d-759c-84e6-ceea1e717cdf,"PUBLICZNA SZKOŁA PODSTAWOWA ""OLIMPIJCZYK"" W GDAŃSKU Z ODDZIAŁAMI SPORTOWYMI",gdansk/szkola-podstawowa/publiczna-szkola-podstawowa-olimpijczyk-w-gdansku-z-oddzialami-sportowymi-133053,Gdańsk,POMORSKIE,46.91,209,565,True
2021,mathematics,87,019c23c2-5021-765c-a5a1-10c9aa4aff6d,SZKOŁA PODSTAWOWA NR 29 IM. JERZEGO PUCKA W GDAŃSKU,gdansk/szkola-podstawowa/szkola-podstawowa-nr-29-im-jerzego-pucka-w-gdansku-5981,Gdańsk,POMORSKIE,45.67,218,565,True
2021,mathematics,88,019c23da-4cf4-7a92-9517-c95e57d65bf2,ZESPÓŁ SZKÓŁ OGÓLNOKSZTAŁCĄCYCH NR 10 IM. EUGENIUSZA KWIATKOWSKIEGO W GDAŃSKU - SZKOŁA PODSTAWOWA NR 18,gdansk/szkola-podstawowa/zespol-szkol-ogolnoksztalcacych-nr-10-im-eugeniusza-kwiatkowskiego-w-gdansku-szkola-podstawowa-nr-18-17430,Gdańsk,POMORSKIE,44.18,252,565,True
2021,mathematics,89,019c23e7-2804-7c8c-82a9-e0fdb5ab5be2,ZESPÓŁ SZKOLNO-PRZEDSZKOLNY NR 6 SZKOŁA PODSTAWOWA NR 6 W GDAŃSKU,gdansk/szkola-podstawowa/zespol-szkolno-przedszkolny-nr-6-szkola-podstawowa-nr-6-w-gdansku-270564,Gdańsk,POMORSKIE,44,255,565,True
2021,mathematics,90,019c23a3-6c51-7e63-8e84-358314c7f2f7,SZKOŁA PODSTAWOWA NR 23,gdynia/szkola-podstawowa/szkola-podstawowa-nr-23-4277,Gdynia,POMORSKIE,43.9,261,565,True
2021,mathematics,91,019c23da-282c-7c40-8042-3e6d22bcad3e,SZKOŁA PODSTAWOWA NR 62 W GDAŃSKU,gdansk/szkola-podstawowa/szkola-podstawowa-nr-62-w-gdansku-16641,Gdańsk,POMORSKIE,43.75,264,565,True
2021,mathematics,92,019c23dc-1811-7223-957c-286dc340975f,ZESPÓŁ KSZTAŁCENIA PODSTAWOWEGO I PRZEDSZKOLNEGO NR 1 W GDAŃSKU - SZKOŁA PODSTAWOWA NR 87,gdansk/szkola-podstawowa/zespol-ksztalcenia-podstawowego-i-przedszkolnego-nr-1-w-gdansku-szkola-podstawowa-nr-87-29329,Gdańsk,POMORSKIE,42.5,294,565,True
2021,mathematics,93,019c23d9-4d0e-782d-8261-01f1fb99f1ce,SZKOŁA PODSTAWOWA NR 49 IM. KS. BRONISŁAWA KOMOROWSKIEGO W GDAŃSKU,gdansk/szkola-podstawowa/szkola-podstawowa-nr-49-im-ks-bronislawa-komorowskiego-w-gdansku-11179,Gdańsk,POMORSKIE,41.9,304,565,True
2021,mathematics,94,019c23d9-40b0-79b5-9655-7cab9095c18f,SZKOŁA PODSTAWOWA NR 20 W GDAŃSKU IM. KMDR PPOR. JANA GRUDZIŃSKIEGO,gdansk/szkola-podstawowa/szkola-podstawowa-nr-20-w-gdansku-im-kmdr-ppor-jana-grudzinskiego-10842,Gdańsk,POMORSKIE,41.68,311,565,True
2021,mathematics,95,019c23d9-e794-7627-b7b8-61c1032c9f2c,SZKOŁA PODSTAWOWA NR 52 IM. TADEUSZA KOŚCIUSZKI W GDAŃSKU,gdansk/szkola-podstawowa/szkola-podstawowa-nr-52-im-tadeusza-kosciuszki-w-gdansku-15022,Gdańsk,POMORSKIE,41.64,315,565,True
2021,mathematics,96,019c23d8-b206-7f8a-bf08-fb2a039dbb74,SZKOŁA PODSTAWOWA NR 31 IM. SYNÓW PUŁKU,gdynia/szkola-podstawowa/szkola-podstawowa-nr-31-im-synow-pulku-7112,Gdynia,POMORSKIE,41.51,319,565,True
2021,mathematics,97,019c23da-2000-7339-9fe0-e64502f79156,SZKOŁA PODSTAWOWA NR 88 IM. DANIELA GABRIELA FAHRENHEITA W GDAŃSKU,gdansk/szkola-podstawowa/szkola-podstawowa-nr-88-im-daniela-gabriela-fahrenheita-w-gdansku-16374,Gdańsk,POMORSKIE,41.09,330,565,True
2021,mathematics,98,019c23dc-d54f-79dc-8565-c0afa55f1254,ZESPÓŁ SZKOLNO-PRZEDSZKOLNY NR 9 - SZKOŁA PODSTAWOWA NR 7 IM.MJRA MIECZYSŁAWA SŁABEGO,gdansk/szkola-podstawowa/zespol-szkolno-przedszkolny-nr-9-szkola-podstawowa-nr-7-im-mjra-mieczyslawa-slabego-39056,Gdańsk,POMORSKIE,40.55,345,565,True
2021,mathematics,99,019c23da-431f-7c71-94e8-8342096d9b44,SZKOŁA PODSTAWOWA NR 4 IM. KRÓLA KAZIMIERZA JAGIELLOŃCZYKA W GDAŃSKU,gdansk/szkola-podstawowa/szkola-podstawowa-nr-4-im-krola-kazimierza-jagiellonczyka-w-gdansku-17192,Gdańsk,POMORSKIE,40.27,350,565,True
2021,mathematics,100,019c23da-2801-7317-a118-0261767bd083,ZESPÓŁ SZKOLNO-PRZEDSZKOLNY NR 11- SZKOŁA PODSTAWOWA NR 61 IM. JÓZEFA WYBICKIEGO W GDAŃSKU,gdansk/szkola-podstawowa/zespol-szkolno-przedszkolny-nr-11-szkola-podstawowa-nr-61-im-jozefa-wybickiego-w-gdansku-16564,Gdańsk,POMORSKIE,39.46,371,565,True
2021,mathematics,101,019c23da-16a7-7bae-bd8f-f15b4d7b4094,SZKOŁA PODSTAWOWA NR 58 IM. KAZIMIERZA SOŁTYSIKA W GDAŃSKU,gdansk/szkola-podstawowa/szkola-podstawowa-nr-58-im-kazimierza-soltysika-w-gdansku-16171,Gdańsk,POMORSKIE,38.29,388,565,True
2021,mathematics,102,019c23d8-fd9d-744e-9f82-5950635e30d5,SZKOŁA PODSTAWOWA NR 40 IM. KPT. LEONIDA TELIGI W GDAŃSKU,gdansk/szkola-podstawowa/szkola-podstawowa-nr-40-im-kpt-leonida-teligi-w-gdansku-9081,Gdańsk,POMORSKIE,38.26,389,565,True
2021,mathematics,103,019c23d9-f91c-7724-b746-258e3d238951,SZKOŁA PODSTAWOWA NR 57 IM. GEN. WŁADYSŁAWA ANDERSA W GDAŃSKU,gdansk/szkola-podstawowa/szkola-podstawowa-nr-57-im-gen-wladyslawa-andersa-w-gdansku-15431,Gdańsk,POMORSKIE,38.15,397,565,True
2021,mathematics,104,019c23da-0a47-79b7-8d48-cb89702169f5,SZKOŁA PODSTAWOWA NR 59 IM. I DYWIZJI PANCERNEJ GEN. STANISŁAWA MACZKA W GDAŃSKU,gdansk/szkola-podstawowa/szkola-podstawowa-nr-59-im-i-dywizji-pancernej-gen-stanislawa-maczka-w-gdansku-15831,Gdańsk,POMORSKIE,37.78,404,565,True
2021,mathematics,105,019c23d9-f4a4-71d1-8578-220dc18ef7eb,SZKOŁA PODSTAWOWA NR 60 W GDAŃSKU,gdansk/szkola-podstawowa/szkola-podstawowa-nr-60-w-gdansku-15253,Gdańsk,POMORSKIE,36.86,420,565,True
2021,mathematics,106,019c23da-9c15-72ac-ab7f-c6b1a8a99cd9,SZKOŁA PODSTAWOWA NR 83 IM. ŻOŁNIERZY Z WESTERPLATTE W GDAŃSKU,gdansk/szkola-podstawowa/szkola-podstawowa-nr-83-im-zolnierzy-z-westerplatte-w-gdansku-19432,Gdańsk,POMORSKIE,36.27,434,565,True
2021,mathematics,107,019c23e6-8234-7079-9edf-7a0a14cbe30e,NIEPUBLICZNA SZKOŁA PODSTAWOWA MISTRZOSTWA SPORTOWEGO GDAŃSKIEGO KLUBU SPORTOWEGO GEDANIA 1922,gdansk/szkola-podstawowa/niepubliczna-szkola-podstawowa-mistrzostwa-sportowego-gdanskiego-klubu-sportowego-gedania-1922-262911,Gdańsk,POMORSKIE,35.82,442,565,False
2021,mathematics,108,019c23d9-eba1-7f39-bab8-3a23a758f192,ZESPÓŁ SZKOLNO-PRZEDSZKOLNY NR 7 SZKOŁA PODSTAWOWA NR 55 IM. JANA HEWELIUSZA W GDAŃSKU,gdansk/szkola-podstawowa/zespol-szkolno-przedszkolny-nr-7-szkola-podstawowa-nr-55-im-jana-heweliusza-w-gdansku-15122,Gdańsk,POMORSKIE,35.37,447,565,True
2021,mathematics,109,019c23da-47f8-70d9-9ef8-b86e471b170f,ZESPÓŁ SZKOLNO-PRZEDSZKOLNY NR 4 SZKOŁA PODSTAWOWA NR 11 IM. NA BURSZTYNOWYM SZLAKU W GDAŃSKU,gdansk/szkola-podstawowa/zespol-szkolno-przedszkolny-nr-4-szkola-podstawowa-nr-11-im-na-bursztynowym-szlaku-w-gdansku-17319,Gdańsk,POMORSKIE,34.4,465,565,True
2021,mathematics,110,019c23d9-12c5-7174-806b-5519c4e30380,SZKOŁA PODSTAWOWA NR 56 IM. ANDRZEJA STRUGA W GDAŃSKU,gdansk/szkola-podstawowa/szkola-podstawowa-nr-56-im-andrzeja-struga-w-gdansku-9704,Gdańsk,POMORSKIE,33.7,474,565,True
2021,mathematics,111,019c23a3-70b9-7839-89f4-5c8c3b97c69d,SZKOŁA PODSTAWOWA NR 10 IM. EUGENIUSZA KWIATKOWSKIEGO,gdynia/szkola-podstawowa/szkola-podstawowa-nr-10-im-eugeniusza-kwiatkowskiego-4300,Gdynia,POMORSKIE,33.3,481,565,True
2021,mathematics,112,019c23dc-b40a-798a-ba95-5692bb2959f6,SZKOŁA PODSTAWOWA NR 43 IM. WICEADMIRAŁA KAZIMIERZA PORĘBSKIEGO,gdynia/szkola-podstawowa/szkola-podstawowa-nr-43-im-wiceadmirala-kazimierza-porebskiego-35190,Gdynia,POMORSKIE,33.24,484,565,True
2021,mathematics,113,019c23da-ae03-724a-85aa-1dc846c7c42b,SZKOŁA PODSTAWOWA NR 65 IM. ALFA LICZMAŃSKIEGO W GDAŃSKU,gdansk/szkola-podstawowa/szkola-podstawowa-nr-65-im-alfa-liczmanskiego-w-gdansku-19820,Gdańsk,POMORSKIE,33.09,490,565,True
2021,mathematics,114,019c23a3-6c55-7725-83c1-8f8655b3fd79,SZKOŁA PODSTAWOWA NR 35 IM. KPT. STANISŁAWA KOSKO,gdynia/szkola-podstawowa/szkola-podstawowa-nr-35-im-kpt-stanislawa-kosko-4284,Gdynia,POMORSKIE,32.92,496,565,True
2021,mathematics,115,019c23d9-2b49-7cd5-adb2-cca317fb715b,SZKOŁA PODSTAWOWA NR 16 IM. WŁADYSŁAWA BRONIEWSKIEGO W GDAŃSKU,gdansk/szkola-podstawowa/szkola-podstawowa-nr-16-im-wladyslawa-broniewskiego-w-gdansku-10294,Gdańsk,POMORSKIE,31.12,514,565,True
2021,mathematics,116,019c23d9-1ebc-7f7f-8e28-6fd73a5690e0,SZKOŁA PODSTAWOWA NR 21 IM. KPT. Ż. W. OLGIERDA BORCHARDTA W GDAŃSKU,gdansk/szkola-podstawowa/szkola-podstawowa-nr-21-im-kpt-z-w-olgierda-borchardta-w-gdansku-10067,Gdańsk,POMORSKIE,27.38,537,565,True
2021,mathematics,117,019c23da-4cec-7562-b8d2-47abc21f2b67,SZKOŁA PODSTAWOWA NR 69 IM GENERAŁA STANISŁAWA SOSABOWSKIEGO W GDAŃSKU,gdansk/szkola-podstawowa/szkola-podstawowa-nr-69-im-generala-stanislawa-sosabowskiego-w-gdansku-17410,Gdańsk,POMORSKIE,27.33,538,565,True
2021,mathematics,118,019c23dc-d556-7fff-be9c-9054842b9126,SZKOŁA PODSTAWOWA SPECJALNA NR 28,gdansk/szkola-podstawowa/szkola-podstawowa-specjalna-nr-28-39066,Gdańsk,POMORSKIE,14.77,565,565,True
2022,mathematics,1,019c23e2-10a9-7973-9adf-79949fc7bf33,AMERYKAŃSKA SZKOŁA PODSTAWOWA Z WYKŁADOWYM JĘZYKIEM ANGIELSKIM,gdynia/szkola-podstawowa/amerykanska-szkola-podstawowa-z-wykladowym-jezykiem-angielskim-90298,Gdynia,POMORSKIE,94,1,645,False
2022,mathematics,2,019c23e1-702a-7a7b-ac88-3904f32de525,KATOLICKA SZKOŁA PODSTAWOWA IM. ŚW. KAZIMIERZA W GDAŃSKU,gdansk/szkola-podstawowa/katolicka-szkola-podstawowa-im-sw-kazimierza-w-gdansku-86270,Gdańsk,POMORSKIE,92.5,2,645,False
2022,mathematics,3,019c23dd-3a9e-7e6f-80ef-4d360046bc2a,"PODSTAWOWA SZKOŁA SPOŁECZNA ""NIEDŹWIEDNIK""",gdansk/szkola-podstawowa/podstawowa-szkola-spoleczna-niedzwiednik-43412,Gdańsk,POMORSKIE,91.87,4,645,False
2022,mathematics,4,019c23e1-6bad-7a57-91d1-e87f5608fb63,I SPOŁECZNA SZKOŁA PODSTAWOWA SPOŁECZNEGO TOWARZYSTWA OŚWIATOWEGO,gdansk/szkola-podstawowa/i-spoleczna-szkola-podstawowa-spolecznego-towarzystwa-oswiatowego-86148,Gdańsk,POMORSKIE,91.78,5,645,False
2022,mathematics,5,019c23c2-5015-788a-b0d6-d50600a116f4,PIERWSZA SZKOŁA SPOŁECZNA PODSTAWOWA IM.DZIECI ZJEDNOCZONEJ EUROPY,gdynia/szkola-podstawowa/pierwsza-szkola-spoleczna-podstawowa-im-dzieci-zjednoczonej-europy-5959,Gdynia,POMORSKIE,91.76,6,645,False
2022,mathematics,6,019c23e1-7027-749c-bb81-1e9b35e222db,SZKOŁA PODSTAWOWA IM. ŚW. JANA DE LA SALLE,gdansk/szkola-podstawowa/szkola-podstawowa-im-sw-jana-de-la-salle-86264,Gdańsk,POMORSKIE,91.19,7,645,False
2022,mathematics,7,019c23d9-40aa-7f43-9c99-6ba57bfa4d05,"PRYWATNA SZKOŁA PODSTAWOWA ""LIBER""",gdynia/szkola-podstawowa/prywatna-szkola-podstawowa-liber-10829,Gdynia,POMORSKIE,91.08,8,645,False
2022,mathematics,8,019c23e1-616e-74f1-adca-e1dedbc7bfcc,GDAŃSKIE SZKOŁY AUTONOMICZNE GDAŃSKA AUTONOMICZNA SZKOŁA PODSTAWOWA,gdansk/szkola-podstawowa/gdanskie-szkoly-autonomiczne-gdanska-autonomiczna-szkola-podstawowa-85999,Gdańsk,POMORSKIE,89.26,10,645,False
2022,mathematics,9,019c23e1-6b8c-747d-b86a-71d4163a5729,II SPOŁECZNA SZKOŁA PODSTAWOWA SPOŁECZNEGO TOWARZYSTWA OŚWIATOWEGO,gdansk/szkola-podstawowa/ii-spoleczna-szkola-podstawowa-spolecznego-towarzystwa-oswiatowego-86125,Gdańsk,POMORSKIE,89,11,645,False
2022,mathematics,10,019c23e1-7546-7a86-9791-e2c8d2fa541c,III SPOŁECZNA SZKOŁA PODSTAWOWA SPOŁECZNEGO TOWARZYSTWA OŚWIATOWEGO,gdansk/szkola-podstawowa/iii-spoleczna-szkola-podstawowa-spolecznego-towarzystwa-oswiatowego-86458,Gdańsk,POMORSKIE,86.4,12,645,False
2022,mathematics,11,019c23e6-8743-7bcc-93e1-e404525427ad,KATOLICKA SZKOŁA PODSTAWOWA IM. ŚW. JANA PAWŁA II W GDYNI,gdynia/szkola-podstawowa/katolicka-szkola-podstawowa-im-sw-jana-pawla-ii-w-gdyni-263021,Gdynia,POMORSKIE,86.32,13,645,True
2022,mathematics,12,019c23dc-4f7e-7b00-893f-76a6c05182cb,"""FREGATA"" SZKOŁA PODSTAWOWA DLA CHŁOPCÓW",gdansk/szkola-podstawowa/fregata-szkola-podstawowa-dla-chlopcow-30613,Gdańsk,POMORSKIE,86.12,14,645,False
2022,mathematics,13,019c23df-42af-7f75-a61d-e7cab4b0088e,"NIEPUBLICZNA SZKOŁA PODSTAWOWA ""SOKRATES""",gdansk/szkola-podstawowa/niepubliczna-szkola-podstawowa-sokrates-66309,Gdańsk,POMORSKIE,85.7,17,645,False
2022,mathematics,14,019c23a3-638e-77f5-a650-11ec5780f3a1,SZKOŁA PODSTAWOWA NR 20 IM. 2 MORSKIEGO PUŁKU STRZELCÓW,gdynia/szkola-podstawowa/szkola-podstawowa-nr-20-im-2-morskiego-pulku-strzelcow-4053,Gdynia,POMORSKIE,85.57,18,645,True
2022,mathematics,15,019c23df-0382-744f-9214-164cfe6ca861,KATOLICKA SZKOŁA PODSTAWOWA IM ŚW. RODZINY W GDYNI,gdynia/szkola-podstawowa/katolicka-szkola-podstawowa-im-sw-rodziny-w-gdyni-62306,Gdynia,POMORSKIE,84.89,21,645,True
2022,mathematics,16,019c23e0-a250-77d3-9f40-51c0eb31bc45,NOWY ŚWIAT NIEPUBLICZNA SZKOŁA PODSTAWOWA,gdansk/szkola-podstawowa/nowy-swiat-niepubliczna-szkola-podstawowa-80448,Gdańsk,POMORSKIE,83.6,22,645,False
2022,mathematics,17,019c23dc-0ac6-7b9c-beca-c8c521f0c7d0,NIEPUBLICZNA POLSKO-BRYTYJSKA SZKOŁA PODSTAWOWA NR 1,gdansk/szkola-podstawowa/niepubliczna-polsko-brytyjska-szkola-podstawowa-nr-1-28757,Gdańsk,POMORSKIE,83.43,23,645,False
2022,mathematics,18,019c23e4-0df5-72c8-8d0a-f60a60b1d6aa,FREGATA SZKOŁA PODSTAWOWA DLA DZIEWCZĄT,gdansk/szkola-podstawowa/fregata-szkola-podstawowa-dla-dziewczat-119762,Gdańsk,POMORSKIE,81.82,30,645,False
2022,mathematics,19,019c23e4-e46e-77cd-9898-1265e6b8e72a,"SZKOŁA PODSTAWOWA TOWARZYSTWA EDUKACYJNEGO ""VIZJA""",gdansk/szkola-podstawowa/szkola-podstawowa-towarzystwa-edukacyjnego-vizja-125174,Gdańsk,POMORSKIE,81.33,31,645,False
2022,mathematics,20,019c23a3-7a25-7a48-9035-f6ee0586e79e,SZKOŁA PODSTAWOWA NR 18 IM. KORNELA MAKUSZYŃSKIEGO,gdynia/szkola-podstawowa/szkola-podstawowa-nr-18-im-kornela-makuszynskiego-4563,Gdynia,POMORSKIE,81.16,32,645,True
2022,mathematics,21,019c23e6-8232-73bf-b6e1-7a35421bad2a,GDAŃSKA SZKOŁA PODSTAWOWA LINGWISTA IM. HYMNU NARODOWEGO,gdansk/szkola-podstawowa/gdanska-szkola-podstawowa-lingwista-im-hymnu-narodowego-262904,Gdańsk,POMORSKIE,80.89,33,645,False
2022,mathematics,22,019c23dd-003a-7b91-bef7-d4aa330ccd8f,PODSTAWOWA SZKOŁA GEDANENSIS,gdansk/szkola-podstawowa/podstawowa-szkola-gedanensis-41069,Gdańsk,POMORSKIE,80.44,34,645,False
2022,mathematics,23,019c23d9-2ff9-7558-b408-a671ea287fd4,SZKOŁA PODSTAWOWA NR 77 W GDAŃSKU,gdansk/szkola-podstawowa/szkola-podstawowa-nr-77-w-gdansku-10388,Gdańsk,POMORSKIE,78.34,36,645,True
2022,mathematics,24,019c23e6-822b-71e3-aeb7-37bd77f77703,NIEPUBLICZNA SZKOŁA PODSTAWOWA THINKING ZONE W GDAŃSKU,gdansk/szkola-podstawowa/niepubliczna-szkola-podstawowa-thinking-zone-w-gdansku-262876,Gdańsk,POMORSKIE,77.45,38,645,False
2022,mathematics,25,019c23e6-44e2-71ff-9942-036eed85be55,SZKOŁA PODSTAWOWA JEZUITÓW Z ODDZIAŁAMI DWUJĘZYCZNYMI IM. ŚW. STANISŁAWA KOSTKI W GDYNI,gdynia/szkola-podstawowa/szkola-podstawowa-jezuitow-z-oddzialami-dwujezycznymi-im-sw-stanislawa-kostki-w-gdyni-133486,Gdynia,POMORSKIE,77.39,39,645,False
2022,mathematics,26,019c23e0-8b74-72e7-8e09-ed9226ceb02a,"NIEPUBLICZNA SZKOŁA PODSTAWOWA ""NASZA SZKOŁA""",gdansk/szkola-podstawowa/niepubliczna-szkola-podstawowa-nasza-szkola-79859,Gdańsk,POMORSKIE,77.25,40,645,False
2022,mathematics,27,019c23e6-684d-706a-997d-2aa66781268f,ZESPÓŁ SZKÓŁ OGÓLNOKSZTAŁCĄCYCH NR 2 SZKOŁA PODSTAWOWA NR 33 IM. STEFANA BANACHA W GDAŃSKU,gdansk/szkola-podstawowa/zespol-szkol-ogolnoksztalcacych-nr-2-szkola-podstawowa-nr-33-im-stefana-banacha-w-gdansku-262215,Gdańsk,POMORSKIE,77.22,41,645,True
2022,mathematics,28,019c23dc-d559-74be-95fd-718e8de6e0c7,SZKOŁA PODSTAWOWA NR 48 IM. GEN. JÓZEFA HALLERA W GDAŃSKU,gdansk/szkola-podstawowa/szkola-podstawowa-nr-48-im-gen-jozefa-hallera-w-gdansku-39070,Gdańsk,POMORSKIE,76.56,45,645,True
2022,mathematics,29,019c23e1-6622-77f7-a4ee-d5f098fbba0c,ELEMENTARY INTERNATIONAL SCHOOL OF GDANSK/MIĘDZYNARODOWA SZKOŁA PODSTAWOWA W GDAŃSKU,gdansk/szkola-podstawowa/elementary-international-school-of-gdansk-miedzynarodowa-szkola-podstawowa-w-gdansku-86063,Gdańsk,POMORSKIE,76,47,645,False
2022,mathematics,30,019c23d9-1e9b-77ef-b38a-df73b6885e86,GDAŃSKA SZKOŁA SZERMIERKI - SZKOŁA PODSTAWOWA NR 70 Z ODDZIAŁAMI SPORTOWYMI W GDAŃSKU,gdansk/szkola-podstawowa/gdanska-szkola-szermierki-szkola-podstawowa-nr-70-z-oddzialami-sportowymi-w-gdansku-9987,Gdańsk,POMORSKIE,75.78,48,645,True
2022,mathematics,31,019c23d9-3461-76c2-9659-24047f985f67,SZKOŁA PODSTAWOWA NR 89 IM. TADEUSZA MAZOWIECKIEGO W GDAŃSKU,gdansk/szkola-podstawowa/szkola-podstawowa-nr-89-im-tadeusza-mazowieckiego-w-gdansku-10576,Gdańsk,POMORSKIE,75.48,50,645,True
2022,mathematics,32,019c23d9-0ec4-7c18-aff6-30bef43c1c8a,SZKOŁA PODSTAWOWA NR 39 IM. WOJSKA POLSKIEGO W GDAŃSKU,gdansk/szkola-podstawowa/szkola-podstawowa-nr-39-im-wojska-polskiego-w-gdansku-9587,Gdańsk,POMORSKIE,74.46,53,645,True
2022,mathematics,33,019c23df-d124-73b5-88a5-48d994aa5d99,BRITISH INTERNATIONAL SCHOOL GDAŃSK - SZKOLA PODSTAWOWA,gdansk/szkola-podstawowa/british-international-school-gdansk-szkola-podstawowa-71958,Gdańsk,POMORSKIE,74,54,645,False
2022,mathematics,34,019c23df-42b0-741e-a372-78fd58048094,"GDAŃSKA SZKOŁA PODSTAWOWA ""LINGWISTA"" IM. ZJEDNOCZONEJ EUROPY",gdansk/szkola-podstawowa/gdanska-szkola-podstawowa-lingwista-im-zjednoczonej-europy-66313,Gdańsk,POMORSKIE,73.71,56,645,False
2022,mathematics,35,019c23e2-287c-7ccd-8fc1-96afe989471e,GDYŃSKA SZKOŁA SPOŁECZNA,gdynia/szkola-podstawowa/gdynska-szkola-spoleczna-90963,Gdynia,POMORSKIE,73.71,56,645,False
2022,mathematics,36,019c23e6-684b-7419-81fe-0a53b548460f,SZKOŁA PODSTAWOWA NR 43 IM. JANA KOCHANOWSKIEGO W GDAŃSKU,gdansk/szkola-podstawowa/szkola-podstawowa-nr-43-im-jana-kochanowskiego-w-gdansku-262207,Gdańsk,POMORSKIE,73.27,58,645,True
2022,mathematics,37,019c23e6-6336-74b1-a323-90ae58f27aae,SZKOŁA PODSTAWOWA NR 53 W GDYNI,gdynia/szkola-podstawowa/szkola-podstawowa-nr-53-w-gdyni-196340,Gdynia,POMORSKIE,73,59,645,True
2022,mathematics,38,019c23e6-360d-759c-84e6-ceea1e717cdf,"PUBLICZNA SZKOŁA PODSTAWOWA ""OLIMPIJCZYK"" W GDAŃSKU Z ODDZIAŁAMI SPORTOWYMI",gdansk/szkola-podstawowa/publiczna-szkola-podstawowa-olimpijczyk-w-gdansku-z-oddzialami-sportowymi-133053,Gdańsk,POMORSKIE,72.87,60,645,True
2022,mathematics,39,019c23d8-ecbd-7091-915f-8b6001e8b49b,ZESPÓŁ SZKOLNO-PRZEDSZKOLNY NR 10 - SZKOŁA PODSTAWOWA NR 80 IM. BUDOWNICZYCH PORTU PÓŁNOCNEGO W GDAŃSKU,gdansk/szkola-podstawowa/zespol-szkolno-przedszkolny-nr-10-szkola-podstawowa-nr-80-im-budowniczych-portu-polnocnego-w-gdansku-8641,Gdańsk,POMORSKIE,72.86,61,645,True
2022,mathematics,40,019c23d8-a52a-7a3a-8268-ef536be69d0e,SZKOŁA PODSTAWOWA NR 12,gdynia/szkola-podstawowa/szkola-podstawowa-nr-12-6850,Gdynia,POMORSKIE,72.72,62,645,True
2022,mathematics,41,019c23d9-2b63-75d2-adec-34a0b4117138,SZKOŁA PODSTAWOWA NR 47 IM. KASZUBSKIEJ BRYGADY WOP W GDAŃSKU,gdansk/szkola-podstawowa/szkola-podstawowa-nr-47-im-kaszubskiej-brygady-wop-w-gdansku-10347,Gdańsk,POMORSKIE,72.5,63,645,True
2022,mathematics,42,019c23e6-051e-7701-88cc-d1057025f38f,MORSKA SZKOŁA PODSTAWOWA IM. ALEKSANDRA DOBY W GDAŃSKU,gdansk/szkola-podstawowa/morska-szkola-podstawowa-im-aleksandra-doby-w-gdansku-131786,Gdańsk,POMORSKIE,72.48,64,645,True
2022,mathematics,43,019c23da-1b7c-792c-a0a7-e530093145c9,SZKOŁA PODSTAWOWA NR 19 IM. ZASŁUŻONYCH LUDZI MORZA W GDAŃSKU,gdansk/szkola-podstawowa/szkola-podstawowa-nr-19-im-zasluzonych-ludzi-morza-w-gdansku-16227,Gdańsk,POMORSKIE,71.02,70,645,True
2022,mathematics,44,019c23a3-75b0-7d7e-86dd-3343db3b43a5,SZKOŁA PODSTAWOWA NR 34 Z ODDZIAŁAMI INTEGRACYJNYMI IM. LEONIDA TELIGI,gdynia/szkola-podstawowa/szkola-podstawowa-nr-34-z-oddzialami-integracyjnymi-im-leonida-teligi-4419,Gdynia,POMORSKIE,70.81,71,645,True
2022,mathematics,45,019c23da-2000-7339-9fe0-e64502f79156,SZKOŁA PODSTAWOWA NR 88 IM. DANIELA GABRIELA FAHRENHEITA W GDAŃSKU,gdansk/szkola-podstawowa/szkola-podstawowa-nr-88-im-daniela-gabriela-fahrenheita-w-gdansku-16374,Gdańsk,POMORSKIE,70.77,72,645,True
2022,mathematics,46,019c23d8-e470-7b69-baa6-781b51f124ca,SZKOŁA PODSTAWOWA NR 12 IM. PRZYJACIÓŁ GDAŃSKA,gdansk/szkola-podstawowa/szkola-podstawowa-nr-12-im-przyjaciol-gdanska-8438,Gdańsk,POMORSKIE,70.69,73,645,True
2022,mathematics,47,019c23d9-5991-7ce9-bb1e-4e647aaddc8a,SZKOŁA PODSTAWOWA NR 48 IM. PROFESORA KAZIMIERZA DEMELA,gdynia/szkola-podstawowa/szkola-podstawowa-nr-48-im-profesora-kazimierza-demela-11470,Gdynia,POMORSKIE,70.59,74,645,True
2022,mathematics,48,019c23e4-b360-786c-ac20-381ed98490bd,POZYTYWNA SZKOŁA PODSTAWOWA IM. ARKADIUSZA ARAMA RYBICKIEGO W GDAŃSKU,gdansk/szkola-podstawowa/pozytywna-szkola-podstawowa-im-arkadiusza-arama-rybickiego-w-gdansku-124084,Gdańsk,POMORSKIE,70.49,75,645,True
2022,mathematics,49,019c23a3-70d7-774d-af73-159690741af8,SZKOŁA PODSTAWOWA NR 16 IM. ORŁA BIAŁEGO,gdynia/szkola-podstawowa/szkola-podstawowa-nr-16-im-orla-bialego-4324,Gdynia,POMORSKIE,70.2,78,645,True
2022,mathematics,50,019c23da-c063-757a-ada4-fa8901bb4825,SZKOŁA PODSTAWOWA NR 85 IM. ZRZESZENIA KASZUBSKO-POMORSKIEGO W GDAŃSKU,gdansk/szkola-podstawowa/szkola-podstawowa-nr-85-im-zrzeszenia-kaszubsko-pomorskiego-w-gdansku-20267,Gdańsk,POMORSKIE,70,80,645,True
2022,mathematics,51,019c23da-3e61-71e4-b691-c712f00f4e4e,SZKOŁA PODSTAWOWA NR 38 IM. GEN. STANISŁAWA MACZKA W GDAŃSKU,gdansk/szkola-podstawowa/szkola-podstawowa-nr-38-im-gen-stanislawa-maczka-w-gdansku-17066,Gdańsk,POMORSKIE,69.96,81,645,True
2022,mathematics,52,019c23da-df6d-70fb-a550-320356e362db,SZKOŁA PODSTAWOWA NR 81 W GDAŃSKU IM. PROF. MICHAŁA SIEDLECKIEGO,gdansk/szkola-podstawowa/szkola-podstawowa-nr-81-w-gdansku-im-prof-michala-siedleckiego-21025,Gdańsk,POMORSKIE,69.81,83,645,True
2022,mathematics,53,019c23d9-eba1-7f39-bab8-3a23a9c4095f,SZKOŁA PODSTAWOWA NR 1 IM. MARIUSZA ZARUSKIEGO W GDAŃSKU,gdansk/szkola-podstawowa/szkola-podstawowa-nr-1-im-mariusza-zaruskiego-w-gdansku-15124,Gdańsk,POMORSKIE,69.64,85,645,True
2022,mathematics,54,019c23d8-e47c-7508-876a-98d51336b614,SZKOŁA PODSTAWOWA NR 8 IM. OBROŃCÓW HELU,gdynia/szkola-podstawowa/szkola-podstawowa-nr-8-im-obroncow-helu-8469,Gdynia,POMORSKIE,69.4,86,645,True
2022,mathematics,55,019c23d9-553e-73e4-9ace-31fd26aede63,SZKOŁA PODSTAWOWA NR 2 Z ODDZIAŁAMI SPORTOWYMI IM. ARMII KRAJOWEJ W GDAŃSKU,gdansk/szkola-podstawowa/szkola-podstawowa-nr-2-z-oddzialami-sportowymi-im-armii-krajowej-w-gdansku-11368,Gdańsk,POMORSKIE,69.2,88,645,True
2022,mathematics,56,019c23d8-c6c3-7bb7-8e43-445c8d4a0b6a,SZKOŁA PODSTAWOWA NR 27 IM. DZIECI ZJEDNOCZONEJ EUROPY W GDAŃSKU,gdansk/szkola-podstawowa/szkola-podstawowa-nr-27-im-dzieci-zjednoczonej-europy-w-gdansku-7678,Gdańsk,POMORSKIE,69.17,89,645,True
2022,mathematics,57,019c23d8-c6bd-799e-9b80-d85cac1026bb,SZKOŁA PODSTAWOWA NR 46,gdynia/szkola-podstawowa/szkola-podstawowa-nr-46-7669,Gdynia,POMORSKIE,68.85,90,645,True
2022,mathematics,58,019c23a3-70d2-7755-a470-e426e5a2be3f,SZKOŁA PODSTAWOWA NR 26 IM. ŻOŁNIERZY ARMII KRAJOWEJ,gdynia/szkola-podstawowa/szkola-podstawowa-nr-26-im-zolnierzy-armii-krajowej-4319,Gdynia,POMORSKIE,68.68,92,645,True
2022,mathematics,59,019c23d8-d727-7bf3-b3fe-24b3ada1fc95,ZESPÓŁ SZKOLNO-PRZEDSZKOLNY NR 8 SZKOŁA PODSTAWOWA NR 8 W GDAŃSKU IM. PRZYJACIÓŁ ZIEMI,gdansk/szkola-podstawowa/zespol-szkolno-przedszkolny-nr-8-szkola-podstawowa-nr-8-w-gdansku-im-przyjaciol-ziemi-8060,Gdańsk,POMORSKIE,68.29,95,645,True
2022,mathematics,60,019c23e6-0057-7286-81e5-64c55679732b,SZKOŁA PODSTAWOWA BE MONTESSORI SCHOOL GDAŃSK,gdansk/szkola-podstawowa/szkola-podstawowa-be-montessori-school-gdansk-131758,Gdańsk,POMORSKIE,67.64,98,645,False
2022,mathematics,61,019c23d8-e07d-76cb-9b5e-85b1a751670d,SZKOŁA PODSTAWOWA NR 79 W GDAŃSKU,gdansk/szkola-podstawowa/szkola-podstawowa-nr-79-w-gdansku-8320,Gdańsk,POMORSKIE,67.5,101,645,True
2022,mathematics,62,019c23dc-1811-7223-957c-286dc340975f,ZESPÓŁ KSZTAŁCENIA PODSTAWOWEGO I PRZEDSZKOLNEGO NR 1 W GDAŃSKU - SZKOŁA PODSTAWOWA NR 87,gdansk/szkola-podstawowa/zespol-ksztalcenia-podstawowego-i-przedszkolnego-nr-1-w-gdansku-szkola-podstawowa-nr-87-29329,Gdańsk,POMORSKIE,67.33,104,645,True
2022,mathematics,63,019c23a3-75e9-7347-bd1d-1b2cbe30a2e8,SZKOŁA PODSTAWOWA NR 37 IM. OBROŃCÓW KĘPY OKSYWSKIEJ,gdynia/szkola-podstawowa/szkola-podstawowa-nr-37-im-obroncow-kepy-oksywskiej-4482,Gdynia,POMORSKIE,67.18,106,645,True
2022,mathematics,64,019c23d9-0a68-79f6-a021-c13fdb35a980,SZKOŁA PODSTAWOWA NR 44 IM. ADAMA MICKIEWICZA W GDAŃSKU,gdansk/szkola-podstawowa/szkola-podstawowa-nr-44-im-adama-mickiewicza-w-gdansku-9480,Gdańsk,POMORSKIE,66.17,110,645,True
2022,mathematics,65,019c23d8-cacd-7a17-93b6-39278ecb5275,SZKOŁA PODSTAWOWA NR 47 IM FRANCISZKI CEGIELSKIEJ,gdynia/szkola-podstawowa/szkola-podstawowa-nr-47-im-franciszki-cegielskiej-7747,Gdynia,POMORSKIE,66.17,110,645,True
2022,mathematics,66,019c23d9-0619-720a-93a6-8edb2759c6b2,SZKOŁA PODSTAWOWA NR 14 IM. KS. GRZEGORZA PIRAMOWICZA W GDAŃSKU,gdansk/szkola-podstawowa/szkola-podstawowa-nr-14-im-ks-grzegorza-piramowicza-w-gdansku-9378,Gdańsk,POMORSKIE,66.13,112,645,True
2022,mathematics,67,019c23e6-8234-7079-9edf-7a0a14cbe30e,NIEPUBLICZNA SZKOŁA PODSTAWOWA MISTRZOSTWA SPORTOWEGO GDAŃSKIEGO KLUBU SPORTOWEGO GEDANIA 1922,gdansk/szkola-podstawowa/niepubliczna-szkola-podstawowa-mistrzostwa-sportowego-gdanskiego-klubu-sportowego-gedania-1922-262911,Gdańsk,POMORSKIE,65.87,114,645,False
2022,mathematics,68,019c23d8-a4ff-73a3-b479-b9299e17310f,SZKOŁA PODSTAWOWA NR 42 IM. KRÓLOWEJ JADWIGI,gdynia/szkola-podstawowa/szkola-podstawowa-nr-42-im-krolowej-jadwigi-6783,Gdynia,POMORSKIE,65.66,117,645,True
2022,mathematics,69,019c23da-4809-7922-8ead-161d0e3c157b,ZESPÓŁ SZKOLNO-PRZEDSZKOLNY NR 5 SZKOŁA PODSTAWOWA NR 92 IM. KARD. STEFANA WYSZYŃSKIEGO PRYMASA TYSIĄCLECIA W GDAŃSKU,gdansk/szkola-podstawowa/zespol-szkolno-przedszkolny-nr-5-szkola-podstawowa-nr-92-im-kard-stefana-wyszynskiego-prymasa-tysiaclecia-w-gdansku-17348,Gdańsk,POMORSKIE,65.65,118,645,True
2022,mathematics,70,019c23d8-fd9e-761e-b612-0e8e151bc223,ZESPÓŁ SZKOLNO-PRZEDSZKOLNY NR 2 -SZKOŁA PODSTAWOWA NR 42 IM. IGNACEGO JANA PADEREWSKIEGO W GDAŃSKU,gdansk/szkola-podstawowa/zespol-szkolno-przedszkolny-nr-2-szkola-podstawowa-nr-42-im-ignacego-jana-paderewskiego-w-gdansku-9082,Gdańsk,POMORSKIE,65.56,120,645,True
2022,mathematics,71,019c23e7-52ca-784c-811e-bda62a5e0807,NIEPUBLICZNA SZKOŁA PODSTAWOWA ŻYRAFIA OSADA,gdansk/szkola-podstawowa/niepubliczna-szkola-podstawowa-zyrafia-osada-272459,Gdańsk,POMORSKIE,64.57,123,645,False
2022,mathematics,72,019c23e4-353d-7512-9435-8d4aefd8c29a,CHRZEŚCIJAŃSKA SZKOŁA MONTESSORI,gdansk/szkola-podstawowa/chrzescijanska-szkola-montessori-120645,Gdańsk,POMORSKIE,64.28,126,645,False
2022,mathematics,73,019c23da-e3d0-7afd-9493-64c60b0c3411,SPORTOWA SZKOŁA PODSTAWOWA NR 14 IM. JÓZEFA WYBICKIEGO,gdynia/szkola-podstawowa/sportowa-szkola-podstawowa-nr-14-im-jozefa-wybickiego-21126,Gdynia,POMORSKIE,63.85,131,645,True
2022,mathematics,74,019c23d9-da46-7c1b-9c39-986de2e79ab4,SZKOŁA PODSTAWOWA NR 50 IM. E.PLATER W GDAŃSKU,gdansk/szkola-podstawowa/szkola-podstawowa-nr-50-im-e-plater-w-gdansku-14699,Gdańsk,POMORSKIE,63.38,133,645,True
2022,mathematics,75,019c23a3-70e8-7c0e-af43-3222d4fabbed,SZKOŁA PODSTAWOWA NR 21 IM. LUDZI MORZA I MARZEŃ W GDYNI,gdynia/szkola-podstawowa/szkola-podstawowa-nr-21-im-ludzi-morza-i-marzen-w-gdyni-4342,Gdynia,POMORSKIE,63.22,138,645,True
2022,mathematics,76,019c23d8-c2ba-7bcd-8948-9b3fcebc65ac,SZKOŁA PODSTAWOWA NR 44 IM. OBROŃCÓW WYBRZEŻA,gdynia/szkola-podstawowa/szkola-podstawowa-nr-44-im-obroncow-wybrzeza-7580,Gdynia,POMORSKIE,62.77,143,645,True
2022,mathematics,77,019c23da-4cf4-7a92-9517-c95e57d65bf2,ZESPÓŁ SZKÓŁ OGÓLNOKSZTAŁCĄCYCH NR 10 IM. EUGENIUSZA KWIATKOWSKIEGO W GDAŃSKU - SZKOŁA PODSTAWOWA NR 18,gdansk/szkola-podstawowa/zespol-szkol-ogolnoksztalcacych-nr-10-im-eugeniusza-kwiatkowskiego-w-gdansku-szkola-podstawowa-nr-18-17430,Gdańsk,POMORSKIE,62.54,148,645,True
2022,mathematics,78,019c23e6-6335-7afe-bf27-af1cd30a158a,SZKOŁA PODSTAWOWA NR 51 W GDYNI,gdynia/szkola-podstawowa/szkola-podstawowa-nr-51-w-gdyni-196334,Gdynia,POMORSKIE,62.44,149,645,True
2022,mathematics,79,019c23da-519a-7c2e-8060-0ebab795da65,SZKOŁA PODSTAWOWA NR 86 IM. PROF. JERZEGO SAMPA W GDAŃSKU,gdansk/szkola-podstawowa/szkola-podstawowa-nr-86-im-prof-jerzego-sampa-w-gdansku-17531,Gdańsk,POMORSKIE,62.4,150,645,True
2022,mathematics,80,019c23d9-389c-7d45-a285-0c4572f7f969,SZKOŁA PODSTAWOWA NR 24 IM. GUSTAWA MORCINKA W GDAŃSKU,gdansk/szkola-podstawowa/szkola-podstawowa-nr-24-im-gustawa-morcinka-w-gdansku-10634,Gdańsk,POMORSKIE,62.12,156,645,True
2022,mathematics,81,019c23da-16a7-7bae-bd8f-f15b4d7b4094,SZKOŁA PODSTAWOWA NR 58 IM. KAZIMIERZA SOŁTYSIKA W GDAŃSKU,gdansk/szkola-podstawowa/szkola-podstawowa-nr-58-im-kazimierza-soltysika-w-gdansku-16171,Gdańsk,POMORSKIE,61.7,163,645,True
2022,mathematics,82,019c23dd-35b0-701e-8d37-e6dba044228e,SZKOŁA PODSTAWOWA NR 40 IM. KPT. Ż. W. K. O. BORCHARDTA W GDYNI,gdynia/szkola-podstawowa/szkola-podstawowa-nr-40-im-kpt-z-w-k-o-borchardta-w-gdyni-42897,Gdynia,POMORSKIE,61.32,167,645,True
2022,mathematics,83,019c23d9-345c-7ea2-b61b-48027c766a69,SZKOŁA PODSTAWOWA NR 35 Z ODDZIAŁAMI SPORTOWYMI IM. JANA PARANDOWSKIEGO W GDAŃSKU,gdansk/szkola-podstawowa/szkola-podstawowa-nr-35-z-oddzialami-sportowymi-im-jana-parandowskiego-w-gdansku-10561,Gdańsk,POMORSKIE,61,173,645,True
2022,mathematics,84,019c23d8-e07a-727a-8b07-778131cb9584,SZKOŁA PODSTAWOWA NR 23 IM.DZIECI ŚWIATA W GDAŃSKU,gdansk/szkola-podstawowa/szkola-podstawowa-nr-23-im-dzieci-swiata-w-gdansku-8315,Gdańsk,POMORSKIE,60.74,177,645,True
2022,mathematics,85,019c23d9-4902-7358-8dc6-56f76bc75175,SZKOŁA PODSTAWOWA NR 46 W GDAŃSKU,gdansk/szkola-podstawowa/szkola-podstawowa-nr-46-w-gdansku-11134,Gdańsk,POMORSKIE,60.68,178,645,True
2022,mathematics,86,019c23da-ce21-7983-91bc-81d75501e8ec,SZKOŁA PODSTAWOWA NR 84 IM. JANA BRZECHWY W GDAŃSKU,gdansk/szkola-podstawowa/szkola-podstawowa-nr-84-im-jana-brzechwy-w-gdansku-20599,Gdańsk,POMORSKIE,59.84,192,645,True
2022,mathematics,87,019c23d8-a94f-7be1-9898-adc01a806e7d,SZKOŁA PODSTAWOWA NR 11 IM. BOHATERÓW ZAŁOGI ORP GROM,gdynia/szkola-podstawowa/szkola-podstawowa-nr-11-im-bohaterow-zalogi-orp-grom-6970,Gdynia,POMORSKIE,59.65,195,645,True
2022,mathematics,88,019c23d9-eba5-7de0-b876-e70dfbffee51,SZKOŁA PODSTAWOWA NR 82 IM. PROF. JANA CZOCHRALSKIEGO W GDAŃSKU,gdansk/szkola-podstawowa/szkola-podstawowa-nr-82-im-prof-jana-czochralskiego-w-gdansku-15135,Gdańsk,POMORSKIE,59.46,200,645,True
2022,mathematics,89,019c23a3-7a00-7af2-af5c-a2ea233a5be0,SZKOŁA PODSTAWOWA NR 28 IM. LOTNIKÓW POLSKICH,gdynia/szkola-podstawowa/szkola-podstawowa-nr-28-im-lotnikow-polskich-4529,Gdynia,POMORSKIE,58.79,210,645,True
2022,mathematics,90,019c23a3-6c54-7172-91cf-67b2ea639da9,SZKOŁA PODSTAWOWA NR 29 IM. STEFANA ŻEROMSKIEGO,gdynia/szkola-podstawowa/szkola-podstawowa-nr-29-im-stefana-zeromskiego-4282,Gdynia,POMORSKIE,58.73,214,645,True
2022,mathematics,91,019c23a3-70c6-7bb5-a755-019f996cf421,SZKOŁA PODSTAWOWA NR 17 IM. WICEADM. JÓZEFA UNRUGA,gdynia/szkola-podstawowa/szkola-podstawowa-nr-17-im-wiceadm-jozefa-unruga-4307,Gdynia,POMORSKIE,58.73,214,645,True
2022,mathematics,92,019c23e0-d61a-7512-8943-90c776299544,GDAŃSKA SZKOŁA PODSTAWOWA,gdansk/szkola-podstawowa/gdanska-szkola-podstawowa-81749,Gdańsk,POMORSKIE,58.5,219,645,False
2022,mathematics,93,019c23da-5197-7e67-b2b5-1afa97f67aed,ZESPÓŁ SZKOLNO - PRZEDSZKOLNY NR 1 W GDAŃSKU - SZKOŁA PODSTAWOWA NR 76 IM. JAROSŁAWA DĄBROWSKIEGO,gdansk/szkola-podstawowa/zespol-szkolno-przedszkolny-nr-1-w-gdansku-szkola-podstawowa-nr-76-im-jaroslawa-dabrowskiego-17523,Gdańsk,POMORSKIE,58.12,228,645,True
2022,mathematics,94,019c23d9-3446-7a8e-ab24-a3631d3f5f55,SZKOŁA PODSTAWOWA NR 17 IM. HETMANA STEFANA CZARNIECKIEGO W GDAŃSKU,gdansk/szkola-podstawowa/szkola-podstawowa-nr-17-im-hetmana-stefana-czarnieckiego-w-gdansku-10509,Gdańsk,POMORSKIE,57.24,238,645,True
2022,mathematics,95,019c23da-6f03-7a2c-aca0-ea29a1b765a7,ZESPÓŁ SZKÓŁ SPORTOWYCH I MISTRZOSTWA SPORTOWEGO IM. JANUSZA KUSOCIŃSKIEGO SPORTOWA SZKOŁA PODSTAWOWA NR 75 Z ODDZIAŁAMI MISTRZOSTWA SPORTOWEGO IM. JANUSZA KUSOCIŃSKIEGO W GDAŃSKU,gdansk/szkola-podstawowa/zespol-szkol-sportowych-i-mistrzostwa-sportowego-im-janusza-kusocinskiego-sportowa-szkola-podstawowa-nr-75-z-oddzialami-mistrzostwa-sportowego-im-janusza-kusocinskiego-w-gdansku-18269,Gdańsk,POMORSKIE,57,241,645,True
2022,mathematics,96,019c23d9-22dc-76f3-9e2a-664f7586c774,SZKOŁA PODSTAWOWA NR 45 IM. BOHATERÓW WESTERPLATTE W GDAŃSKU,gdansk/szkola-podstawowa/szkola-podstawowa-nr-45-im-bohaterow-westerplatte-w-gdansku-10166,Gdańsk,POMORSKIE,56.55,252,645,True
2022,mathematics,97,019c23a3-6c42-73aa-8216-7415b651b210,SZKOŁA PODSTAWOWA NR 6 IM. ANTONIEGO ABRAHAMA,gdynia/szkola-podstawowa/szkola-podstawowa-nr-6-im-antoniego-abrahama-4254,Gdynia,POMORSKIE,56.47,253,645,True
2022,mathematics,98,019c23e6-3628-785b-a4dc-cc72df55f50b,ZESPÓŁ SZKÓŁ OGÓLNOKSZTAŁCĄCYCH NR 6 SZKOŁA PODSTAWOWA MISTRZOSTWA SPORTOWEGO NR 94 IM. HANZY W GDAŃSKU,gdansk/szkola-podstawowa/zespol-szkol-ogolnoksztalcacych-nr-6-szkola-podstawowa-mistrzostwa-sportowego-nr-94-im-hanzy-w-gdansku-133139,Gdańsk,POMORSKIE,56,263,645,True
2022,mathematics,99,019c23a3-6c25-78e2-83db-aa6e190a852b,SZKOŁA PODSTAWOWA NR 39 IM. KPT Ż. W. KAZIMIERZA JURKIEWICZA,gdynia/szkola-podstawowa/szkola-podstawowa-nr-39-im-kpt-z-w-kazimierza-jurkiewicza-4221,Gdynia,POMORSKIE,55.81,268,645,True
2022,mathematics,100,019c23da-9c15-72ac-ab7f-c6b1a8a99cd9,SZKOŁA PODSTAWOWA NR 83 IM. ŻOŁNIERZY Z WESTERPLATTE W GDAŃSKU,gdansk/szkola-podstawowa/szkola-podstawowa-nr-83-im-zolnierzy-z-westerplatte-w-gdansku-19432,Gdańsk,POMORSKIE,55.76,269,645,True
2022,mathematics,101,019c23d9-0ead-7630-9204-e6b92d9fecdb,SZKOŁA PODSTAWOWA NR 15 IM. DR URSZULI MROCZKIEWICZ W GDAŃSKU,gdansk/szkola-podstawowa/szkola-podstawowa-nr-15-im-dr-urszuli-mroczkiewicz-w-gdansku-9540,Gdańsk,POMORSKIE,55.11,274,645,True
2022,mathematics,102,019c23a3-70f8-75de-8860-8173575c4202,SZKOŁA PODSTAWOWA NR 33 IM. OBROŃCÓW KĘPY OKSYWSKIEJ,gdynia/szkola-podstawowa/szkola-podstawowa-nr-33-im-obroncow-kepy-oksywskiej-4369,Gdynia,POMORSKIE,54.7,283,645,True
2022,mathematics,103,019c23dc-d54f-79dc-8565-c0afa55f1254,ZESPÓŁ SZKOLNO-PRZEDSZKOLNY NR 9 - SZKOŁA PODSTAWOWA NR 7 IM.MJRA MIECZYSŁAWA SŁABEGO,gdansk/szkola-podstawowa/zespol-szkolno-przedszkolny-nr-9-szkola-podstawowa-nr-7-im-mjra-mieczyslawa-slabego-39056,Gdańsk,POMORSKIE,53.96,300,645,True
2022,mathematics,104,019c23a3-6c51-7e63-8e84-358314c7f2f7,SZKOŁA PODSTAWOWA NR 23,gdynia/szkola-podstawowa/szkola-podstawowa-nr-23-4277,Gdynia,POMORSKIE,53.2,316,645,True
2022,mathematics,105,019c23c2-3f92-75cb-905d-13b1f3eabd7d,SZKOŁA PODSTAWOWA NR 13 IM. LUCJANA CYLKOWSKIEGO,gdynia/szkola-podstawowa/szkola-podstawowa-nr-13-im-lucjana-cylkowskiego-5534,Gdynia,POMORSKIE,52.92,321,645,True
2022,mathematics,106,019c23a3-6c55-7725-83c1-8f8655b3fd79,SZKOŁA PODSTAWOWA NR 35 IM. KPT. STANISŁAWA KOSKO,gdynia/szkola-podstawowa/szkola-podstawowa-nr-35-im-kpt-stanislawa-kosko-4284,Gdynia,POMORSKIE,52.6,326,645,True
2022,mathematics,107,019c23da-282c-7c40-8042-3e6d22bcad3e,SZKOŁA PODSTAWOWA NR 62 W GDAŃSKU,gdansk/szkola-podstawowa/szkola-podstawowa-nr-62-w-gdansku-16641,Gdańsk,POMORSKIE,51.31,349,645,True
2022,mathematics,108,019c23e7-2804-7c8c-82a9-e0fdb5ab5be2,ZESPÓŁ SZKOLNO-PRZEDSZKOLNY NR 6 SZKOŁA PODSTAWOWA NR 6 W GDAŃSKU,gdansk/szkola-podstawowa/zespol-szkolno-przedszkolny-nr-6-szkola-podstawowa-nr-6-w-gdansku-270564,Gdańsk,POMORSKIE,50.48,363,645,True
2022,mathematics,109,019c23d8-b206-7f8a-bf08-fb2a039dbb74,SZKOŁA PODSTAWOWA NR 31 IM. SYNÓW PUŁKU,gdynia/szkola-podstawowa/szkola-podstawowa-nr-31-im-synow-pulku-7112,Gdynia,POMORSKIE,50.24,369,645,True
2022,mathematics,110,019c23d9-eba1-7f39-bab8-3a23a758f192,ZESPÓŁ SZKOLNO-PRZEDSZKOLNY NR 7 SZKOŁA PODSTAWOWA NR 55 IM. JANA HEWELIUSZA W GDAŃSKU,gdansk/szkola-podstawowa/zespol-szkolno-przedszkolny-nr-7-szkola-podstawowa-nr-55-im-jana-heweliusza-w-gdansku-15122,Gdańsk,POMORSKIE,50.18,372,645,True
2022,mathematics,111,019c23d8-fd9d-744e-9f82-5950635e30d5,SZKOŁA PODSTAWOWA NR 40 IM. KPT. LEONIDA TELIGI W GDAŃSKU,gdansk/szkola-podstawowa/szkola-podstawowa-nr-40-im-kpt-leonida-teligi-w-gdansku-9081,Gdańsk,POMORSKIE,50.11,374,645,True
2022,mathematics,112,019c23d9-e794-7627-b7b8-61c1032c9f2c,SZKOŁA PODSTAWOWA NR 52 IM. TADEUSZA KOŚCIUSZKI W GDAŃSKU,gdansk/szkola-podstawowa/szkola-podstawowa-nr-52-im-tadeusza-kosciuszki-w-gdansku-15022,Gdańsk,POMORSKIE,49.96,380,645,True
2022,mathematics,113,019c23da-47f8-70d9-9ef8-b86e471b170f,ZESPÓŁ SZKOLNO-PRZEDSZKOLNY NR 4 SZKOŁA PODSTAWOWA NR 11 IM. NA BURSZTYNOWYM SZLAKU W GDAŃSKU,gdansk/szkola-podstawowa/zespol-szkolno-przedszkolny-nr-4-szkola-podstawowa-nr-11-im-na-bursztynowym-szlaku-w-gdansku-17319,Gdańsk,POMORSKIE,49.29,396,645,True
2022,mathematics,114,019c23d9-f4a4-71d1-8578-220dc18ef7eb,SZKOŁA PODSTAWOWA NR 60 W GDAŃSKU,gdansk/szkola-podstawowa/szkola-podstawowa-nr-60-w-gdansku-15253,Gdańsk,POMORSKIE,48.55,408,645,True
2022,mathematics,115,019c23da-2801-7317-a118-0261767bd083,ZESPÓŁ SZKOLNO-PRZEDSZKOLNY NR 11- SZKOŁA PODSTAWOWA NR 61 IM. JÓZEFA WYBICKIEGO W GDAŃSKU,gdansk/szkola-podstawowa/zespol-szkolno-przedszkolny-nr-11-szkola-podstawowa-nr-61-im-jozefa-wybickiego-w-gdansku-16564,Gdańsk,POMORSKIE,48.48,411,645,True
2022,mathematics,116,019c23dc-b40a-798a-ba95-5692bb2959f6,SZKOŁA PODSTAWOWA NR 43 IM. WICEADMIRAŁA KAZIMIERZA PORĘBSKIEGO,gdynia/szkola-podstawowa/szkola-podstawowa-nr-43-im-wiceadmirala-kazimierza-porebskiego-35190,Gdynia,POMORSKIE,48.16,419,645,True
2022,mathematics,117,019c23d9-40b0-79b5-9655-7cab9095c18f,SZKOŁA PODSTAWOWA NR 20 W GDAŃSKU IM. KMDR PPOR. JANA GRUDZIŃSKIEGO,gdansk/szkola-podstawowa/szkola-podstawowa-nr-20-w-gdansku-im-kmdr-ppor-jana-grudzinskiego-10842,Gdańsk,POMORSKIE,47.9,424,645,True
2022,mathematics,118,019c23e5-2a6a-73ce-975e-592aeded4b87,SZKOŁA PODSTAWOWA AKADEMII DOBREJ EDUKACJI IM. MACIEJA PŁAŻYŃSKIEGO,gdansk/szkola-podstawowa/szkola-podstawowa-akademii-dobrej-edukacji-im-macieja-plazynskiego-126944,Gdańsk,POMORSKIE,46,454,645,False
2022,mathematics,119,019c23d9-12c5-7174-806b-5519c4e30380,SZKOŁA PODSTAWOWA NR 56 IM. ANDRZEJA STRUGA W GDAŃSKU,gdansk/szkola-podstawowa/szkola-podstawowa-nr-56-im-andrzeja-struga-w-gdansku-9704,Gdańsk,POMORSKIE,45.21,470,645,True
2022,mathematics,120,019c23da-ae03-724a-85aa-1dc846c7c42b,SZKOŁA PODSTAWOWA NR 65 IM. ALFA LICZMAŃSKIEGO W GDAŃSKU,gdansk/szkola-podstawowa/szkola-podstawowa-nr-65-im-alfa-liczmanskiego-w-gdansku-19820,Gdańsk,POMORSKIE,43.88,495,645,True
2022,mathematics,121,019c23da-431f-7c71-94e8-8342096d9b44,SZKOŁA PODSTAWOWA NR 4 IM. KRÓLA KAZIMIERZA JAGIELLOŃCZYKA W GDAŃSKU,gdansk/szkola-podstawowa/szkola-podstawowa-nr-4-im-krola-kazimierza-jagiellonczyka-w-gdansku-17192,Gdańsk,POMORSKIE,43.57,499,645,True
2022,mathematics,122,019c23c2-5021-765c-a5a1-10c9aa4aff6d,SZKOŁA PODSTAWOWA NR 29 IM. JERZEGO PUCKA W GDAŃSKU,gdansk/szkola-podstawowa/szkola-podstawowa-nr-29-im-jerzego-pucka-w-gdansku-5981,Gdańsk,POMORSKIE,43.2,504,645,True
2022,mathematics,123,019c23a3-70b9-7839-89f4-5c8c3b97c69d,SZKOŁA PODSTAWOWA NR 10 IM. EUGENIUSZA KWIATKOWSKIEGO,gdynia/szkola-podstawowa/szkola-podstawowa-nr-10-im-eugeniusza-kwiatkowskiego-4300,Gdynia,POMORSKIE,42.51,517,645,True
2022,mathematics,124,019c23da-0a47-79b7-8d48-cb89702169f5,SZKOŁA PODSTAWOWA NR 59 IM. I DYWIZJI PANCERNEJ GEN. STANISŁAWA MACZKA W GDAŃSKU,gdansk/szkola-podstawowa/szkola-podstawowa-nr-59-im-i-dywizji-pancernej-gen-stanislawa-maczka-w-gdansku-15831,Gdańsk,POMORSKIE,41.75,526,645,True
2022,mathematics,125,019c23d9-1ebc-7f7f-8e28-6fd73a5690e0,SZKOŁA PODSTAWOWA NR 21 IM. KPT. Ż. W. OLGIERDA BORCHARDTA W GDAŃSKU,gdansk/szkola-podstawowa/szkola-podstawowa-nr-21-im-kpt-z-w-olgierda-borchardta-w-gdansku-10067,Gdańsk,POMORSKIE,39.47,559,645,True
2022,mathematics,126,019c23d9-2b49-7cd5-adb2-cca317fb715b,SZKOŁA PODSTAWOWA NR 16 IM. WŁADYSŁAWA BRONIEWSKIEGO W GDAŃSKU,gdansk/szkola-podstawowa/szkola-podstawowa-nr-16-im-wladyslawa-broniewskiego-w-gdansku-10294,Gdańsk,POMORSKIE,36.44,585,645,True
2022,mathematics,127,019c23d9-4d0e-782d-8261-01f1fb99f1ce,SZKOŁA PODSTAWOWA NR 49 IM. KS. BRONISŁAWA KOMOROWSKIEGO W GDAŃSKU,gdansk/szkola-podstawowa/szkola-podstawowa-nr-49-im-ks-bronislawa-komorowskiego-w-gdansku-11179,Gdańsk,POMORSKIE,36,587,645,True
2022,mathematics,128,019c23da-4cec-7562-b8d2-47abc21f2b67,SZKOŁA PODSTAWOWA NR 69 IM GENERAŁA STANISŁAWA SOSABOWSKIEGO W GDAŃSKU,gdansk/szkola-podstawowa/szkola-podstawowa-nr-69-im-generala-stanislawa-sosabowskiego-w-gdansku-17410,Gdańsk,POMORSKIE,34.13,602,645,True
2022,mathematics,129,019c23d9-f91c-7724-b746-258e3d238951,SZKOŁA PODSTAWOWA NR 57 IM. GEN. WŁADYSŁAWA ANDERSA W GDAŃSKU,gdansk/szkola-podstawowa/szkola-podstawowa-nr-57-im-gen-wladyslawa-andersa-w-gdansku-15431,Gdańsk,POMORSKIE,31.17,616,645,True
2022,mathematics,130,019c23dc-d556-7fff-be9c-9054842b9126,SZKOŁA PODSTAWOWA SPECJALNA NR 28,gdansk/szkola-podstawowa/szkola-podstawowa-specjalna-nr-28-39066,Gdańsk,POMORSKIE,15.6,643,645,True
2023,mathematics,1,019c23e1-616e-74f1-adca-e1dedbc7bfcc,GDAŃSKIE SZKOŁY AUTONOMICZNE GDAŃSKA AUTONOMICZNA SZKOŁA PODSTAWOWA,gdansk/szkola-podstawowa/gdanskie-szkoly-autonomiczne-gdanska-autonomiczna-szkola-podstawowa-85999,Gdańsk,POMORSKIE,94.27,1,653,False
2023,mathematics,2,019c23e4-0df5-72c8-8d0a-f60a60b1d6aa,FREGATA SZKOŁA PODSTAWOWA DLA DZIEWCZĄT,gdansk/szkola-podstawowa/fregata-szkola-podstawowa-dla-dziewczat-119762,Gdańsk,POMORSKIE,94.22,2,653,False
2023,mathematics,3,019c23dd-3a9e-7e6f-80ef-4d360046bc2a,"PODSTAWOWA SZKOŁA SPOŁECZNA ""NIEDŹWIEDNIK""",gdansk/szkola-podstawowa/podstawowa-szkola-spoleczna-niedzwiednik-43412,Gdańsk,POMORSKIE,93.89,3,653,False
2023,mathematics,4,019c23df-0382-744f-9214-164cfe6ca861,KATOLICKA SZKOŁA PODSTAWOWA IM ŚW. RODZINY W GDYNI,gdynia/szkola-podstawowa/katolicka-szkola-podstawowa-im-sw-rodziny-w-gdyni-62306,Gdynia,POMORSKIE,91.05,4,653,True
2023,mathematics,5,019c23df-42af-7f75-a61d-e7cab4b0088e,"NIEPUBLICZNA SZKOŁA PODSTAWOWA ""SOKRATES""",gdansk/szkola-podstawowa/niepubliczna-szkola-podstawowa-sokrates-66309,Gdańsk,POMORSKIE,90.67,5,653,False
2023,mathematics,6,019c23e1-7546-7a86-9791-e2c8d2fa541c,III SPOŁECZNA SZKOŁA PODSTAWOWA SPOŁECZNEGO TOWARZYSTWA OŚWIATOWEGO,gdansk/szkola-podstawowa/iii-spoleczna-szkola-podstawowa-spolecznego-towarzystwa-oswiatowego-86458,Gdańsk,POMORSKIE,89.5,7,653,False
2023,mathematics,7,019c23e1-6b8c-747d-b86a-71d4163a5729,II SPOŁECZNA SZKOŁA PODSTAWOWA SPOŁECZNEGO TOWARZYSTWA OŚWIATOWEGO,gdansk/szkola-podstawowa/ii-spoleczna-szkola-podstawowa-spolecznego-towarzystwa-oswiatowego-86125,Gdańsk,POMORSKIE,89.33,8,653,False
2023,mathematics,8,019c23dc-4f7e-7b00-893f-76a6c05182cb,"""FREGATA"" SZKOŁA PODSTAWOWA DLA CHŁOPCÓW",gdansk/szkola-podstawowa/fregata-szkola-podstawowa-dla-chlopcow-30613,Gdańsk,POMORSKIE,88.67,9,653,False
2023,mathematics,9,019c23d9-40aa-7f43-9c99-6ba57bfa4d05,"PRYWATNA SZKOŁA PODSTAWOWA ""LIBER""",gdynia/szkola-podstawowa/prywatna-szkola-podstawowa-liber-10829,Gdynia,POMORSKIE,88.53,10,653,False
2023,mathematics,10,019c23e1-7027-749c-bb81-1e9b35e222db,SZKOŁA PODSTAWOWA IM. ŚW. JANA DE LA SALLE,gdansk/szkola-podstawowa/szkola-podstawowa-im-sw-jana-de-la-salle-86264,Gdańsk,POMORSKIE,87.4,11,653,False
2023,mathematics,11,019c23e2-10a9-7973-9adf-79949fc7bf33,AMERYKAŃSKA SZKOŁA PODSTAWOWA Z WYKŁADOWYM JĘZYKIEM ANGIELSKIM,gdynia/szkola-podstawowa/amerykanska-szkola-podstawowa-z-wykladowym-jezykiem-angielskim-90298,Gdynia,POMORSKIE,86.67,12,653,False
2023,mathematics,12,019c23c2-5015-788a-b0d6-d50600a116f4,PIERWSZA SZKOŁA SPOŁECZNA PODSTAWOWA IM.DZIECI ZJEDNOCZONEJ EUROPY,gdynia/szkola-podstawowa/pierwsza-szkola-spoleczna-podstawowa-im-dzieci-zjednoczonej-europy-5959,Gdynia,POMORSKIE,85.83,14,653,False
2023,mathematics,13,019c23e6-8743-7bcc-93e1-e404525427ad,KATOLICKA SZKOŁA PODSTAWOWA IM. ŚW. JANA PAWŁA II W GDYNI,gdynia/szkola-podstawowa/katolicka-szkola-podstawowa-im-sw-jana-pawla-ii-w-gdyni-263021,Gdynia,POMORSKIE,84.94,16,653,True
2023,mathematics,14,019c23e1-6bad-7a57-91d1-e87f5608fb63,I SPOŁECZNA SZKOŁA PODSTAWOWA SPOŁECZNEGO TOWARZYSTWA OŚWIATOWEGO,gdansk/szkola-podstawowa/i-spoleczna-szkola-podstawowa-spolecznego-towarzystwa-oswiatowego-86148,Gdańsk,POMORSKIE,82.75,18,653,False
2023,mathematics,15,019c23a3-638e-77f5-a650-11ec5780f3a1,SZKOŁA PODSTAWOWA NR 20 IM. 2 MORSKIEGO PUŁKU STRZELCÓW,gdynia/szkola-podstawowa/szkola-podstawowa-nr-20-im-2-morskiego-pulku-strzelcow-4053,Gdynia,POMORSKIE,82.44,20,653,True
2023,mathematics,16,019c23e6-684d-706a-997d-2aa66781268f,ZESPÓŁ SZKÓŁ OGÓLNOKSZTAŁCĄCYCH NR 2 SZKOŁA PODSTAWOWA NR 33 IM. STEFANA BANACHA W GDAŃSKU,gdansk/szkola-podstawowa/zespol-szkol-ogolnoksztalcacych-nr-2-szkola-podstawowa-nr-33-im-stefana-banacha-w-gdansku-262215,Gdańsk,POMORSKIE,80.36,21,653,True
2023,mathematics,17,019c23e4-e46e-77cd-9898-1265e6b8e72a,"SZKOŁA PODSTAWOWA TOWARZYSTWA EDUKACYJNEGO ""VIZJA""",gdansk/szkola-podstawowa/szkola-podstawowa-towarzystwa-edukacyjnego-vizja-125174,Gdańsk,POMORSKIE,80,23,653,False
2023,mathematics,18,019c23e1-702a-7a7b-ac88-3904f32de525,KATOLICKA SZKOŁA PODSTAWOWA IM. ŚW. KAZIMIERZA W GDAŃSKU,gdansk/szkola-podstawowa/katolicka-szkola-podstawowa-im-sw-kazimierza-w-gdansku-86270,Gdańsk,POMORSKIE,79.69,25,653,False
2023,mathematics,19,019c23a3-7a25-7a48-9035-f6ee0586e79e,SZKOŁA PODSTAWOWA NR 18 IM. KORNELA MAKUSZYŃSKIEGO,gdynia/szkola-podstawowa/szkola-podstawowa-nr-18-im-kornela-makuszynskiego-4563,Gdynia,POMORSKIE,79.39,26,653,True
2023,mathematics,20,019c23dc-0ac6-7b9c-beca-c8c521f0c7d0,NIEPUBLICZNA POLSKO-BRYTYJSKA SZKOŁA PODSTAWOWA NR 1,gdansk/szkola-podstawowa/niepubliczna-polsko-brytyjska-szkola-podstawowa-nr-1-28757,Gdańsk,POMORSKIE,79,27,653,False
2023,mathematics,21,019c23e6-44e2-71ff-9942-036eed85be55,SZKOŁA PODSTAWOWA JEZUITÓW Z ODDZIAŁAMI DWUJĘZYCZNYMI IM. ŚW. STANISŁAWA KOSTKI W GDYNI,gdynia/szkola-podstawowa/szkola-podstawowa-jezuitow-z-oddzialami-dwujezycznymi-im-sw-stanislawa-kostki-w-gdyni-133486,Gdynia,POMORSKIE,74.8,36,653,False
2023,mathematics,22,019c23d8-c6bd-799e-9b80-d85cac1026bb,SZKOŁA PODSTAWOWA NR 46,gdynia/szkola-podstawowa/szkola-podstawowa-nr-46-7669,Gdynia,POMORSKIE,74.22,37,653,True
2023,mathematics,23,019c23a3-75b0-7d7e-86dd-3343db3b43a5,SZKOŁA PODSTAWOWA NR 34 Z ODDZIAŁAMI INTEGRACYJNYMI IM. LEONIDA TELIGI,gdynia/szkola-podstawowa/szkola-podstawowa-nr-34-z-oddzialami-integracyjnymi-im-leonida-teligi-4419,Gdynia,POMORSKIE,74.14,38,653,True
2023,mathematics,24,019c23e0-8b74-72e7-8e09-ed9226ceb02a,"NIEPUBLICZNA SZKOŁA PODSTAWOWA ""NASZA SZKOŁA""",gdansk/szkola-podstawowa/niepubliczna-szkola-podstawowa-nasza-szkola-79859,Gdańsk,POMORSKIE,74,40,653,False
2023,mathematics,25,019c23e4-b360-786c-ac20-381ed98490bd,POZYTYWNA SZKOŁA PODSTAWOWA IM. ARKADIUSZA ARAMA RYBICKIEGO W GDAŃSKU,gdansk/szkola-podstawowa/pozytywna-szkola-podstawowa-im-arkadiusza-arama-rybickiego-w-gdansku-124084,Gdańsk,POMORSKIE,73.4,42,653,True
2023,mathematics,26,019c23d9-2ff9-7558-b408-a671ea287fd4,SZKOŁA PODSTAWOWA NR 77 W GDAŃSKU,gdansk/szkola-podstawowa/szkola-podstawowa-nr-77-w-gdansku-10388,Gdańsk,POMORSKIE,73,43,653,True
2023,mathematics,27,019c23da-1b7c-792c-a0a7-e530093145c9,SZKOŁA PODSTAWOWA NR 19 IM. ZASŁUŻONYCH LUDZI MORZA W GDAŃSKU,gdansk/szkola-podstawowa/szkola-podstawowa-nr-19-im-zasluzonych-ludzi-morza-w-gdansku-16227,Gdańsk,POMORSKIE,72.52,44,653,True
2023,mathematics,28,019c23d8-c6c3-7bb7-8e43-445c8d4a0b6a,SZKOŁA PODSTAWOWA NR 27 IM. DZIECI ZJEDNOCZONEJ EUROPY W GDAŃSKU,gdansk/szkola-podstawowa/szkola-podstawowa-nr-27-im-dzieci-zjednoczonej-europy-w-gdansku-7678,Gdańsk,POMORSKIE,72.36,45,653,True
2023,mathematics,29,019c23da-df6d-70fb-a550-320356e362db,SZKOŁA PODSTAWOWA NR 81 W GDAŃSKU IM. PROF. MICHAŁA SIEDLECKIEGO,gdansk/szkola-podstawowa/szkola-podstawowa-nr-81-w-gdansku-im-prof-michala-siedleckiego-21025,Gdańsk,POMORSKIE,71.89,48,653,True
2023,mathematics,30,019c23d9-389c-7d45-a285-0c4572f7f969,SZKOŁA PODSTAWOWA NR 24 IM. GUSTAWA MORCINKA W GDAŃSKU,gdansk/szkola-podstawowa/szkola-podstawowa-nr-24-im-gustawa-morcinka-w-gdansku-10634,Gdańsk,POMORSKIE,71.47,50,653,True
2023,mathematics,31,019c23d8-ecbd-7091-915f-8b6001e8b49b,ZESPÓŁ SZKOLNO-PRZEDSZKOLNY NR 10 - SZKOŁA PODSTAWOWA NR 80 IM. BUDOWNICZYCH PORTU PÓŁNOCNEGO W GDAŃSKU,gdansk/szkola-podstawowa/zespol-szkolno-przedszkolny-nr-10-szkola-podstawowa-nr-80-im-budowniczych-portu-polnocnego-w-gdansku-8641,Gdańsk,POMORSKIE,70.73,53,653,True
2023,mathematics,32,019c23dc-d559-74be-95fd-718e8de6e0c7,SZKOŁA PODSTAWOWA NR 48 IM. GEN. JÓZEFA HALLERA W GDAŃSKU,gdansk/szkola-podstawowa/szkola-podstawowa-nr-48-im-gen-jozefa-hallera-w-gdansku-39070,Gdańsk,POMORSKIE,70.72,54,653,True
2023,mathematics,33,019c23e6-3628-785b-a4dc-cc72df55f50b,ZESPÓŁ SZKÓŁ OGÓLNOKSZTAŁCĄCYCH NR 6 SZKOŁA PODSTAWOWA MISTRZOSTWA SPORTOWEGO NR 94 IM. HANZY W GDAŃSKU,gdansk/szkola-podstawowa/zespol-szkol-ogolnoksztalcacych-nr-6-szkola-podstawowa-mistrzostwa-sportowego-nr-94-im-hanzy-w-gdansku-133139,Gdańsk,POMORSKIE,70.24,55,653,True
2023,mathematics,34,019c23e1-6622-77f7-a4ee-d5f098fbba0c,ELEMENTARY INTERNATIONAL SCHOOL OF GDANSK/MIĘDZYNARODOWA SZKOŁA PODSTAWOWA W GDAŃSKU,gdansk/szkola-podstawowa/elementary-international-school-of-gdansk-miedzynarodowa-szkola-podstawowa-w-gdansku-86063,Gdańsk,POMORSKIE,69.33,56,653,False
2023,mathematics,35,019c23e6-8232-73bf-b6e1-7a35421bad2a,GDAŃSKA SZKOŁA PODSTAWOWA LINGWISTA IM. HYMNU NARODOWEGO,gdansk/szkola-podstawowa/gdanska-szkola-podstawowa-lingwista-im-hymnu-narodowego-262904,Gdańsk,POMORSKIE,69.33,56,653,False
2023,mathematics,36,019c23dc-1811-7223-957c-286dc340975f,ZESPÓŁ KSZTAŁCENIA PODSTAWOWEGO I PRZEDSZKOLNEGO NR 1 W GDAŃSKU - SZKOŁA PODSTAWOWA NR 87,gdansk/szkola-podstawowa/zespol-ksztalcenia-podstawowego-i-przedszkolnego-nr-1-w-gdansku-szkola-podstawowa-nr-87-29329,Gdańsk,POMORSKIE,68.71,59,653,True
2023,mathematics,37,019c23d9-5991-7ce9-bb1e-4e647aaddc8a,SZKOŁA PODSTAWOWA NR 48 IM. PROFESORA KAZIMIERZA DEMELA,gdynia/szkola-podstawowa/szkola-podstawowa-nr-48-im-profesora-kazimierza-demela-11470,Gdynia,POMORSKIE,68.38,61,653,True
2023,mathematics,38,019c23e0-a250-77d3-9f40-51c0eb31bc45,NOWY ŚWIAT NIEPUBLICZNA SZKOŁA PODSTAWOWA,gdansk/szkola-podstawowa/nowy-swiat-niepubliczna-szkola-podstawowa-80448,Gdańsk,POMORSKIE,68.36,62,653,False
2023,mathematics,39,019c23e6-0057-7286-81e5-64c55679732b,SZKOŁA PODSTAWOWA BE MONTESSORI SCHOOL GDAŃSK,gdansk/szkola-podstawowa/szkola-podstawowa-be-montessori-school-gdansk-131758,Gdańsk,POMORSKIE,68.29,63,653,False
2023,mathematics,40,019c23da-c063-757a-ada4-fa8901bb4825,SZKOŁA PODSTAWOWA NR 85 IM. ZRZESZENIA KASZUBSKO-POMORSKIEGO W GDAŃSKU,gdansk/szkola-podstawowa/szkola-podstawowa-nr-85-im-zrzeszenia-kaszubsko-pomorskiego-w-gdansku-20267,Gdańsk,POMORSKIE,68.27,64,653,True
2023,mathematics,41,019c23d9-2b63-75d2-adec-34a0b4117138,SZKOŁA PODSTAWOWA NR 47 IM. KASZUBSKIEJ BRYGADY WOP W GDAŃSKU,gdansk/szkola-podstawowa/szkola-podstawowa-nr-47-im-kaszubskiej-brygady-wop-w-gdansku-10347,Gdańsk,POMORSKIE,67.54,68,653,True
2023,mathematics,42,019c23d8-a52a-7a3a-8268-ef536be69d0e,SZKOŁA PODSTAWOWA NR 12,gdynia/szkola-podstawowa/szkola-podstawowa-nr-12-6850,Gdynia,POMORSKIE,67.47,69,653,True
2023,mathematics,43,019c23d9-1e9b-77ef-b38a-df73b6885e86,GDAŃSKA SZKOŁA SZERMIERKI - SZKOŁA PODSTAWOWA NR 70 Z ODDZIAŁAMI SPORTOWYMI W GDAŃSKU,gdansk/szkola-podstawowa/gdanska-szkola-szermierki-szkola-podstawowa-nr-70-z-oddzialami-sportowymi-w-gdansku-9987,Gdańsk,POMORSKIE,67.37,70,653,True
2023,mathematics,44,019c23e8-3026-748c-b0d9-c17836f616c0,NIEPUBLICZNA SZKOŁA PODSTAWOWA MENTAL ARTS,gdansk/szkola-podstawowa/niepubliczna-szkola-podstawowa-mental-arts-478563,Gdańsk,POMORSKIE,67.14,72,653,False
2023,mathematics,45,019c23d8-fd9e-761e-b612-0e8e151bc223,ZESPÓŁ SZKOLNO-PRZEDSZKOLNY NR 2 -SZKOŁA PODSTAWOWA NR 42 IM. IGNACEGO JANA PADEREWSKIEGO W GDAŃSKU,gdansk/szkola-podstawowa/zespol-szkolno-przedszkolny-nr-2-szkola-podstawowa-nr-42-im-ignacego-jana-paderewskiego-w-gdansku-9082,Gdańsk,POMORSKIE,66.71,75,653,True
2023,mathematics,46,019c23d8-d727-7bf3-b3fe-24b3ada1fc95,ZESPÓŁ SZKOLNO-PRZEDSZKOLNY NR 8 SZKOŁA PODSTAWOWA NR 8 W GDAŃSKU IM. PRZYJACIÓŁ ZIEMI,gdansk/szkola-podstawowa/zespol-szkolno-przedszkolny-nr-8-szkola-podstawowa-nr-8-w-gdansku-im-przyjaciol-ziemi-8060,Gdańsk,POMORSKIE,66.43,76,653,True
2023,mathematics,47,019c23a3-70d2-7755-a470-e426e5a2be3f,SZKOŁA PODSTAWOWA NR 26 IM. ŻOŁNIERZY ARMII KRAJOWEJ,gdynia/szkola-podstawowa/szkola-podstawowa-nr-26-im-zolnierzy-armii-krajowej-4319,Gdynia,POMORSKIE,65.69,79,653,True
2023,mathematics,48,019c23a3-75e9-7347-bd1d-1b2cbe30a2e8,SZKOŁA PODSTAWOWA NR 37 IM. OBROŃCÓW KĘPY OKSYWSKIEJ,gdynia/szkola-podstawowa/szkola-podstawowa-nr-37-im-obroncow-kepy-oksywskiej-4482,Gdynia,POMORSKIE,65.59,80,653,True
2023,mathematics,49,019c23a3-70d7-774d-af73-159690741af8,SZKOŁA PODSTAWOWA NR 16 IM. ORŁA BIAŁEGO,gdynia/szkola-podstawowa/szkola-podstawowa-nr-16-im-orla-bialego-4324,Gdynia,POMORSKIE,65.48,81,653,True
2023,mathematics,50,019c23d9-eba1-7f39-bab8-3a23a9c4095f,SZKOŁA PODSTAWOWA NR 1 IM. MARIUSZA ZARUSKIEGO W GDAŃSKU,gdansk/szkola-podstawowa/szkola-podstawowa-nr-1-im-mariusza-zaruskiego-w-gdansku-15124,Gdańsk,POMORSKIE,65.28,82,653,True
2023,mathematics,51,019c23d8-e47c-7508-876a-98d51336b614,SZKOŁA PODSTAWOWA NR 8 IM. OBROŃCÓW HELU,gdynia/szkola-podstawowa/szkola-podstawowa-nr-8-im-obroncow-helu-8469,Gdynia,POMORSKIE,64.79,84,653,True
2023,mathematics,52,019c23dd-003a-7b91-bef7-d4aa330ccd8f,PODSTAWOWA SZKOŁA GEDANENSIS,gdansk/szkola-podstawowa/podstawowa-szkola-gedanensis-41069,Gdańsk,POMORSKIE,64.7,85,653,False
2023,mathematics,53,019c23d9-0ec4-7c18-aff6-30bef43c1c8a,SZKOŁA PODSTAWOWA NR 39 IM. WOJSKA POLSKIEGO W GDAŃSKU,gdansk/szkola-podstawowa/szkola-podstawowa-nr-39-im-wojska-polskiego-w-gdansku-9587,Gdańsk,POMORSKIE,64.67,86,653,True
2023,mathematics,54,019c23df-42b0-741e-a372-78fd58048094,"GDAŃSKA SZKOŁA PODSTAWOWA ""LINGWISTA"" IM. ZJEDNOCZONEJ EUROPY",gdansk/szkola-podstawowa/gdanska-szkola-podstawowa-lingwista-im-zjednoczonej-europy-66313,Gdańsk,POMORSKIE,64.57,87,653,False
2023,mathematics,55,019c23d8-a94f-7be1-9898-adc01a806e7d,SZKOŁA PODSTAWOWA NR 11 IM. BOHATERÓW ZAŁOGI ORP GROM,gdynia/szkola-podstawowa/szkola-podstawowa-nr-11-im-bohaterow-zalogi-orp-grom-6970,Gdynia,POMORSKIE,64.35,89,653,True
2023,mathematics,56,019c23d9-0a68-79f6-a021-c13fdb35a980,SZKOŁA PODSTAWOWA NR 44 IM. ADAMA MICKIEWICZA W GDAŃSKU,gdansk/szkola-podstawowa/szkola-podstawowa-nr-44-im-adama-mickiewicza-w-gdansku-9480,Gdańsk,POMORSKIE,64.32,90,653,True
2023,mathematics,57,019c23e6-051e-7701-88cc-d1057025f38f,MORSKA SZKOŁA PODSTAWOWA IM. ALEKSANDRA DOBY W GDAŃSKU,gdansk/szkola-podstawowa/morska-szkola-podstawowa-im-aleksandra-doby-w-gdansku-131786,Gdańsk,POMORSKIE,64.3,91,653,True
2023,mathematics,58,019c23e6-6335-7afe-bf27-af1cd30a158a,SZKOŁA PODSTAWOWA NR 51 W GDYNI,gdynia/szkola-podstawowa/szkola-podstawowa-nr-51-w-gdyni-196334,Gdynia,POMORSKIE,64.15,92,653,True
2023,mathematics,59,019c23d8-e470-7b69-baa6-781b51f124ca,SZKOŁA PODSTAWOWA NR 12 IM. PRZYJACIÓŁ GDAŃSKA,gdansk/szkola-podstawowa/szkola-podstawowa-nr-12-im-przyjaciol-gdanska-8438,Gdańsk,POMORSKIE,63.93,94,653,True
2023,mathematics,60,019c23da-ce21-7983-91bc-81d75501e8ec,SZKOŁA PODSTAWOWA NR 84 IM. JANA BRZECHWY W GDAŃSKU,gdansk/szkola-podstawowa/szkola-podstawowa-nr-84-im-jana-brzechwy-w-gdansku-20599,Gdańsk,POMORSKIE,63.81,95,653,True
2023,mathematics,61,019c23d9-da46-7c1b-9c39-986de2e79ab4,SZKOŁA PODSTAWOWA NR 50 IM. E.PLATER W GDAŃSKU,gdansk/szkola-podstawowa/szkola-podstawowa-nr-50-im-e-plater-w-gdansku-14699,Gdańsk,POMORSKIE,62.92,100,653,True
2023,mathematics,62,019c23e7-a912-7e55-98fb-7e95644024c0,AUTONOMICZNA SZKOŁA PODSTAWOWA W GDYNI,gdynia/szkola-podstawowa/autonomiczna-szkola-podstawowa-w-gdyni-275665,Gdynia,POMORSKIE,62.55,102,653,False
2023,mathematics,63,019c23e4-353d-7512-9435-8d4aefd8c29a,CHRZEŚCIJAŃSKA SZKOŁA MONTESSORI,gdansk/szkola-podstawowa/chrzescijanska-szkola-montessori-120645,Gdańsk,POMORSKIE,61.97,108,653,False
2023,mathematics,64,019c23da-3e61-71e4-b691-c712f00f4e4e,SZKOŁA PODSTAWOWA NR 38 IM. GEN. STANISŁAWA MACZKA W GDAŃSKU,gdansk/szkola-podstawowa/szkola-podstawowa-nr-38-im-gen-stanislawa-maczka-w-gdansku-17066,Gdańsk,POMORSKIE,61.92,109,653,True
2023,mathematics,65,019c23da-6f03-7a2c-aca0-ea29a1b765a7,ZESPÓŁ SZKÓŁ SPORTOWYCH I MISTRZOSTWA SPORTOWEGO IM. JANUSZA KUSOCIŃSKIEGO SPORTOWA SZKOŁA PODSTAWOWA NR 75 Z ODDZIAŁAMI MISTRZOSTWA SPORTOWEGO IM. JANUSZA KUSOCIŃSKIEGO W GDAŃSKU,gdansk/szkola-podstawowa/zespol-szkol-sportowych-i-mistrzostwa-sportowego-im-janusza-kusocinskiego-sportowa-szkola-podstawowa-nr-75-z-oddzialami-mistrzostwa-sportowego-im-janusza-kusocinskiego-w-gdansku-18269,Gdańsk,POMORSKIE,61.81,110,653,True
2023,mathematics,66,019c23da-4cf4-7a92-9517-c95e57d65bf2,ZESPÓŁ SZKÓŁ OGÓLNOKSZTAŁCĄCYCH NR 10 IM. EUGENIUSZA KWIATKOWSKIEGO W GDAŃSKU - SZKOŁA PODSTAWOWA NR 18,gdansk/szkola-podstawowa/zespol-szkol-ogolnoksztalcacych-nr-10-im-eugeniusza-kwiatkowskiego-w-gdansku-szkola-podstawowa-nr-18-17430,Gdańsk,POMORSKIE,61.73,112,653,True
2023,mathematics,67,019c23c2-5021-765c-a5a1-10c9aa4aff6d,SZKOŁA PODSTAWOWA NR 29 IM. JERZEGO PUCKA W GDAŃSKU,gdansk/szkola-podstawowa/szkola-podstawowa-nr-29-im-jerzego-pucka-w-gdansku-5981,Gdańsk,POMORSKIE,61.17,114,653,True
2023,mathematics,68,019c23d9-3446-7a8e-ab24-a3631d3f5f55,SZKOŁA PODSTAWOWA NR 17 IM. HETMANA STEFANA CZARNIECKIEGO W GDAŃSKU,gdansk/szkola-podstawowa/szkola-podstawowa-nr-17-im-hetmana-stefana-czarnieckiego-w-gdansku-10509,Gdańsk,POMORSKIE,60.64,119,653,True
2023,mathematics,69,019c23d9-22dc-76f3-9e2a-664f7586c774,SZKOŁA PODSTAWOWA NR 45 IM. BOHATERÓW WESTERPLATTE W GDAŃSKU,gdansk/szkola-podstawowa/szkola-podstawowa-nr-45-im-bohaterow-westerplatte-w-gdansku-10166,Gdańsk,POMORSKIE,59.81,128,653,True
2023,mathematics,70,019c23d9-0619-720a-93a6-8edb2759c6b2,SZKOŁA PODSTAWOWA NR 14 IM. KS. GRZEGORZA PIRAMOWICZA W GDAŃSKU,gdansk/szkola-podstawowa/szkola-podstawowa-nr-14-im-ks-grzegorza-piramowicza-w-gdansku-9378,Gdańsk,POMORSKIE,59.42,130,653,True
2023,mathematics,71,019c23da-0a47-79b7-8d48-cb89702169f5,SZKOŁA PODSTAWOWA NR 59 IM. I DYWIZJI PANCERNEJ GEN. STANISŁAWA MACZKA W GDAŃSKU,gdansk/szkola-podstawowa/szkola-podstawowa-nr-59-im-i-dywizji-pancernej-gen-stanislawa-maczka-w-gdansku-15831,Gdańsk,POMORSKIE,59.27,131,653,True
2023,mathematics,72,019c23e6-684b-7419-81fe-0a53b548460f,SZKOŁA PODSTAWOWA NR 43 IM. JANA KOCHANOWSKIEGO W GDAŃSKU,gdansk/szkola-podstawowa/szkola-podstawowa-nr-43-im-jana-kochanowskiego-w-gdansku-262207,Gdańsk,POMORSKIE,59.08,135,653,True
2023,mathematics,73,019c23d8-cacd-7a17-93b6-39278ecb5275,SZKOŁA PODSTAWOWA NR 47 IM FRANCISZKI CEGIELSKIEJ,gdynia/szkola-podstawowa/szkola-podstawowa-nr-47-im-franciszki-cegielskiej-7747,Gdynia,POMORSKIE,59.05,136,653,True
2023,mathematics,74,019c23e6-360d-759c-84e6-ceea1e717cdf,"PUBLICZNA SZKOŁA PODSTAWOWA ""OLIMPIJCZYK"" W GDAŃSKU Z ODDZIAŁAMI SPORTOWYMI",gdansk/szkola-podstawowa/publiczna-szkola-podstawowa-olimpijczyk-w-gdansku-z-oddzialami-sportowymi-133053,Gdańsk,POMORSKIE,58.88,140,653,True
2023,mathematics,75,019c23e2-287c-7ccd-8fc1-96afe989471e,GDYŃSKA SZKOŁA SPOŁECZNA,gdynia/szkola-podstawowa/gdynska-szkola-spoleczna-90963,Gdynia,POMORSKIE,58.83,141,653,False
2023,mathematics,76,019c23a3-70c6-7bb5-a755-019f996cf421,SZKOŁA PODSTAWOWA NR 17 IM. WICEADM. JÓZEFA UNRUGA,gdynia/szkola-podstawowa/szkola-podstawowa-nr-17-im-wiceadm-jozefa-unruga-4307,Gdynia,POMORSKIE,58.79,142,653,True
2023,mathematics,77,019c23d9-40b0-79b5-9655-7cab9095c18f,SZKOŁA PODSTAWOWA NR 20 W GDAŃSKU IM. KMDR PPOR. JANA GRUDZIŃSKIEGO,gdansk/szkola-podstawowa/szkola-podstawowa-nr-20-w-gdansku-im-kmdr-ppor-jana-grudzinskiego-10842,Gdańsk,POMORSKIE,58.21,148,653,True
2023,mathematics,78,019c23df-d124-73b5-88a5-48d994aa5d99,BRITISH INTERNATIONAL SCHOOL GDAŃSK - SZKOLA PODSTAWOWA,gdansk/szkola-podstawowa/british-international-school-gdansk-szkola-podstawowa-71958,Gdańsk,POMORSKIE,57.87,151,653,False
2023,mathematics,79,019c23d9-3461-76c2-9659-24047f985f67,SZKOŁA PODSTAWOWA NR 89 IM. TADEUSZA MAZOWIECKIEGO W GDAŃSKU,gdansk/szkola-podstawowa/szkola-podstawowa-nr-89-im-tadeusza-mazowieckiego-w-gdansku-10576,Gdańsk,POMORSKIE,57.84,152,653,True
2023,mathematics,80,019c23a3-70f8-75de-8860-8173575c4202,SZKOŁA PODSTAWOWA NR 33 IM. OBROŃCÓW KĘPY OKSYWSKIEJ,gdynia/szkola-podstawowa/szkola-podstawowa-nr-33-im-obroncow-kepy-oksywskiej-4369,Gdynia,POMORSKIE,57.74,153,653,True
2023,mathematics,81,019c23d8-e07d-76cb-9b5e-85b1a751670d,SZKOŁA PODSTAWOWA NR 79 W GDAŃSKU,gdansk/szkola-podstawowa/szkola-podstawowa-nr-79-w-gdansku-8320,Gdańsk,POMORSKIE,57.68,154,653,True
2023,mathematics,82,019c23a3-70e8-7c0e-af43-3222d4fabbed,SZKOŁA PODSTAWOWA NR 21 IM. LUDZI MORZA I MARZEŃ W GDYNI,gdynia/szkola-podstawowa/szkola-podstawowa-nr-21-im-ludzi-morza-i-marzen-w-gdyni-4342,Gdynia,POMORSKIE,57.21,162,653,True
2023,mathematics,83,019c23da-4809-7922-8ead-161d0e3c157b,ZESPÓŁ SZKOLNO-PRZEDSZKOLNY NR 5 SZKOŁA PODSTAWOWA NR 92 IM. KARD. STEFANA WYSZYŃSKIEGO PRYMASA TYSIĄCLECIA W GDAŃSKU,gdansk/szkola-podstawowa/zespol-szkolno-przedszkolny-nr-5-szkola-podstawowa-nr-92-im-kard-stefana-wyszynskiego-prymasa-tysiaclecia-w-gdansku-17348,Gdańsk,POMORSKIE,57.04,166,653,True
2023,mathematics,84,019c23e5-2a6a-73ce-975e-592aeded4b87,SZKOŁA PODSTAWOWA AKADEMII DOBREJ EDUKACJI IM. MACIEJA PŁAŻYŃSKIEGO,gdansk/szkola-podstawowa/szkola-podstawowa-akademii-dobrej-edukacji-im-macieja-plazynskiego-126944,Gdańsk,POMORSKIE,56.94,168,653,False
2023,mathematics,85,019c23d9-4902-7358-8dc6-56f76bc75175,SZKOŁA PODSTAWOWA NR 46 W GDAŃSKU,gdansk/szkola-podstawowa/szkola-podstawowa-nr-46-w-gdansku-11134,Gdańsk,POMORSKIE,56.48,177,653,True
2023,mathematics,86,019c23d9-0ead-7630-9204-e6b92d9fecdb,SZKOŁA PODSTAWOWA NR 15 IM. DR URSZULI MROCZKIEWICZ W GDAŃSKU,gdansk/szkola-podstawowa/szkola-podstawowa-nr-15-im-dr-urszuli-mroczkiewicz-w-gdansku-9540,Gdańsk,POMORSKIE,56.44,178,653,True
2023,mathematics,87,019c23da-519a-7c2e-8060-0ebab795da65,SZKOŁA PODSTAWOWA NR 86 IM. PROF. JERZEGO SAMPA W GDAŃSKU,gdansk/szkola-podstawowa/szkola-podstawowa-nr-86-im-prof-jerzego-sampa-w-gdansku-17531,Gdańsk,POMORSKIE,56.43,179,653,True
2023,mathematics,88,019c23d9-553e-73e4-9ace-31fd26aede63,SZKOŁA PODSTAWOWA NR 2 Z ODDZIAŁAMI SPORTOWYMI IM. ARMII KRAJOWEJ W GDAŃSKU,gdansk/szkola-podstawowa/szkola-podstawowa-nr-2-z-oddzialami-sportowymi-im-armii-krajowej-w-gdansku-11368,Gdańsk,POMORSKIE,56.16,181,653,True
2023,mathematics,89,019c23a3-7a00-7af2-af5c-a2ea233a5be0,SZKOŁA PODSTAWOWA NR 28 IM. LOTNIKÓW POLSKICH,gdynia/szkola-podstawowa/szkola-podstawowa-nr-28-im-lotnikow-polskich-4529,Gdynia,POMORSKIE,56.07,183,653,True
2023,mathematics,90,019c23dc-d54f-79dc-8565-c0afa55f1254,ZESPÓŁ SZKOLNO-PRZEDSZKOLNY NR 9 - SZKOŁA PODSTAWOWA NR 7 IM.MJRA MIECZYSŁAWA SŁABEGO,gdansk/szkola-podstawowa/zespol-szkolno-przedszkolny-nr-9-szkola-podstawowa-nr-7-im-mjra-mieczyslawa-slabego-39056,Gdańsk,POMORSKIE,55.94,187,653,True
2023,mathematics,91,019c23d9-345c-7ea2-b61b-48027c766a69,SZKOŁA PODSTAWOWA NR 35 Z ODDZIAŁAMI SPORTOWYMI IM. JANA PARANDOWSKIEGO W GDAŃSKU,gdansk/szkola-podstawowa/szkola-podstawowa-nr-35-z-oddzialami-sportowymi-im-jana-parandowskiego-w-gdansku-10561,Gdańsk,POMORSKIE,55.27,195,653,True
2023,mathematics,92,019c23e6-684c-7a8a-9df3-39367fc0f6da,SZKOŁA PODSTAWOWA NR 67 IM. KAPITANA ŻEGLUGI WIELKIEJ TADEUSZA ZIÓŁKOWSKIEGO,gdansk/szkola-podstawowa/szkola-podstawowa-nr-67-im-kapitana-zeglugi-wielkiej-tadeusza-ziolkowskiego-262208,Gdańsk,POMORSKIE,54.86,202,653,True
2023,mathematics,93,019c23da-e3d0-7afd-9493-64c60b0c3411,SPORTOWA SZKOŁA PODSTAWOWA NR 14 IM. JÓZEFA WYBICKIEGO,gdynia/szkola-podstawowa/sportowa-szkola-podstawowa-nr-14-im-jozefa-wybickiego-21126,Gdynia,POMORSKIE,54,221,653,True
2023,mathematics,94,019c23a3-6c54-7172-91cf-67b2ea639da9,SZKOŁA PODSTAWOWA NR 29 IM. STEFANA ŻEROMSKIEGO,gdynia/szkola-podstawowa/szkola-podstawowa-nr-29-im-stefana-zeromskiego-4282,Gdynia,POMORSKIE,53.86,224,653,True
2023,mathematics,95,019c23d9-eba2-7f0f-b37d-bc2daa935d0b,ZESPÓŁ SZKÓŁ OGÓLNOKSZTAŁCĄCYCH NR 8 W GDAŃSKU - SZKOŁA PODSTAWOWA NR 5 IM. JANA PAWŁA II,gdansk/szkola-podstawowa/zespol-szkol-ogolnoksztalcacych-nr-8-w-gdansku-szkola-podstawowa-nr-5-im-jana-pawla-ii-15126,Gdańsk,POMORSKIE,53.77,226,653,True
2023,mathematics,96,019c23e6-8234-7079-9edf-7a0a14cbe30e,NIEPUBLICZNA SZKOŁA PODSTAWOWA MISTRZOSTWA SPORTOWEGO GDAŃSKIEGO KLUBU SPORTOWEGO GEDANIA 1922,gdansk/szkola-podstawowa/niepubliczna-szkola-podstawowa-mistrzostwa-sportowego-gdanskiego-klubu-sportowego-gedania-1922-262911,Gdańsk,POMORSKIE,53.48,232,653,False
2023,mathematics,97,019c23d8-a4ff-73a3-b479-b9299e17310f,SZKOŁA PODSTAWOWA NR 42 IM. KRÓLOWEJ JADWIGI,gdynia/szkola-podstawowa/szkola-podstawowa-nr-42-im-krolowej-jadwigi-6783,Gdynia,POMORSKIE,52,254,653,True
2023,mathematics,98,019c23d8-c2ba-7bcd-8948-9b3fcebc65ac,SZKOŁA PODSTAWOWA NR 44 IM. OBROŃCÓW WYBRZEŻA,gdynia/szkola-podstawowa/szkola-podstawowa-nr-44-im-obroncow-wybrzeza-7580,Gdynia,POMORSKIE,51.94,260,653,True
2023,mathematics,99,019c23a3-6c25-78e2-83db-aa6e190a852b,SZKOŁA PODSTAWOWA NR 39 IM. KPT Ż. W. KAZIMIERZA JURKIEWICZA,gdynia/szkola-podstawowa/szkola-podstawowa-nr-39-im-kpt-z-w-kazimierza-jurkiewicza-4221,Gdynia,POMORSKIE,51.78,265,653,True
2023,mathematics,100,019c23da-16a7-7bae-bd8f-f15b4d7b4094,SZKOŁA PODSTAWOWA NR 58 IM. KAZIMIERZA SOŁTYSIKA W GDAŃSKU,gdansk/szkola-podstawowa/szkola-podstawowa-nr-58-im-kazimierza-soltysika-w-gdansku-16171,Gdańsk,POMORSKIE,51.7,266,653,True
2023,mathematics,101,019c23e7-2804-7c8c-82a9-e0fdb5ab5be2,ZESPÓŁ SZKOLNO-PRZEDSZKOLNY NR 6 SZKOŁA PODSTAWOWA NR 6 W GDAŃSKU,gdansk/szkola-podstawowa/zespol-szkolno-przedszkolny-nr-6-szkola-podstawowa-nr-6-w-gdansku-270564,Gdańsk,POMORSKIE,51.4,273,653,True
2023,mathematics,102,019c23dd-35b0-701e-8d37-e6dba044228e,SZKOŁA PODSTAWOWA NR 40 IM. KPT. Ż. W. K. O. BORCHARDTA W GDYNI,gdynia/szkola-podstawowa/szkola-podstawowa-nr-40-im-kpt-z-w-k-o-borchardta-w-gdyni-42897,Gdynia,POMORSKIE,51.21,276,653,True
2023,mathematics,103,019c23d9-e794-7627-b7b8-61c1032c9f2c,SZKOŁA PODSTAWOWA NR 52 IM. TADEUSZA KOŚCIUSZKI W GDAŃSKU,gdansk/szkola-podstawowa/szkola-podstawowa-nr-52-im-tadeusza-kosciuszki-w-gdansku-15022,Gdańsk,POMORSKIE,51.17,277,653,True
2023,mathematics,104,019c23a3-6c42-73aa-8216-7415b651b210,SZKOŁA PODSTAWOWA NR 6 IM. ANTONIEGO ABRAHAMA,gdynia/szkola-podstawowa/szkola-podstawowa-nr-6-im-antoniego-abrahama-4254,Gdynia,POMORSKIE,50.68,286,653,True
2023,mathematics,105,019c23a3-6c55-7725-83c1-8f8655b3fd79,SZKOŁA PODSTAWOWA NR 35 IM. KPT. STANISŁAWA KOSKO,gdynia/szkola-podstawowa/szkola-podstawowa-nr-35-im-kpt-stanislawa-kosko-4284,Gdynia,POMORSKIE,50.37,291,653,True
2023,mathematics,106,019c23da-5197-7e67-b2b5-1afa97f67aed,ZESPÓŁ SZKOLNO - PRZEDSZKOLNY NR 1 W GDAŃSKU - SZKOŁA PODSTAWOWA NR 76 IM. JAROSŁAWA DĄBROWSKIEGO,gdansk/szkola-podstawowa/zespol-szkolno-przedszkolny-nr-1-w-gdansku-szkola-podstawowa-nr-76-im-jaroslawa-dabrowskiego-17523,Gdańsk,POMORSKIE,50.08,299,653,True
2023,mathematics,107,019c23d8-e07a-727a-8b07-778131cb9584,SZKOŁA PODSTAWOWA NR 23 IM.DZIECI ŚWIATA W GDAŃSKU,gdansk/szkola-podstawowa/szkola-podstawowa-nr-23-im-dzieci-swiata-w-gdansku-8315,Gdańsk,POMORSKIE,49.96,300,653,True
2023,mathematics,108,019c23e6-822b-71e3-aeb7-37bd77f77703,NIEPUBLICZNA SZKOŁA PODSTAWOWA THINKING ZONE W GDAŃSKU,gdansk/szkola-podstawowa/niepubliczna-szkola-podstawowa-thinking-zone-w-gdansku-262876,Gdańsk,POMORSKIE,49.14,316,653,False
2023,mathematics,109,019c23d9-eba1-7f39-bab8-3a23a758f192,ZESPÓŁ SZKOLNO-PRZEDSZKOLNY NR 7 SZKOŁA PODSTAWOWA NR 55 IM. JANA HEWELIUSZA W GDAŃSKU,gdansk/szkola-podstawowa/zespol-szkolno-przedszkolny-nr-7-szkola-podstawowa-nr-55-im-jana-heweliusza-w-gdansku-15122,Gdańsk,POMORSKIE,48.44,332,653,True
2023,mathematics,110,019c23a3-6c51-7e63-8e84-358314c7f2f7,SZKOŁA PODSTAWOWA NR 23,gdynia/szkola-podstawowa/szkola-podstawowa-nr-23-4277,Gdynia,POMORSKIE,47.36,347,653,True
2023,mathematics,111,019c23d8-b206-7f8a-bf08-fb2a039dbb74,SZKOŁA PODSTAWOWA NR 31 IM. SYNÓW PUŁKU,gdynia/szkola-podstawowa/szkola-podstawowa-nr-31-im-synow-pulku-7112,Gdynia,POMORSKIE,47.33,348,653,True
2023,mathematics,112,019c23a3-70b9-7839-89f4-5c8c3b97c69d,SZKOŁA PODSTAWOWA NR 10 IM. EUGENIUSZA KWIATKOWSKIEGO,gdynia/szkola-podstawowa/szkola-podstawowa-nr-10-im-eugeniusza-kwiatkowskiego-4300,Gdynia,POMORSKIE,46.03,381,653,True
2023,mathematics,113,019c23d9-12c5-7174-806b-5519c4e30380,SZKOŁA PODSTAWOWA NR 56 IM. ANDRZEJA STRUGA W GDAŃSKU,gdansk/szkola-podstawowa/szkola-podstawowa-nr-56-im-andrzeja-struga-w-gdansku-9704,Gdańsk,POMORSKIE,44.85,406,653,True
2023,mathematics,114,019c23dc-b40a-798a-ba95-5692bb2959f6,SZKOŁA PODSTAWOWA NR 43 IM. WICEADMIRAŁA KAZIMIERZA PORĘBSKIEGO,gdynia/szkola-podstawowa/szkola-podstawowa-nr-43-im-wiceadmirala-kazimierza-porebskiego-35190,Gdynia,POMORSKIE,44.64,411,653,True
2023,mathematics,115,019c23da-9c15-72ac-ab7f-c6b1a8a99cd9,SZKOŁA PODSTAWOWA NR 83 IM. ŻOŁNIERZY Z WESTERPLATTE W GDAŃSKU,gdansk/szkola-podstawowa/szkola-podstawowa-nr-83-im-zolnierzy-z-westerplatte-w-gdansku-19432,Gdańsk,POMORSKIE,44.44,414,653,True
2023,mathematics,116,019c23d8-fd9d-744e-9f82-5950635e30d5,SZKOŁA PODSTAWOWA NR 40 IM. KPT. LEONIDA TELIGI W GDAŃSKU,gdansk/szkola-podstawowa/szkola-podstawowa-nr-40-im-kpt-leonida-teligi-w-gdansku-9081,Gdańsk,POMORSKIE,43.89,426,653,True
2023,mathematics,117,019c23d9-eba5-7de0-b876-e70dfbffee51,SZKOŁA PODSTAWOWA NR 82 IM. PROF. JANA CZOCHRALSKIEGO W GDAŃSKU,gdansk/szkola-podstawowa/szkola-podstawowa-nr-82-im-prof-jana-czochralskiego-w-gdansku-15135,Gdańsk,POMORSKIE,42.33,459,653,True
2023,mathematics,118,019c23e7-52ca-784c-811e-bda62a5e0807,NIEPUBLICZNA SZKOŁA PODSTAWOWA ŻYRAFIA OSADA,gdansk/szkola-podstawowa/niepubliczna-szkola-podstawowa-zyrafia-osada-272459,Gdańsk,POMORSKIE,42,466,653,False
2023,mathematics,119,019c23da-2000-7339-9fe0-e64502f79156,SZKOŁA PODSTAWOWA NR 88 IM. DANIELA GABRIELA FAHRENHEITA W GDAŃSKU,gdansk/szkola-podstawowa/szkola-podstawowa-nr-88-im-daniela-gabriela-fahrenheita-w-gdansku-16374,Gdańsk,POMORSKIE,41.47,475,653,True
2023,mathematics,120,019c23da-2801-7317-a118-0261767bd083,ZESPÓŁ SZKOLNO-PRZEDSZKOLNY NR 11- SZKOŁA PODSTAWOWA NR 61 IM. JÓZEFA WYBICKIEGO W GDAŃSKU,gdansk/szkola-podstawowa/zespol-szkolno-przedszkolny-nr-11-szkola-podstawowa-nr-61-im-jozefa-wybickiego-w-gdansku-16564,Gdańsk,POMORSKIE,41.07,483,653,True
2023,mathematics,121,019c23da-47f8-70d9-9ef8-b86e471b170f,ZESPÓŁ SZKOLNO-PRZEDSZKOLNY NR 4 SZKOŁA PODSTAWOWA NR 11 IM. NA BURSZTYNOWYM SZLAKU W GDAŃSKU,gdansk/szkola-podstawowa/zespol-szkolno-przedszkolny-nr-4-szkola-podstawowa-nr-11-im-na-bursztynowym-szlaku-w-gdansku-17319,Gdańsk,POMORSKIE,40,505,653,True
2023,mathematics,122,019c23da-282c-7c40-8042-3e6d22bcad3e,SZKOŁA PODSTAWOWA NR 62 W GDAŃSKU,gdansk/szkola-podstawowa/szkola-podstawowa-nr-62-w-gdansku-16641,Gdańsk,POMORSKIE,38.67,530,653,True
2023,mathematics,123,019c23c2-3f92-75cb-905d-13b1f3eabd7d,SZKOŁA PODSTAWOWA NR 13 IM. LUCJANA CYLKOWSKIEGO,gdynia/szkola-podstawowa/szkola-podstawowa-nr-13-im-lucjana-cylkowskiego-5534,Gdynia,POMORSKIE,38.37,540,653,True
2023,mathematics,124,019c23d9-1ebc-7f7f-8e28-6fd73a5690e0,SZKOŁA PODSTAWOWA NR 21 IM. KPT. Ż. W. OLGIERDA BORCHARDTA W GDAŃSKU,gdansk/szkola-podstawowa/szkola-podstawowa-nr-21-im-kpt-z-w-olgierda-borchardta-w-gdansku-10067,Gdańsk,POMORSKIE,36.31,565,653,True
2023,mathematics,125,019c23da-431f-7c71-94e8-8342096d9b44,SZKOŁA PODSTAWOWA NR 4 IM. KRÓLA KAZIMIERZA JAGIELLOŃCZYKA W GDAŃSKU,gdansk/szkola-podstawowa/szkola-podstawowa-nr-4-im-krola-kazimierza-jagiellonczyka-w-gdansku-17192,Gdańsk,POMORSKIE,36,568,653,True
2023,mathematics,126,019c23e0-d61a-7512-8943-90c776299544,GDAŃSKA SZKOŁA PODSTAWOWA,gdansk/szkola-podstawowa/gdanska-szkola-podstawowa-81749,Gdańsk,POMORSKIE,34.5,584,653,False
2023,mathematics,127,019c23d9-4d0e-782d-8261-01f1fb99f1ce,SZKOŁA PODSTAWOWA NR 49 IM. KS. BRONISŁAWA KOMOROWSKIEGO W GDAŃSKU,gdansk/szkola-podstawowa/szkola-podstawowa-nr-49-im-ks-bronislawa-komorowskiego-w-gdansku-11179,Gdańsk,POMORSKIE,34.04,594,653,True
2023,mathematics,128,019c23d9-2b49-7cd5-adb2-cca317fb715b,SZKOŁA PODSTAWOWA NR 16 IM. WŁADYSŁAWA BRONIEWSKIEGO W GDAŃSKU,gdansk/szkola-podstawowa/szkola-podstawowa-nr-16-im-wladyslawa-broniewskiego-w-gdansku-10294,Gdańsk,POMORSKIE,33.9,598,653,True
2023,mathematics,129,019c23da-4cec-7562-b8d2-47abc21f2b67,SZKOŁA PODSTAWOWA NR 69 IM GENERAŁA STANISŁAWA SOSABOWSKIEGO W GDAŃSKU,gdansk/szkola-podstawowa/szkola-podstawowa-nr-69-im-generala-stanislawa-sosabowskiego-w-gdansku-17410,Gdańsk,POMORSKIE,33.33,604,653,True
2023,mathematics,130,019c23d9-f4a4-71d1-8578-220dc18ef7eb,SZKOŁA PODSTAWOWA NR 60 W GDAŃSKU,gdansk/szkola-podstawowa/szkola-podstawowa-nr-60-w-gdansku-15253,Gdańsk,POMORSKIE,30.58,624,653,True
2023,mathematics,131,019c23da-ae03-724a-85aa-1dc846c7c42b,SZKOŁA PODSTAWOWA NR 65 IM. ALFA LICZMAŃSKIEGO W GDAŃSKU,gdansk/szkola-podstawowa/szkola-podstawowa-nr-65-im-alfa-liczmanskiego-w-gdansku-19820,Gdańsk,POMORSKIE,30.18,628,653,True
2023,mathematics,132,019c23d9-f91c-7724-b746-258e3d238951,SZKOŁA PODSTAWOWA NR 57 IM. GEN. WŁADYSŁAWA ANDERSA W GDAŃSKU,gdansk/szkola-podstawowa/szkola-podstawowa-nr-57-im-gen-wladyslawa-andersa-w-gdansku-15431,Gdańsk,POMORSKIE,28.35,632,653,True
2023,mathematics,133,019c23dc-d556-7fff-be9c-9054842b9126,SZKOŁA PODSTAWOWA SPECJALNA NR 28,gdansk/szkola-podstawowa/szkola-podstawowa-specjalna-nr-28-39066,Gdańsk,POMORSKIE,16,648,653,True
2024,mathematics,1,019c23df-42af-7f75-a61d-e7cab4b0088e,"NIEPUBLICZNA SZKOŁA PODSTAWOWA ""SOKRATES""",gdansk/szkola-podstawowa/niepubliczna-szkola-podstawowa-sokrates-66309,Gdańsk,POMORSKIE,94.93,1,604,False
2024,mathematics,2,019c23e1-7546-7a86-9791-e2c8d2fa541c,III SPOŁECZNA SZKOŁA PODSTAWOWA SPOŁECZNEGO TOWARZYSTWA OŚWIATOWEGO,gdansk/szkola-podstawowa/iii-spoleczna-szkola-podstawowa-spolecznego-towarzystwa-oswiatowego-86458,Gdańsk,POMORSKIE,93.05,2,604,False
2024,mathematics,3,019c23c2-5015-788a-b0d6-d50600a116f4,PIERWSZA SZKOŁA SPOŁECZNA PODSTAWOWA IM.DZIECI ZJEDNOCZONEJ EUROPY,gdynia/szkola-podstawowa/pierwsza-szkola-spoleczna-podstawowa-im-dzieci-zjednoczonej-europy-5959,Gdynia,POMORSKIE,92,3,604,False
2024,mathematics,4,019c23dd-3a9e-7e6f-80ef-4d360046bc2a,"PODSTAWOWA SZKOŁA SPOŁECZNA ""NIEDŹWIEDNIK""",gdansk/szkola-podstawowa/podstawowa-szkola-spoleczna-niedzwiednik-43412,Gdańsk,POMORSKIE,90.93,4,604,False
2024,mathematics,5,019c23e1-616e-74f1-adca-e1dedbc7bfcc,GDAŃSKIE SZKOŁY AUTONOMICZNE GDAŃSKA AUTONOMICZNA SZKOŁA PODSTAWOWA,gdansk/szkola-podstawowa/gdanskie-szkoly-autonomiczne-gdanska-autonomiczna-szkola-podstawowa-85999,Gdańsk,POMORSKIE,90.18,5,604,False
2024,mathematics,6,019c23df-0382-744f-9214-164cfe6ca861,KATOLICKA SZKOŁA PODSTAWOWA IM ŚW. RODZINY W GDYNI,gdynia/szkola-podstawowa/katolicka-szkola-podstawowa-im-sw-rodziny-w-gdyni-62306,Gdynia,POMORSKIE,87.16,9,604,True
2024,mathematics,7,019c23e6-44e2-71ff-9942-036eed85be55,SZKOŁA PODSTAWOWA JEZUITÓW Z ODDZIAŁAMI DWUJĘZYCZNYMI IM. ŚW. STANISŁAWA KOSTKI W GDYNI,gdynia/szkola-podstawowa/szkola-podstawowa-jezuitow-z-oddzialami-dwujezycznymi-im-sw-stanislawa-kostki-w-gdyni-133486,Gdynia,POMORSKIE,87,10,604,False
2024,mathematics,8,019c23e1-702a-7a7b-ac88-3904f32de525,KATOLICKA SZKOŁA PODSTAWOWA IM. ŚW. KAZIMIERZA W GDAŃSKU,gdansk/szkola-podstawowa/katolicka-szkola-podstawowa-im-sw-kazimierza-w-gdansku-86270,Gdańsk,POMORSKIE,86.67,11,604,False
2024,mathematics,9,019c23e0-a250-77d3-9f40-51c0eb31bc45,NOWY ŚWIAT NIEPUBLICZNA SZKOŁA PODSTAWOWA,gdansk/szkola-podstawowa/nowy-swiat-niepubliczna-szkola-podstawowa-80448,Gdańsk,POMORSKIE,85.26,13,604,False
2024,mathematics,10,019c23e1-6b8c-747d-b86a-71d4163a5729,II SPOŁECZNA SZKOŁA PODSTAWOWA SPOŁECZNEGO TOWARZYSTWA OŚWIATOWEGO,gdansk/szkola-podstawowa/ii-spoleczna-szkola-podstawowa-spolecznego-towarzystwa-oswiatowego-86125,Gdańsk,POMORSKIE,84.86,15,604,False
2024,mathematics,11,019c23e1-7027-749c-bb81-1e9b35e222db,SZKOŁA PODSTAWOWA IM. ŚW. JANA DE LA SALLE,gdansk/szkola-podstawowa/szkola-podstawowa-im-sw-jana-de-la-salle-86264,Gdańsk,POMORSKIE,83.03,17,604,False
2024,mathematics,12,019c23e4-0df5-72c8-8d0a-f60a60b1d6aa,FREGATA SZKOŁA PODSTAWOWA DLA DZIEWCZĄT,gdansk/szkola-podstawowa/fregata-szkola-podstawowa-dla-dziewczat-119762,Gdańsk,POMORSKIE,82.8,18,604,False
2024,mathematics,13,019c23dc-4f7e-7b00-893f-76a6c05182cb,"""FREGATA"" SZKOŁA PODSTAWOWA DLA CHŁOPCÓW",gdansk/szkola-podstawowa/fregata-szkola-podstawowa-dla-chlopcow-30613,Gdańsk,POMORSKIE,82.18,19,604,False
2024,mathematics,14,019c23e4-e46e-77cd-9898-1265e6b8e72a,"SZKOŁA PODSTAWOWA TOWARZYSTWA EDUKACYJNEGO ""VIZJA""",gdansk/szkola-podstawowa/szkola-podstawowa-towarzystwa-edukacyjnego-vizja-125174,Gdańsk,POMORSKIE,82,20,604,False
2024,mathematics,15,019c23a3-7a25-7a48-9035-f6ee0586e79e,SZKOŁA PODSTAWOWA NR 18 IM. KORNELA MAKUSZYŃSKIEGO,gdynia/szkola-podstawowa/szkola-podstawowa-nr-18-im-kornela-makuszynskiego-4563,Gdynia,POMORSKIE,81.74,21,604,True
2024,mathematics,16,019c23e1-6bad-7a57-91d1-e87f5608fb63,I SPOŁECZNA SZKOŁA PODSTAWOWA SPOŁECZNEGO TOWARZYSTWA OŚWIATOWEGO,gdansk/szkola-podstawowa/i-spoleczna-szkola-podstawowa-spolecznego-towarzystwa-oswiatowego-86148,Gdańsk,POMORSKIE,81.65,22,604,False
2024,mathematics,17,019c23e0-8b74-72e7-8e09-ed9226ceb02a,"NIEPUBLICZNA SZKOŁA PODSTAWOWA ""NASZA SZKOŁA""",gdansk/szkola-podstawowa/niepubliczna-szkola-podstawowa-nasza-szkola-79859,Gdańsk,POMORSKIE,81,24,604,False
2024,mathematics,18,019c23e6-8743-7bcc-93e1-e404525427ad,KATOLICKA SZKOŁA PODSTAWOWA IM. ŚW. JANA PAWŁA II W GDYNI,gdynia/szkola-podstawowa/katolicka-szkola-podstawowa-im-sw-jana-pawla-ii-w-gdyni-263021,Gdynia,POMORSKIE,80.8,25,604,True
2024,mathematics,19,019c23a3-638e-77f5-a650-11ec5780f3a1,SZKOŁA PODSTAWOWA NR 20 IM. 2 MORSKIEGO PUŁKU STRZELCÓW,gdynia/szkola-podstawowa/szkola-podstawowa-nr-20-im-2-morskiego-pulku-strzelcow-4053,Gdynia,POMORSKIE,80.75,26,604,True
2024,mathematics,20,019c23e5-2a6a-73ce-975e-592aeded4b87,SZKOŁA PODSTAWOWA AKADEMII DOBREJ EDUKACJI IM. MACIEJA PŁAŻYŃSKIEGO,gdansk/szkola-podstawowa/szkola-podstawowa-akademii-dobrej-edukacji-im-macieja-plazynskiego-126944,Gdańsk,POMORSKIE,79.43,28,604,False
2024,mathematics,21,019c23e6-8232-73bf-b6e1-7a35421bad2a,GDAŃSKA SZKOŁA PODSTAWOWA LINGWISTA IM. HYMNU NARODOWEGO,gdansk/szkola-podstawowa/gdanska-szkola-podstawowa-lingwista-im-hymnu-narodowego-262904,Gdańsk,POMORSKIE,77.85,33,604,False
2024,mathematics,22,019c23d9-1e9b-77ef-b38a-df73b6885e86,GDAŃSKA SZKOŁA SZERMIERKI - SZKOŁA PODSTAWOWA NR 70 Z ODDZIAŁAMI SPORTOWYMI W GDAŃSKU,gdansk/szkola-podstawowa/gdanska-szkola-szermierki-szkola-podstawowa-nr-70-z-oddzialami-sportowymi-w-gdansku-9987,Gdańsk,POMORSKIE,76.09,36,604,True
2024,mathematics,23,019c23a3-75e9-7347-bd1d-1b2cbe30a2e8,SZKOŁA PODSTAWOWA NR 37 IM. OBROŃCÓW KĘPY OKSYWSKIEJ,gdynia/szkola-podstawowa/szkola-podstawowa-nr-37-im-obroncow-kepy-oksywskiej-4482,Gdynia,POMORSKIE,74.9,38,604,True
2024,mathematics,24,019c23d9-5991-7ce9-bb1e-4e647aaddc8a,SZKOŁA PODSTAWOWA NR 48 IM. PROFESORA KAZIMIERZA DEMELA,gdynia/szkola-podstawowa/szkola-podstawowa-nr-48-im-profesora-kazimierza-demela-11470,Gdynia,POMORSKIE,74.73,39,604,True
2024,mathematics,25,019c23d9-2b63-75d2-adec-34a0b4117138,SZKOŁA PODSTAWOWA NR 47 IM. KASZUBSKIEJ BRYGADY WOP W GDAŃSKU,gdansk/szkola-podstawowa/szkola-podstawowa-nr-47-im-kaszubskiej-brygady-wop-w-gdansku-10347,Gdańsk,POMORSKIE,74.26,42,604,True
2024,mathematics,26,019c23e6-822b-71e3-aeb7-37bd77f77703,NIEPUBLICZNA SZKOŁA PODSTAWOWA THINKING ZONE W GDAŃSKU,gdansk/szkola-podstawowa/niepubliczna-szkola-podstawowa-thinking-zone-w-gdansku-262876,Gdańsk,POMORSKIE,74,44,604,False
2024,mathematics,27,019c23df-42b0-741e-a372-78fd58048094,"GDAŃSKA SZKOŁA PODSTAWOWA ""LINGWISTA"" IM. ZJEDNOCZONEJ EUROPY",gdansk/szkola-podstawowa/gdanska-szkola-podstawowa-lingwista-im-zjednoczonej-europy-66313,Gdańsk,POMORSKIE,73.75,46,604,False
2024,mathematics,28,019c23e2-10a9-7973-9adf-79949fc7bf33,AMERYKAŃSKA SZKOŁA PODSTAWOWA Z WYKŁADOWYM JĘZYKIEM ANGIELSKIM,gdynia/szkola-podstawowa/amerykanska-szkola-podstawowa-z-wykladowym-jezykiem-angielskim-90298,Gdynia,POMORSKIE,73.67,47,604,False
2024,mathematics,29,019c23da-ce21-7983-91bc-81d75501e8ec,SZKOŁA PODSTAWOWA NR 84 IM. JANA BRZECHWY W GDAŃSKU,gdansk/szkola-podstawowa/szkola-podstawowa-nr-84-im-jana-brzechwy-w-gdansku-20599,Gdańsk,POMORSKIE,73.03,49,604,True
2024,mathematics,30,019c23e6-684d-706a-997d-2aa66781268f,ZESPÓŁ SZKÓŁ OGÓLNOKSZTAŁCĄCYCH NR 2 SZKOŁA PODSTAWOWA NR 33 IM. STEFANA BANACHA W GDAŃSKU,gdansk/szkola-podstawowa/zespol-szkol-ogolnoksztalcacych-nr-2-szkola-podstawowa-nr-33-im-stefana-banacha-w-gdansku-262215,Gdańsk,POMORSKIE,72.3,50,604,True
2024,mathematics,31,019c23d9-0a68-79f6-a021-c13fdb35a980,SZKOŁA PODSTAWOWA NR 44 IM. ADAMA MICKIEWICZA W GDAŃSKU,gdansk/szkola-podstawowa/szkola-podstawowa-nr-44-im-adama-mickiewicza-w-gdansku-9480,Gdańsk,POMORSKIE,72.27,51,604,True
2024,mathematics,32,019c23da-c063-757a-ada4-fa8901bb4825,SZKOŁA PODSTAWOWA NR 85 IM. ZRZESZENIA KASZUBSKO-POMORSKIEGO W GDAŃSKU,gdansk/szkola-podstawowa/szkola-podstawowa-nr-85-im-zrzeszenia-kaszubsko-pomorskiego-w-gdansku-20267,Gdańsk,POMORSKIE,71.56,52,604,True
2024,mathematics,33,019c23d8-c6c3-7bb7-8e43-445c8d4a0b6a,SZKOŁA PODSTAWOWA NR 27 IM. DZIECI ZJEDNOCZONEJ EUROPY W GDAŃSKU,gdansk/szkola-podstawowa/szkola-podstawowa-nr-27-im-dzieci-zjednoczonej-europy-w-gdansku-7678,Gdańsk,POMORSKIE,71.05,54,604,True
2024,mathematics,34,019c23a3-6c42-73aa-8216-7415b651b210,SZKOŁA PODSTAWOWA NR 6 IM. ANTONIEGO ABRAHAMA,gdynia/szkola-podstawowa/szkola-podstawowa-nr-6-im-antoniego-abrahama-4254,Gdynia,POMORSKIE,70.98,55,604,True
2024,mathematics,35,019c23d8-fd9e-761e-b612-0e8e151bc223,ZESPÓŁ SZKOLNO-PRZEDSZKOLNY NR 2 -SZKOŁA PODSTAWOWA NR 42 IM. IGNACEGO JANA PADEREWSKIEGO W GDAŃSKU,gdansk/szkola-podstawowa/zespol-szkolno-przedszkolny-nr-2-szkola-podstawowa-nr-42-im-ignacego-jana-paderewskiego-w-gdansku-9082,Gdańsk,POMORSKIE,70.96,56,604,True
2024,mathematics,36,019c23d9-2ff9-7558-b408-a671ea287fd4,SZKOŁA PODSTAWOWA NR 77 W GDAŃSKU,gdansk/szkola-podstawowa/szkola-podstawowa-nr-77-w-gdansku-10388,Gdańsk,POMORSKIE,70.89,57,604,True
2024,mathematics,37,019c23d8-c6bd-799e-9b80-d85cac1026bb,SZKOŁA PODSTAWOWA NR 46,gdynia/szkola-podstawowa/szkola-podstawowa-nr-46-7669,Gdynia,POMORSKIE,69.44,58,604,True
2024,mathematics,38,019c23e6-8234-7079-9edf-7a0a14cbe30e,NIEPUBLICZNA SZKOŁA PODSTAWOWA MISTRZOSTWA SPORTOWEGO GDAŃSKIEGO KLUBU SPORTOWEGO GEDANIA 1922,gdansk/szkola-podstawowa/niepubliczna-szkola-podstawowa-mistrzostwa-sportowego-gdanskiego-klubu-sportowego-gedania-1922-262911,Gdańsk,POMORSKIE,69.33,59,604,False
2024,mathematics,39,019c23e4-b360-786c-ac20-381ed98490bd,POZYTYWNA SZKOŁA PODSTAWOWA IM. ARKADIUSZA ARAMA RYBICKIEGO W GDAŃSKU,gdansk/szkola-podstawowa/pozytywna-szkola-podstawowa-im-arkadiusza-arama-rybickiego-w-gdansku-124084,Gdańsk,POMORSKIE,68.79,61,604,True
2024,mathematics,40,019c23dc-d559-74be-95fd-718e8de6e0c7,SZKOŁA PODSTAWOWA NR 48 IM. GEN. JÓZEFA HALLERA W GDAŃSKU,gdansk/szkola-podstawowa/szkola-podstawowa-nr-48-im-gen-jozefa-hallera-w-gdansku-39070,Gdańsk,POMORSKIE,68.5,63,604,True
2024,mathematics,41,019c23d9-40aa-7f43-9c99-6ba57bfa4d05,"PRYWATNA SZKOŁA PODSTAWOWA ""LIBER""",gdynia/szkola-podstawowa/prywatna-szkola-podstawowa-liber-10829,Gdynia,POMORSKIE,68.31,65,604,False
2024,mathematics,42,019c23a3-75b0-7d7e-86dd-3343db3b43a5,SZKOŁA PODSTAWOWA NR 34 Z ODDZIAŁAMI INTEGRACYJNYMI IM. LEONIDA TELIGI,gdynia/szkola-podstawowa/szkola-podstawowa-nr-34-z-oddzialami-integracyjnymi-im-leonida-teligi-4419,Gdynia,POMORSKIE,68,66,604,True
2024,mathematics,43,019c23e2-287c-7ccd-8fc1-96afe989471e,GDYŃSKA SZKOŁA SPOŁECZNA,gdynia/szkola-podstawowa/gdynska-szkola-spoleczna-90963,Gdynia,POMORSKIE,67.75,68,604,False
2024,mathematics,44,019c23e6-051e-7701-88cc-d1057025f38f,MORSKA SZKOŁA PODSTAWOWA IM. ALEKSANDRA DOBY W GDAŃSKU,gdansk/szkola-podstawowa/morska-szkola-podstawowa-im-aleksandra-doby-w-gdansku-131786,Gdańsk,POMORSKIE,67.47,69,604,True
2024,mathematics,45,019c23d9-3446-7a8e-ab24-a3631d3f5f55,SZKOŁA PODSTAWOWA NR 17 IM. HETMANA STEFANA CZARNIECKIEGO W GDAŃSKU,gdansk/szkola-podstawowa/szkola-podstawowa-nr-17-im-hetmana-stefana-czarnieckiego-w-gdansku-10509,Gdańsk,POMORSKIE,67.31,70,604,True
2024,mathematics,46,019c23d8-a52a-7a3a-8268-ef536be69d0e,SZKOŁA PODSTAWOWA NR 12,gdynia/szkola-podstawowa/szkola-podstawowa-nr-12-6850,Gdynia,POMORSKIE,67.13,72,604,True
2024,mathematics,47,019c23da-1b7c-792c-a0a7-e530093145c9,SZKOŁA PODSTAWOWA NR 19 IM. ZASŁUŻONYCH LUDZI MORZA W GDAŃSKU,gdansk/szkola-podstawowa/szkola-podstawowa-nr-19-im-zasluzonych-ludzi-morza-w-gdansku-16227,Gdańsk,POMORSKIE,66.95,73,604,True
2024,mathematics,48,019c23d9-eba1-7f39-bab8-3a23a9c4095f,SZKOŁA PODSTAWOWA NR 1 IM. MARIUSZA ZARUSKIEGO W GDAŃSKU,gdansk/szkola-podstawowa/szkola-podstawowa-nr-1-im-mariusza-zaruskiego-w-gdansku-15124,Gdańsk,POMORSKIE,66.44,77,604,True
2024,mathematics,49,019c23d9-0ec4-7c18-aff6-30bef43c1c8a,SZKOŁA PODSTAWOWA NR 39 IM. WOJSKA POLSKIEGO W GDAŃSKU,gdansk/szkola-podstawowa/szkola-podstawowa-nr-39-im-wojska-polskiego-w-gdansku-9587,Gdańsk,POMORSKIE,66.2,80,604,True
2024,mathematics,50,019c23d9-eba5-7de0-b876-e70dfbffee51,SZKOŁA PODSTAWOWA NR 82 IM. PROF. JANA CZOCHRALSKIEGO W GDAŃSKU,gdansk/szkola-podstawowa/szkola-podstawowa-nr-82-im-prof-jana-czochralskiego-w-gdansku-15135,Gdańsk,POMORSKIE,66.07,81,604,True
2024,mathematics,51,019c23d8-e47c-7508-876a-98d51336b614,SZKOŁA PODSTAWOWA NR 8 IM. OBROŃCÓW HELU,gdynia/szkola-podstawowa/szkola-podstawowa-nr-8-im-obroncow-helu-8469,Gdynia,POMORSKIE,66,82,604,True
2024,mathematics,52,019c23d9-0619-720a-93a6-8edb2759c6b2,SZKOŁA PODSTAWOWA NR 14 IM. KS. GRZEGORZA PIRAMOWICZA W GDAŃSKU,gdansk/szkola-podstawowa/szkola-podstawowa-nr-14-im-ks-grzegorza-piramowicza-w-gdansku-9378,Gdańsk,POMORSKIE,65.38,85,604,True
2024,mathematics,53,019c23e6-0057-7286-81e5-64c55679732b,SZKOŁA PODSTAWOWA BE MONTESSORI SCHOOL GDAŃSK,gdansk/szkola-podstawowa/szkola-podstawowa-be-montessori-school-gdansk-131758,Gdańsk,POMORSKIE,64.89,88,604,False
2024,mathematics,54,019c23d8-ecbd-7091-915f-8b6001e8b49b,ZESPÓŁ SZKOLNO-PRZEDSZKOLNY NR 10 - SZKOŁA PODSTAWOWA NR 80 IM. BUDOWNICZYCH PORTU PÓŁNOCNEGO W GDAŃSKU,gdansk/szkola-podstawowa/zespol-szkolno-przedszkolny-nr-10-szkola-podstawowa-nr-80-im-budowniczych-portu-polnocnego-w-gdansku-8641,Gdańsk,POMORSKIE,64.68,89,604,True
2024,mathematics,55,019c23da-519a-7c2e-8060-0ebab795da65,SZKOŁA PODSTAWOWA NR 86 IM. PROF. JERZEGO SAMPA W GDAŃSKU,gdansk/szkola-podstawowa/szkola-podstawowa-nr-86-im-prof-jerzego-sampa-w-gdansku-17531,Gdańsk,POMORSKIE,64.32,92,604,True
2024,mathematics,56,019c23d8-e07d-76cb-9b5e-85b1a751670d,SZKOŁA PODSTAWOWA NR 79 W GDAŃSKU,gdansk/szkola-podstawowa/szkola-podstawowa-nr-79-w-gdansku-8320,Gdańsk,POMORSKIE,64.14,95,604,True
2024,mathematics,57,019c23df-d124-73b5-88a5-48d994aa5d99,BRITISH INTERNATIONAL SCHOOL GDAŃSK - SZKOLA PODSTAWOWA,gdansk/szkola-podstawowa/british-international-school-gdansk-szkola-podstawowa-71958,Gdańsk,POMORSKIE,64,96,604,False
2024,mathematics,58,019c23da-4809-7922-8ead-161d0e3c157b,ZESPÓŁ SZKOLNO-PRZEDSZKOLNY NR 5 SZKOŁA PODSTAWOWA NR 92 IM. KARD. STEFANA WYSZYŃSKIEGO PRYMASA TYSIĄCLECIA W GDAŃSKU,gdansk/szkola-podstawowa/zespol-szkolno-przedszkolny-nr-5-szkola-podstawowa-nr-92-im-kard-stefana-wyszynskiego-prymasa-tysiaclecia-w-gdansku-17348,Gdańsk,POMORSKIE,62.45,102,604,True
2024,mathematics,59,019c23e4-353d-7512-9435-8d4aefd8c29a,CHRZEŚCIJAŃSKA SZKOŁA MONTESSORI,gdansk/szkola-podstawowa/chrzescijanska-szkola-montessori-120645,Gdańsk,POMORSKIE,61.91,107,604,False
2024,mathematics,60,019c23d9-22dc-76f3-9e2a-664f7586c774,SZKOŁA PODSTAWOWA NR 45 IM. BOHATERÓW WESTERPLATTE W GDAŃSKU,gdansk/szkola-podstawowa/szkola-podstawowa-nr-45-im-bohaterow-westerplatte-w-gdansku-10166,Gdańsk,POMORSKIE,61.85,108,604,True
2024,mathematics,61,019c23da-3e61-71e4-b691-c712f00f4e4e,SZKOŁA PODSTAWOWA NR 38 IM. GEN. STANISŁAWA MACZKA W GDAŃSKU,gdansk/szkola-podstawowa/szkola-podstawowa-nr-38-im-gen-stanislawa-maczka-w-gdansku-17066,Gdańsk,POMORSKIE,61.75,110,604,True
2024,mathematics,62,019c23c2-3f92-75cb-905d-13b1f3eabd7d,SZKOŁA PODSTAWOWA NR 13 IM. LUCJANA CYLKOWSKIEGO,gdynia/szkola-podstawowa/szkola-podstawowa-nr-13-im-lucjana-cylkowskiego-5534,Gdynia,POMORSKIE,61.12,116,604,True
2024,mathematics,63,019c23e7-2804-7c8c-82a9-e0fdb5ab5be2,ZESPÓŁ SZKOLNO-PRZEDSZKOLNY NR 6 SZKOŁA PODSTAWOWA NR 6 W GDAŃSKU,gdansk/szkola-podstawowa/zespol-szkolno-przedszkolny-nr-6-szkola-podstawowa-nr-6-w-gdansku-270564,Gdańsk,POMORSKIE,60.77,121,604,True
2024,mathematics,64,019c23dc-b40a-798a-ba95-5692bb2959f6,SZKOŁA PODSTAWOWA NR 43 IM. WICEADMIRAŁA KAZIMIERZA PORĘBSKIEGO,gdynia/szkola-podstawowa/szkola-podstawowa-nr-43-im-wiceadmirala-kazimierza-porebskiego-35190,Gdynia,POMORSKIE,60.71,124,604,True
2024,mathematics,65,019c23da-df6d-70fb-a550-320356e362db,SZKOŁA PODSTAWOWA NR 81 W GDAŃSKU IM. PROF. MICHAŁA SIEDLECKIEGO,gdansk/szkola-podstawowa/szkola-podstawowa-nr-81-w-gdansku-im-prof-michala-siedleckiego-21025,Gdańsk,POMORSKIE,60.3,128,604,True
2024,mathematics,66,019c23a3-70d2-7755-a470-e426e5a2be3f,SZKOŁA PODSTAWOWA NR 26 IM. ŻOŁNIERZY ARMII KRAJOWEJ,gdynia/szkola-podstawowa/szkola-podstawowa-nr-26-im-zolnierzy-armii-krajowej-4319,Gdynia,POMORSKIE,60,130,604,True
2024,mathematics,67,019c23e8-3026-748c-b0d9-c17836f616c0,NIEPUBLICZNA SZKOŁA PODSTAWOWA MENTAL ARTS,gdansk/szkola-podstawowa/niepubliczna-szkola-podstawowa-mental-arts-478563,Gdańsk,POMORSKIE,59.67,131,604,False
2024,mathematics,68,019c23d9-389c-7d45-a285-0c4572f7f969,SZKOŁA PODSTAWOWA NR 24 IM. GUSTAWA MORCINKA W GDAŃSKU,gdansk/szkola-podstawowa/szkola-podstawowa-nr-24-im-gustawa-morcinka-w-gdansku-10634,Gdańsk,POMORSKIE,59.48,135,604,True
2024,mathematics,69,019c23d9-da46-7c1b-9c39-986de2e79ab4,SZKOŁA PODSTAWOWA NR 50 IM. E.PLATER W GDAŃSKU,gdansk/szkola-podstawowa/szkola-podstawowa-nr-50-im-e-plater-w-gdansku-14699,Gdańsk,POMORSKIE,59.26,137,604,True
2024,mathematics,70,019c23c2-5021-765c-a5a1-10c9aa4aff6d,SZKOŁA PODSTAWOWA NR 29 IM. JERZEGO PUCKA W GDAŃSKU,gdansk/szkola-podstawowa/szkola-podstawowa-nr-29-im-jerzego-pucka-w-gdansku-5981,Gdańsk,POMORSKIE,58.86,141,604,True
2024,mathematics,71,019c23d9-40b0-79b5-9655-7cab9095c18f,SZKOŁA PODSTAWOWA NR 20 W GDAŃSKU IM. KMDR PPOR. JANA GRUDZIŃSKIEGO,gdansk/szkola-podstawowa/szkola-podstawowa-nr-20-w-gdansku-im-kmdr-ppor-jana-grudzinskiego-10842,Gdańsk,POMORSKIE,58.73,143,604,True
2024,mathematics,72,019c23da-4cf4-7a92-9517-c95e57d65bf2,ZESPÓŁ SZKÓŁ OGÓLNOKSZTAŁCĄCYCH NR 10 IM. EUGENIUSZA KWIATKOWSKIEGO W GDAŃSKU - SZKOŁA PODSTAWOWA NR 18,gdansk/szkola-podstawowa/zespol-szkol-ogolnoksztalcacych-nr-10-im-eugeniusza-kwiatkowskiego-w-gdansku-szkola-podstawowa-nr-18-17430,Gdańsk,POMORSKIE,58.29,149,604,True
2024,mathematics,73,019c23d9-3461-76c2-9659-24047f985f67,SZKOŁA PODSTAWOWA NR 89 IM. TADEUSZA MAZOWIECKIEGO W GDAŃSKU,gdansk/szkola-podstawowa/szkola-podstawowa-nr-89-im-tadeusza-mazowieckiego-w-gdansku-10576,Gdańsk,POMORSKIE,58.22,150,604,True
2024,mathematics,74,019c23d8-e470-7b69-baa6-781b51f124ca,SZKOŁA PODSTAWOWA NR 12 IM. PRZYJACIÓŁ GDAŃSKA,gdansk/szkola-podstawowa/szkola-podstawowa-nr-12-im-przyjaciol-gdanska-8438,Gdańsk,POMORSKIE,57.26,161,604,True
2024,mathematics,75,019c23d8-cacd-7a17-93b6-39278ecb5275,SZKOŁA PODSTAWOWA NR 47 IM FRANCISZKI CEGIELSKIEJ,gdynia/szkola-podstawowa/szkola-podstawowa-nr-47-im-franciszki-cegielskiej-7747,Gdynia,POMORSKIE,57.2,162,604,True
2024,mathematics,76,019c23dd-003a-7b91-bef7-d4aa330ccd8f,PODSTAWOWA SZKOŁA GEDANENSIS,gdansk/szkola-podstawowa/podstawowa-szkola-gedanensis-41069,Gdańsk,POMORSKIE,57.14,163,604,False
2024,mathematics,77,019c23da-6f03-7a2c-aca0-ea29a1b765a7,ZESPÓŁ SZKÓŁ SPORTOWYCH I MISTRZOSTWA SPORTOWEGO IM. JANUSZA KUSOCIŃSKIEGO SPORTOWA SZKOŁA PODSTAWOWA NR 75 Z ODDZIAŁAMI MISTRZOSTWA SPORTOWEGO IM. JANUSZA KUSOCIŃSKIEGO W GDAŃSKU,gdansk/szkola-podstawowa/zespol-szkol-sportowych-i-mistrzostwa-sportowego-im-janusza-kusocinskiego-sportowa-szkola-podstawowa-nr-75-z-oddzialami-mistrzostwa-sportowego-im-janusza-kusocinskiego-w-gdansku-18269,Gdańsk,POMORSKIE,57.14,163,604,True
2024,mathematics,78,019c23d9-eba2-7f0f-b37d-bc2daa935d0b,ZESPÓŁ SZKÓŁ OGÓLNOKSZTAŁCĄCYCH NR 8 W GDAŃSKU - SZKOŁA PODSTAWOWA NR 5 IM. JANA PAWŁA II,gdansk/szkola-podstawowa/zespol-szkol-ogolnoksztalcacych-nr-8-w-gdansku-szkola-podstawowa-nr-5-im-jana-pawla-ii-15126,Gdańsk,POMORSKIE,56.77,170,604,True
2024,mathematics,79,019c23d9-553e-73e4-9ace-31fd26aede63,SZKOŁA PODSTAWOWA NR 2 Z ODDZIAŁAMI SPORTOWYMI IM. ARMII KRAJOWEJ W GDAŃSKU,gdansk/szkola-podstawowa/szkola-podstawowa-nr-2-z-oddzialami-sportowymi-im-armii-krajowej-w-gdansku-11368,Gdańsk,POMORSKIE,56.64,173,604,True
2024,mathematics,80,019c23dc-d54f-79dc-8565-c0afa55f1254,ZESPÓŁ SZKOLNO-PRZEDSZKOLNY NR 9 - SZKOŁA PODSTAWOWA NR 7 IM.MJRA MIECZYSŁAWA SŁABEGO,gdansk/szkola-podstawowa/zespol-szkolno-przedszkolny-nr-9-szkola-podstawowa-nr-7-im-mjra-mieczyslawa-slabego-39056,Gdańsk,POMORSKIE,56.5,175,604,True
2024,mathematics,81,019c23a3-7a00-7af2-af5c-a2ea233a5be0,SZKOŁA PODSTAWOWA NR 28 IM. LOTNIKÓW POLSKICH,gdynia/szkola-podstawowa/szkola-podstawowa-nr-28-im-lotnikow-polskich-4529,Gdynia,POMORSKIE,56.38,177,604,True
2024,mathematics,82,019c23dd-35b0-701e-8d37-e6dba044228e,SZKOŁA PODSTAWOWA NR 40 IM. KPT. Ż. W. K. O. BORCHARDTA W GDYNI,gdynia/szkola-podstawowa/szkola-podstawowa-nr-40-im-kpt-z-w-k-o-borchardta-w-gdyni-42897,Gdynia,POMORSKIE,55.22,188,604,True
2024,mathematics,83,019c23a3-70d7-774d-af73-159690741af8,SZKOŁA PODSTAWOWA NR 16 IM. ORŁA BIAŁEGO,gdynia/szkola-podstawowa/szkola-podstawowa-nr-16-im-orla-bialego-4324,Gdynia,POMORSKIE,54.98,192,604,True
2024,mathematics,84,019c23d9-4902-7358-8dc6-56f76bc75175,SZKOŁA PODSTAWOWA NR 46 W GDAŃSKU,gdansk/szkola-podstawowa/szkola-podstawowa-nr-46-w-gdansku-11134,Gdańsk,POMORSKIE,54.59,194,604,True
2024,mathematics,85,019c23da-5197-7e67-b2b5-1afa97f67aed,ZESPÓŁ SZKOLNO - PRZEDSZKOLNY NR 1 W GDAŃSKU - SZKOŁA PODSTAWOWA NR 76 IM. JAROSŁAWA DĄBROWSKIEGO,gdansk/szkola-podstawowa/zespol-szkolno-przedszkolny-nr-1-w-gdansku-szkola-podstawowa-nr-76-im-jaroslawa-dabrowskiego-17523,Gdańsk,POMORSKIE,53.38,199,604,True
2024,mathematics,86,019c23d8-d727-7bf3-b3fe-24b3ada1fc95,ZESPÓŁ SZKOLNO-PRZEDSZKOLNY NR 8 SZKOŁA PODSTAWOWA NR 8 W GDAŃSKU IM. PRZYJACIÓŁ ZIEMI,gdansk/szkola-podstawowa/zespol-szkolno-przedszkolny-nr-8-szkola-podstawowa-nr-8-w-gdansku-im-przyjaciol-ziemi-8060,Gdańsk,POMORSKIE,53.26,202,604,True
2024,mathematics,87,019c23d8-a4ff-73a3-b479-b9299e17310f,SZKOŁA PODSTAWOWA NR 42 IM. KRÓLOWEJ JADWIGI,gdynia/szkola-podstawowa/szkola-podstawowa-nr-42-im-krolowej-jadwigi-6783,Gdynia,POMORSKIE,53.06,205,604,True
2024,mathematics,88,019c23a3-6c54-7172-91cf-67b2ea639da9,SZKOŁA PODSTAWOWA NR 29 IM. STEFANA ŻEROMSKIEGO,gdynia/szkola-podstawowa/szkola-podstawowa-nr-29-im-stefana-zeromskiego-4282,Gdynia,POMORSKIE,52.76,207,604,True
2024,mathematics,89,019c23d8-c2ba-7bcd-8948-9b3fcebc65ac,SZKOŁA PODSTAWOWA NR 44 IM. OBROŃCÓW WYBRZEŻA,gdynia/szkola-podstawowa/szkola-podstawowa-nr-44-im-obroncow-wybrzeza-7580,Gdynia,POMORSKIE,51.67,220,604,True
2024,mathematics,90,019c23e0-d61a-7512-8943-90c776299544,GDAŃSKA SZKOŁA PODSTAWOWA,gdansk/szkola-podstawowa/gdanska-szkola-podstawowa-81749,Gdańsk,POMORSKIE,51.5,226,604,False
2024,mathematics,91,019c23d9-345c-7ea2-b61b-48027c766a69,SZKOŁA PODSTAWOWA NR 35 Z ODDZIAŁAMI SPORTOWYMI IM. JANA PARANDOWSKIEGO W GDAŃSKU,gdansk/szkola-podstawowa/szkola-podstawowa-nr-35-z-oddzialami-sportowymi-im-jana-parandowskiego-w-gdansku-10561,Gdańsk,POMORSKIE,51.03,234,604,True
2024,mathematics,92,019c23d9-0ead-7630-9204-e6b92d9fecdb,SZKOŁA PODSTAWOWA NR 15 IM. DR URSZULI MROCZKIEWICZ W GDAŃSKU,gdansk/szkola-podstawowa/szkola-podstawowa-nr-15-im-dr-urszuli-mroczkiewicz-w-gdansku-9540,Gdańsk,POMORSKIE,50.57,241,604,True
2024,mathematics,93,019c23a3-6c55-7725-83c1-8f8655b3fd79,SZKOŁA PODSTAWOWA NR 35 IM. KPT. STANISŁAWA KOSKO,gdynia/szkola-podstawowa/szkola-podstawowa-nr-35-im-kpt-stanislawa-kosko-4284,Gdynia,POMORSKIE,49.93,245,604,True
2024,mathematics,94,019c23a3-70c6-7bb5-a755-019f996cf421,SZKOŁA PODSTAWOWA NR 17 IM. WICEADM. JÓZEFA UNRUGA,gdynia/szkola-podstawowa/szkola-podstawowa-nr-17-im-wiceadm-jozefa-unruga-4307,Gdynia,POMORSKIE,48.38,276,604,True
2024,mathematics,95,019c23d8-e07a-727a-8b07-778131cb9584,SZKOŁA PODSTAWOWA NR 23 IM.DZIECI ŚWIATA W GDAŃSKU,gdansk/szkola-podstawowa/szkola-podstawowa-nr-23-im-dzieci-swiata-w-gdansku-8315,Gdańsk,POMORSKIE,48.33,277,604,True
2024,mathematics,96,019c23da-9c15-72ac-ab7f-c6b1a8a99cd9,SZKOŁA PODSTAWOWA NR 83 IM. ŻOŁNIERZY Z WESTERPLATTE W GDAŃSKU,gdansk/szkola-podstawowa/szkola-podstawowa-nr-83-im-zolnierzy-z-westerplatte-w-gdansku-19432,Gdańsk,POMORSKIE,47.47,290,604,True
2024,mathematics,97,019c23d9-e794-7627-b7b8-61c1032c9f2c,SZKOŁA PODSTAWOWA NR 52 IM. TADEUSZA KOŚCIUSZKI W GDAŃSKU,gdansk/szkola-podstawowa/szkola-podstawowa-nr-52-im-tadeusza-kosciuszki-w-gdansku-15022,Gdańsk,POMORSKIE,47.43,291,604,True
2024,mathematics,98,019c23a3-6c51-7e63-8e84-358314c7f2f7,SZKOŁA PODSTAWOWA NR 23,gdynia/szkola-podstawowa/szkola-podstawowa-nr-23-4277,Gdynia,POMORSKIE,46.8,309,604,True
2024,mathematics,99,019c23da-4cec-7562-b8d2-47abc21f2b67,SZKOŁA PODSTAWOWA NR 69 IM GENERAŁA STANISŁAWA SOSABOWSKIEGO W GDAŃSKU,gdansk/szkola-podstawowa/szkola-podstawowa-nr-69-im-generala-stanislawa-sosabowskiego-w-gdansku-17410,Gdańsk,POMORSKIE,46.46,315,604,True
2024,mathematics,100,019c23da-16a7-7bae-bd8f-f15b4d7b4094,SZKOŁA PODSTAWOWA NR 58 IM. KAZIMIERZA SOŁTYSIKA W GDAŃSKU,gdansk/szkola-podstawowa/szkola-podstawowa-nr-58-im-kazimierza-soltysika-w-gdansku-16171,Gdańsk,POMORSKIE,45.75,329,604,True
2024,mathematics,101,019c23da-47f8-70d9-9ef8-b86e471b170f,ZESPÓŁ SZKOLNO-PRZEDSZKOLNY NR 4 SZKOŁA PODSTAWOWA NR 11 IM. NA BURSZTYNOWYM SZLAKU W GDAŃSKU,gdansk/szkola-podstawowa/zespol-szkolno-przedszkolny-nr-4-szkola-podstawowa-nr-11-im-na-bursztynowym-szlaku-w-gdansku-17319,Gdańsk,POMORSKIE,43.88,357,604,True
2024,mathematics,102,019c23a3-6c25-78e2-83db-aa6e190a852b,SZKOŁA PODSTAWOWA NR 39 IM. KPT Ż. W. KAZIMIERZA JURKIEWICZA,gdynia/szkola-podstawowa/szkola-podstawowa-nr-39-im-kpt-z-w-kazimierza-jurkiewicza-4221,Gdynia,POMORSKIE,43.03,365,604,True
2024,mathematics,103,019c23da-431f-7c71-94e8-8342096d9b44,SZKOŁA PODSTAWOWA NR 4 IM. KRÓLA KAZIMIERZA JAGIELLOŃCZYKA W GDAŃSKU,gdansk/szkola-podstawowa/szkola-podstawowa-nr-4-im-krola-kazimierza-jagiellonczyka-w-gdansku-17192,Gdańsk,POMORSKIE,42.91,369,604,True
2024,mathematics,104,019c23d9-f91c-7724-b746-258e3d238951,SZKOŁA PODSTAWOWA NR 57 IM. GEN. WŁADYSŁAWA ANDERSA W GDAŃSKU,gdansk/szkola-podstawowa/szkola-podstawowa-nr-57-im-gen-wladyslawa-andersa-w-gdansku-15431,Gdańsk,POMORSKIE,41.78,388,604,True
2024,mathematics,105,019c23d8-a94f-7be1-9898-adc01a806e7d,SZKOŁA PODSTAWOWA NR 11 IM. BOHATERÓW ZAŁOGI ORP GROM,gdynia/szkola-podstawowa/szkola-podstawowa-nr-11-im-bohaterow-zalogi-orp-grom-6970,Gdynia,POMORSKIE,41.45,394,604,True
2024,mathematics,106,019c23da-2000-7339-9fe0-e64502f79156,SZKOŁA PODSTAWOWA NR 88 IM. DANIELA GABRIELA FAHRENHEITA W GDAŃSKU,gdansk/szkola-podstawowa/szkola-podstawowa-nr-88-im-daniela-gabriela-fahrenheita-w-gdansku-16374,Gdańsk,POMORSKIE,41.14,398,604,True
2024,mathematics,107,019c23a3-70e8-7c0e-af43-3222d4fabbed,SZKOŁA PODSTAWOWA NR 21 IM. LUDZI MORZA I MARZEŃ W GDYNI,gdynia/szkola-podstawowa/szkola-podstawowa-nr-21-im-ludzi-morza-i-marzen-w-gdyni-4342,Gdynia,POMORSKIE,40.31,416,604,True
2024,mathematics,108,019c23a3-70f8-75de-8860-8173575c4202,SZKOŁA PODSTAWOWA NR 33 IM. OBROŃCÓW KĘPY OKSYWSKIEJ,gdynia/szkola-podstawowa/szkola-podstawowa-nr-33-im-obroncow-kepy-oksywskiej-4369,Gdynia,POMORSKIE,38.92,440,604,True
2024,mathematics,109,019c23d8-fd9d-744e-9f82-5950635e30d5,SZKOŁA PODSTAWOWA NR 40 IM. KPT. LEONIDA TELIGI W GDAŃSKU,gdansk/szkola-podstawowa/szkola-podstawowa-nr-40-im-kpt-leonida-teligi-w-gdansku-9081,Gdańsk,POMORSKIE,38.29,448,604,True
2024,mathematics,110,019c23da-2801-7317-a118-0261767bd083,ZESPÓŁ SZKOLNO-PRZEDSZKOLNY NR 11- SZKOŁA PODSTAWOWA NR 61 IM. JÓZEFA WYBICKIEGO W GDAŃSKU,gdansk/szkola-podstawowa/zespol-szkolno-przedszkolny-nr-11-szkola-podstawowa-nr-61-im-jozefa-wybickiego-w-gdansku-16564,Gdańsk,POMORSKIE,37.5,454,604,True
2024,mathematics,111,019c23da-282c-7c40-8042-3e6d22bcad3e,SZKOŁA PODSTAWOWA NR 62 W GDAŃSKU,gdansk/szkola-podstawowa/szkola-podstawowa-nr-62-w-gdansku-16641,Gdańsk,POMORSKIE,34.57,481,604,True
2024,mathematics,112,019c23da-ae03-724a-85aa-1dc846c7c42b,SZKOŁA PODSTAWOWA NR 65 IM. ALFA LICZMAŃSKIEGO W GDAŃSKU,gdansk/szkola-podstawowa/szkola-podstawowa-nr-65-im-alfa-liczmanskiego-w-gdansku-19820,Gdańsk,POMORSKIE,33.85,486,604,True
2024,mathematics,113,019c23da-0a47-79b7-8d48-cb89702169f5,SZKOŁA PODSTAWOWA NR 59 IM. I DYWIZJI PANCERNEJ GEN. STANISŁAWA MACZKA W GDAŃSKU,gdansk/szkola-podstawowa/szkola-podstawowa-nr-59-im-i-dywizji-pancernej-gen-stanislawa-maczka-w-gdansku-15831,Gdańsk,POMORSKIE,33.67,488,604,True
2024,mathematics,114,019c23d9-12c5-7174-806b-5519c4e30380,SZKOŁA PODSTAWOWA NR 56 IM. ANDRZEJA STRUGA W GDAŃSKU,gdansk/szkola-podstawowa/szkola-podstawowa-nr-56-im-andrzeja-struga-w-gdansku-9704,Gdańsk,POMORSKIE,32,504,604,True
2024,mathematics,115,019c23d9-eba1-7f39-bab8-3a23a758f192,ZESPÓŁ SZKOLNO-PRZEDSZKOLNY NR 7 SZKOŁA PODSTAWOWA NR 55 IM. JANA HEWELIUSZA W GDAŃSKU,gdansk/szkola-podstawowa/zespol-szkolno-przedszkolny-nr-7-szkola-podstawowa-nr-55-im-jana-heweliusza-w-gdansku-15122,Gdańsk,POMORSKIE,32,504,604,True
2024,mathematics,116,019c23dc-1811-7223-957c-286dc340975f,ZESPÓŁ KSZTAŁCENIA PODSTAWOWEGO I PRZEDSZKOLNEGO NR 1 W GDAŃSKU - SZKOŁA PODSTAWOWA NR 87,gdansk/szkola-podstawowa/zespol-ksztalcenia-podstawowego-i-przedszkolnego-nr-1-w-gdansku-szkola-podstawowa-nr-87-29329,Gdańsk,POMORSKIE,32,504,604,True
2024,mathematics,117,019c23d9-1ebc-7f7f-8e28-6fd73a5690e0,SZKOŁA PODSTAWOWA NR 21 IM. KPT. Ż. W. OLGIERDA BORCHARDTA W GDAŃSKU,gdansk/szkola-podstawowa/szkola-podstawowa-nr-21-im-kpt-z-w-olgierda-borchardta-w-gdansku-10067,Gdańsk,POMORSKIE,31.71,512,604,True
2024,mathematics,118,019c23d8-b206-7f8a-bf08-fb2a039dbb74,SZKOŁA PODSTAWOWA NR 31 IM. SYNÓW PUŁKU,gdynia/szkola-podstawowa/szkola-podstawowa-nr-31-im-synow-pulku-7112,Gdynia,POMORSKIE,30.8,519,604,True
2024,mathematics,119,019c23a3-70b9-7839-89f4-5c8c3b97c69d,SZKOŁA PODSTAWOWA NR 10 IM. EUGENIUSZA KWIATKOWSKIEGO,gdynia/szkola-podstawowa/szkola-podstawowa-nr-10-im-eugeniusza-kwiatkowskiego-4300,Gdynia,POMORSKIE,28.39,544,604,True
2024,mathematics,120,019c23dc-d556-7fff-be9c-9054842b9126,SZKOŁA PODSTAWOWA SPECJALNA NR 28,gdansk/szkola-podstawowa/szkola-podstawowa-specjalna-nr-28-39066,Gdańsk,POMORSKIE,27.08,555,604,True
2024,mathematics,121,019c23d9-2b49-7cd5-adb2-cca317fb715b,SZKOŁA PODSTAWOWA NR 16 IM. WŁADYSŁAWA BRONIEWSKIEGO W GDAŃSKU,gdansk/szkola-podstawowa/szkola-podstawowa-nr-16-im-wladyslawa-broniewskiego-w-gdansku-10294,Gdańsk,POMORSKIE,25.6,565,604,True
2024,mathematics,122,019c23d9-4d0e-782d-8261-01f1fb99f1ce,SZKOŁA PODSTAWOWA NR 49 IM. KS. BRONISŁAWA KOMOROWSKIEGO W GDAŃSKU,gdansk/szkola-podstawowa/szkola-podstawowa-nr-49-im-ks-bronislawa-komorowskiego-w-gdansku-11179,Gdańsk,POMORSKIE,24.8,568,604,True
2024,mathematics,123,019c23e6-360d-759c-84e6-ceea1e717cdf,"PUBLICZNA SZKOŁA PODSTAWOWA ""OLIMPIJCZYK"" W GDAŃSKU Z ODDZIAŁAMI SPORTOWYMI",gdansk/szkola-podstawowa/publiczna-szkola-podstawowa-olimpijczyk-w-gdansku-z-oddzialami-sportowymi-133053,Gdańsk,POMORSKIE,24.73,569,604,True
2025,mathematics,1,019c23df-42af-7f75-a61d-e7cab4b0088e,"NIEPUBLICZNA SZKOŁA PODSTAWOWA ""SOKRATES""",gdansk/szkola-podstawowa/niepubliczna-szkola-podstawowa-sokrates-66309,Gdańsk,POMORSKIE,93,1,649,False
2025,mathematics,2,019c23e4-0df5-72c8-8d0a-f60a60b1d6aa,FREGATA SZKOŁA PODSTAWOWA DLA DZIEWCZĄT,gdansk/szkola-podstawowa/fregata-szkola-podstawowa-dla-dziewczat-119762,Gdańsk,POMORSKIE,91.62,2,649,False
2025,mathematics,3,019c23c2-5015-788a-b0d6-d50600a116f4,PIERWSZA SZKOŁA SPOŁECZNA PODSTAWOWA IM.DZIECI ZJEDNOCZONEJ EUROPY,gdynia/szkola-podstawowa/pierwsza-szkola-spoleczna-podstawowa-im-dzieci-zjednoczonej-europy-5959,Gdynia,POMORSKIE,89.13,4,649,False
2025,mathematics,4,019c23e1-6bad-7a57-91d1-e87f5608fb63,I SPOŁECZNA SZKOŁA PODSTAWOWA SPOŁECZNEGO TOWARZYSTWA OŚWIATOWEGO,gdansk/szkola-podstawowa/i-spoleczna-szkola-podstawowa-spolecznego-towarzystwa-oswiatowego-86148,Gdańsk,POMORSKIE,88.13,5,649,False
2025,mathematics,5,019c23dd-3a9e-7e6f-80ef-4d360046bc2a,"PODSTAWOWA SZKOŁA SPOŁECZNA ""NIEDŹWIEDNIK""",gdansk/szkola-podstawowa/podstawowa-szkola-spoleczna-niedzwiednik-43412,Gdańsk,POMORSKIE,87.7,6,649,False
2025,mathematics,6,019c23a3-7a25-7a48-9035-f6ee0586e79e,SZKOŁA PODSTAWOWA NR 18 IM. KORNELA MAKUSZYŃSKIEGO,gdynia/szkola-podstawowa/szkola-podstawowa-nr-18-im-kornela-makuszynskiego-4563,Gdynia,POMORSKIE,87.21,7,649,True
2025,mathematics,7,019c23dc-4f7e-7b00-893f-76a6c05182cb,"""FREGATA"" SZKOŁA PODSTAWOWA DLA CHŁOPCÓW",gdansk/szkola-podstawowa/fregata-szkola-podstawowa-dla-chlopcow-30613,Gdańsk,POMORSKIE,86.82,8,649,False
2025,mathematics,8,019c23e1-616e-74f1-adca-e1dedbc7bfcc,GDAŃSKIE SZKOŁY AUTONOMICZNE GDAŃSKA AUTONOMICZNA SZKOŁA PODSTAWOWA,gdansk/szkola-podstawowa/gdanskie-szkoly-autonomiczne-gdanska-autonomiczna-szkola-podstawowa-85999,Gdańsk,POMORSKIE,85.75,10,649,False
2025,mathematics,9,019c23e6-8743-7bcc-93e1-e404525427ad,KATOLICKA SZKOŁA PODSTAWOWA IM. ŚW. JANA PAWŁA II W GDYNI,gdynia/szkola-podstawowa/katolicka-szkola-podstawowa-im-sw-jana-pawla-ii-w-gdyni-263021,Gdynia,POMORSKIE,83.33,11,649,True
2025,mathematics,10,019c23e1-702a-7a7b-ac88-3904f32de525,KATOLICKA SZKOŁA PODSTAWOWA IM. ŚW. KAZIMIERZA W GDAŃSKU,gdansk/szkola-podstawowa/katolicka-szkola-podstawowa-im-sw-kazimierza-w-gdansku-86270,Gdańsk,POMORSKIE,83.25,12,649,False
2025,mathematics,11,019c23e0-a250-77d3-9f40-51c0eb31bc45,NOWY ŚWIAT NIEPUBLICZNA SZKOŁA PODSTAWOWA,gdansk/szkola-podstawowa/nowy-swiat-niepubliczna-szkola-podstawowa-80448,Gdańsk,POMORSKIE,82.18,13,649,False
2025,mathematics,12,019c23e6-96ba-7889-a06a-b4d79d97175a,CHRZEŚCIJAŃSKA SZKOŁA MONTESSORI NR 2,gdansk/szkola-podstawowa/chrzescijanska-szkola-montessori-nr-2-263516,Gdańsk,POMORSKIE,81,14,649,False
2025,mathematics,13,019c23d9-40aa-7f43-9c99-6ba57bfa4d05,"PRYWATNA SZKOŁA PODSTAWOWA ""LIBER""",gdynia/szkola-podstawowa/prywatna-szkola-podstawowa-liber-10829,Gdynia,POMORSKIE,80,15,649,False
2025,mathematics,14,019c23e1-7546-7a86-9791-e2c8d2fa541c,III SPOŁECZNA SZKOŁA PODSTAWOWA SPOŁECZNEGO TOWARZYSTWA OŚWIATOWEGO,gdansk/szkola-podstawowa/iii-spoleczna-szkola-podstawowa-spolecznego-towarzystwa-oswiatowego-86458,Gdańsk,POMORSKIE,79.94,16,649,False
2025,mathematics,15,019c23e1-6b8c-747d-b86a-71d4163a5729,II SPOŁECZNA SZKOŁA PODSTAWOWA SPOŁECZNEGO TOWARZYSTWA OŚWIATOWEGO,gdansk/szkola-podstawowa/ii-spoleczna-szkola-podstawowa-spolecznego-towarzystwa-oswiatowego-86125,Gdańsk,POMORSKIE,79.64,17,649,False
2025,mathematics,16,019c23e1-7027-749c-bb81-1e9b35e222db,SZKOŁA PODSTAWOWA IM. ŚW. JANA DE LA SALLE,gdansk/szkola-podstawowa/szkola-podstawowa-im-sw-jana-de-la-salle-86264,Gdańsk,POMORSKIE,79.47,18,649,False
2025,mathematics,17,019c23e2-10a9-7973-9adf-79949fc7bf33,AMERYKAŃSKA SZKOŁA PODSTAWOWA Z WYKŁADOWYM JĘZYKIEM ANGIELSKIM,gdynia/szkola-podstawowa/amerykanska-szkola-podstawowa-z-wykladowym-jezykiem-angielskim-90298,Gdynia,POMORSKIE,78.6,20,649,False
2025,mathematics,18,019c23df-0382-744f-9214-164cfe6ca861,KATOLICKA SZKOŁA PODSTAWOWA IM ŚW. RODZINY W GDYNI,gdynia/szkola-podstawowa/katolicka-szkola-podstawowa-im-sw-rodziny-w-gdyni-62306,Gdynia,POMORSKIE,78.39,21,649,True
2025,mathematics,19,019c23e6-8232-73bf-b6e1-7a35421bad2a,GDAŃSKA SZKOŁA PODSTAWOWA LINGWISTA IM. HYMNU NARODOWEGO,gdansk/szkola-podstawowa/gdanska-szkola-podstawowa-lingwista-im-hymnu-narodowego-262904,Gdańsk,POMORSKIE,76.56,22,649,False
2025,mathematics,20,019c23dc-d559-74be-95fd-718e8de6e0c7,SZKOŁA PODSTAWOWA NR 48 IM. GEN. JÓZEFA HALLERA W GDAŃSKU,gdansk/szkola-podstawowa/szkola-podstawowa-nr-48-im-gen-jozefa-hallera-w-gdansku-39070,Gdańsk,POMORSKIE,76.11,23,649,True
2025,mathematics,21,019c23e6-684d-706a-997d-2aa66781268f,ZESPÓŁ SZKÓŁ OGÓLNOKSZTAŁCĄCYCH NR 2 SZKOŁA PODSTAWOWA NR 33 IM. STEFANA BANACHA W GDAŃSKU,gdansk/szkola-podstawowa/zespol-szkol-ogolnoksztalcacych-nr-2-szkola-podstawowa-nr-33-im-stefana-banacha-w-gdansku-262215,Gdańsk,POMORSKIE,74.55,29,649,True
2025,mathematics,22,019c23a3-75b0-7d7e-86dd-3343db3b43a5,SZKOŁA PODSTAWOWA NR 34 Z ODDZIAŁAMI INTEGRACYJNYMI IM. LEONIDA TELIGI,gdynia/szkola-podstawowa/szkola-podstawowa-nr-34-z-oddzialami-integracyjnymi-im-leonida-teligi-4419,Gdynia,POMORSKIE,74.11,31,649,True
2025,mathematics,23,019c23dd-003a-7b91-bef7-d4aa330ccd8f,PODSTAWOWA SZKOŁA GEDANENSIS,gdansk/szkola-podstawowa/podstawowa-szkola-gedanensis-41069,Gdańsk,POMORSKIE,73.4,32,649,False
2025,mathematics,24,019c23d9-389c-7d45-a285-0c4572f7f969,SZKOŁA PODSTAWOWA NR 24 IM. GUSTAWA MORCINKA W GDAŃSKU,gdansk/szkola-podstawowa/szkola-podstawowa-nr-24-im-gustawa-morcinka-w-gdansku-10634,Gdańsk,POMORSKIE,73.19,33,649,True
2025,mathematics,25,019c23a3-638e-77f5-a650-11ec5780f3a1,SZKOŁA PODSTAWOWA NR 20 IM. 2 MORSKIEGO PUŁKU STRZELCÓW,gdynia/szkola-podstawowa/szkola-podstawowa-nr-20-im-2-morskiego-pulku-strzelcow-4053,Gdynia,POMORSKIE,73.13,34,649,True
2025,mathematics,26,019c23e6-44e2-71ff-9942-036eed85be55,SZKOŁA PODSTAWOWA JEZUITÓW Z ODDZIAŁAMI DWUJĘZYCZNYMI IM. ŚW. STANISŁAWA KOSTKI W GDYNI,gdynia/szkola-podstawowa/szkola-podstawowa-jezuitow-z-oddzialami-dwujezycznymi-im-sw-stanislawa-kostki-w-gdyni-133486,Gdynia,POMORSKIE,73,35,649,False
2025,mathematics,27,019c23dc-0ac6-7b9c-beca-c8c521f0c7d0,NIEPUBLICZNA POLSKO-BRYTYJSKA SZKOŁA PODSTAWOWA NR 1,gdansk/szkola-podstawowa/niepubliczna-polsko-brytyjska-szkola-podstawowa-nr-1-28757,Gdańsk,POMORSKIE,72.3,36,649,False
2025,mathematics,28,019c23a3-70d2-7755-a470-e426e5a2be3f,SZKOŁA PODSTAWOWA NR 26 IM. ŻOŁNIERZY ARMII KRAJOWEJ,gdynia/szkola-podstawowa/szkola-podstawowa-nr-26-im-zolnierzy-armii-krajowej-4319,Gdynia,POMORSKIE,71.31,40,649,True
2025,mathematics,29,019c23e4-e46e-77cd-9898-1265e6b8e72a,"SZKOŁA PODSTAWOWA TOWARZYSTWA EDUKACYJNEGO ""VIZJA""",gdansk/szkola-podstawowa/szkola-podstawowa-towarzystwa-edukacyjnego-vizja-125174,Gdańsk,POMORSKIE,71.2,41,649,False
2025,mathematics,30,019c23d9-0a68-79f6-a021-c13fdb35a980,SZKOŁA PODSTAWOWA NR 44 IM. ADAMA MICKIEWICZA W GDAŃSKU,gdansk/szkola-podstawowa/szkola-podstawowa-nr-44-im-adama-mickiewicza-w-gdansku-9480,Gdańsk,POMORSKIE,70.69,43,649,True
2025,mathematics,31,019c23a3-70c6-7bb5-a755-019f996cf421,SZKOŁA PODSTAWOWA NR 17 IM. WICEADM. JÓZEFA UNRUGA,gdynia/szkola-podstawowa/szkola-podstawowa-nr-17-im-wiceadm-jozefa-unruga-4307,Gdynia,POMORSKIE,70.44,44,649,True
2025,mathematics,32,019c23e2-287c-7ccd-8fc1-96afe989471e,GDYŃSKA SZKOŁA SPOŁECZNA,gdynia/szkola-podstawowa/gdynska-szkola-spoleczna-90963,Gdynia,POMORSKIE,69.58,45,649,False
2025,mathematics,33,019c23d9-eba1-7f39-bab8-3a23a9c4095f,SZKOŁA PODSTAWOWA NR 1 IM. MARIUSZA ZARUSKIEGO W GDAŃSKU,gdansk/szkola-podstawowa/szkola-podstawowa-nr-1-im-mariusza-zaruskiego-w-gdansku-15124,Gdańsk,POMORSKIE,69.54,46,649,True
2025,mathematics,34,019c23df-d124-73b5-88a5-48d994aa5d99,BRITISH INTERNATIONAL SCHOOL GDAŃSK - SZKOLA PODSTAWOWA,gdansk/szkola-podstawowa/british-international-school-gdansk-szkola-podstawowa-71958,Gdańsk,POMORSKIE,68.71,50,649,False
2025,mathematics,35,019c23e6-822b-71e3-aeb7-37bd77f77703,NIEPUBLICZNA SZKOŁA PODSTAWOWA THINKING ZONE W GDAŃSKU,gdansk/szkola-podstawowa/niepubliczna-szkola-podstawowa-thinking-zone-w-gdansku-262876,Gdańsk,POMORSKIE,68,52,649,False
2025,mathematics,36,019c23d9-2b63-75d2-adec-34a0b4117138,SZKOŁA PODSTAWOWA NR 47 IM. KASZUBSKIEJ BRYGADY WOP W GDAŃSKU,gdansk/szkola-podstawowa/szkola-podstawowa-nr-47-im-kaszubskiej-brygady-wop-w-gdansku-10347,Gdańsk,POMORSKIE,67.86,53,649,True
2025,mathematics,37,019c23e6-051e-7701-88cc-d1057025f38f,MORSKA SZKOŁA PODSTAWOWA IM. ALEKSANDRA DOBY W GDAŃSKU,gdansk/szkola-podstawowa/morska-szkola-podstawowa-im-aleksandra-doby-w-gdansku-131786,Gdańsk,POMORSKIE,67.86,53,649,True
2025,mathematics,38,019c23a3-70d7-774d-af73-159690741af8,SZKOŁA PODSTAWOWA NR 16 IM. ORŁA BIAŁEGO,gdynia/szkola-podstawowa/szkola-podstawowa-nr-16-im-orla-bialego-4324,Gdynia,POMORSKIE,67.62,55,649,True
2025,mathematics,39,019c23d8-fd9e-761e-b612-0e8e151bc223,ZESPÓŁ SZKOLNO-PRZEDSZKOLNY NR 2 -SZKOŁA PODSTAWOWA NR 42 IM. IGNACEGO JANA PADEREWSKIEGO W GDAŃSKU,gdansk/szkola-podstawowa/zespol-szkolno-przedszkolny-nr-2-szkola-podstawowa-nr-42-im-ignacego-jana-paderewskiego-w-gdansku-9082,Gdańsk,POMORSKIE,67.05,57,649,True
2025,mathematics,40,019c23d8-c6bd-799e-9b80-d85cac1026bb,SZKOŁA PODSTAWOWA NR 46,gdynia/szkola-podstawowa/szkola-podstawowa-nr-46-7669,Gdynia,POMORSKIE,66.83,60,649,True
2025,mathematics,41,019c23d8-e47c-7508-876a-98d51336b614,SZKOŁA PODSTAWOWA NR 8 IM. OBROŃCÓW HELU,gdynia/szkola-podstawowa/szkola-podstawowa-nr-8-im-obroncow-helu-8469,Gdynia,POMORSKIE,66.21,62,649,True
2025,mathematics,42,019c23e6-0057-7286-81e5-64c55679732b,SZKOŁA PODSTAWOWA BE MONTESSORI SCHOOL GDAŃSK,gdansk/szkola-podstawowa/szkola-podstawowa-be-montessori-school-gdansk-131758,Gdańsk,POMORSKIE,65.8,64,649,False
2025,mathematics,43,019c23d9-3461-76c2-9659-24047f985f67,SZKOŁA PODSTAWOWA NR 89 IM. TADEUSZA MAZOWIECKIEGO W GDAŃSKU,gdansk/szkola-podstawowa/szkola-podstawowa-nr-89-im-tadeusza-mazowieckiego-w-gdansku-10576,Gdańsk,POMORSKIE,65.51,67,649,True
2025,mathematics,44,019c23e4-b360-786c-ac20-381ed98490bd,POZYTYWNA SZKOŁA PODSTAWOWA IM. ARKADIUSZA ARAMA RYBICKIEGO W GDAŃSKU,gdansk/szkola-podstawowa/pozytywna-szkola-podstawowa-im-arkadiusza-arama-rybickiego-w-gdansku-124084,Gdańsk,POMORSKIE,65.21,69,649,True
2025,mathematics,45,019c23da-df6d-70fb-a550-320356e362db,SZKOŁA PODSTAWOWA NR 81 W GDAŃSKU IM. PROF. MICHAŁA SIEDLECKIEGO,gdansk/szkola-podstawowa/szkola-podstawowa-nr-81-w-gdansku-im-prof-michala-siedleckiego-21025,Gdańsk,POMORSKIE,64.56,72,649,True
2025,mathematics,46,019c23d9-da46-7c1b-9c39-986de2e79ab4,SZKOŁA PODSTAWOWA NR 50 IM. E.PLATER W GDAŃSKU,gdansk/szkola-podstawowa/szkola-podstawowa-nr-50-im-e-plater-w-gdansku-14699,Gdańsk,POMORSKIE,64.16,75,649,True
2025,mathematics,47,019c23dc-1811-7223-957c-286dc340975f,ZESPÓŁ KSZTAŁCENIA PODSTAWOWEGO I PRZEDSZKOLNEGO NR 1 W GDAŃSKU - SZKOŁA PODSTAWOWA NR 87,gdansk/szkola-podstawowa/zespol-ksztalcenia-podstawowego-i-przedszkolnego-nr-1-w-gdansku-szkola-podstawowa-nr-87-29329,Gdańsk,POMORSKIE,64.15,76,649,True
2025,mathematics,48,019c23d9-1e9b-77ef-b38a-df73b6885e86,GDAŃSKA SZKOŁA SZERMIERKI - SZKOŁA PODSTAWOWA NR 70 Z ODDZIAŁAMI SPORTOWYMI W GDAŃSKU,gdansk/szkola-podstawowa/gdanska-szkola-szermierki-szkola-podstawowa-nr-70-z-oddzialami-sportowymi-w-gdansku-9987,Gdańsk,POMORSKIE,64.05,77,649,True
2025,mathematics,49,019c23d8-ecbd-7091-915f-8b6001e8b49b,ZESPÓŁ SZKOLNO-PRZEDSZKOLNY NR 10 - SZKOŁA PODSTAWOWA NR 80 IM. BUDOWNICZYCH PORTU PÓŁNOCNEGO W GDAŃSKU,gdansk/szkola-podstawowa/zespol-szkolno-przedszkolny-nr-10-szkola-podstawowa-nr-80-im-budowniczych-portu-polnocnego-w-gdansku-8641,Gdańsk,POMORSKIE,63.48,79,649,True
2025,mathematics,50,019c23d8-a52a-7a3a-8268-ef536be69d0e,SZKOŁA PODSTAWOWA NR 12,gdynia/szkola-podstawowa/szkola-podstawowa-nr-12-6850,Gdynia,POMORSKIE,63.1,80,649,True
2025,mathematics,51,019c23da-1b7c-792c-a0a7-e530093145c9,SZKOŁA PODSTAWOWA NR 19 IM. ZASŁUŻONYCH LUDZI MORZA W GDAŃSKU,gdansk/szkola-podstawowa/szkola-podstawowa-nr-19-im-zasluzonych-ludzi-morza-w-gdansku-16227,Gdańsk,POMORSKIE,63.01,82,649,True
2025,mathematics,52,019c23da-ce21-7983-91bc-81d75501e8ec,SZKOŁA PODSTAWOWA NR 84 IM. JANA BRZECHWY W GDAŃSKU,gdansk/szkola-podstawowa/szkola-podstawowa-nr-84-im-jana-brzechwy-w-gdansku-20599,Gdańsk,POMORSKIE,62.68,86,649,True
2025,mathematics,53,019c23d9-553e-73e4-9ace-31fd26aede63,SZKOŁA PODSTAWOWA NR 2 Z ODDZIAŁAMI SPORTOWYMI IM. ARMII KRAJOWEJ W GDAŃSKU,gdansk/szkola-podstawowa/szkola-podstawowa-nr-2-z-oddzialami-sportowymi-im-armii-krajowej-w-gdansku-11368,Gdańsk,POMORSKIE,62.34,87,649,True
2025,mathematics,54,019c23e0-8b74-72e7-8e09-ed9226ceb02a,"NIEPUBLICZNA SZKOŁA PODSTAWOWA ""NASZA SZKOŁA""",gdansk/szkola-podstawowa/niepubliczna-szkola-podstawowa-nasza-szkola-79859,Gdańsk,POMORSKIE,61.62,91,649,False
2025,mathematics,55,019c23d8-e470-7b69-baa6-781b51f124ca,SZKOŁA PODSTAWOWA NR 12 IM. PRZYJACIÓŁ GDAŃSKA,gdansk/szkola-podstawowa/szkola-podstawowa-nr-12-im-przyjaciol-gdanska-8438,Gdańsk,POMORSKIE,61.36,93,649,True
2025,mathematics,56,019c23d9-0ec4-7c18-aff6-30bef43c1c8a,SZKOŁA PODSTAWOWA NR 39 IM. WOJSKA POLSKIEGO W GDAŃSKU,gdansk/szkola-podstawowa/szkola-podstawowa-nr-39-im-wojska-polskiego-w-gdansku-9587,Gdańsk,POMORSKIE,60.94,100,649,True
2025,mathematics,57,019c23e8-3026-748c-b0d9-c17836f616c0,NIEPUBLICZNA SZKOŁA PODSTAWOWA MENTAL ARTS,gdansk/szkola-podstawowa/niepubliczna-szkola-podstawowa-mental-arts-478563,Gdańsk,POMORSKIE,60.5,102,649,False
2025,mathematics,58,019c23a3-75e9-7347-bd1d-1b2cbe30a2e8,SZKOŁA PODSTAWOWA NR 37 IM. OBROŃCÓW KĘPY OKSYWSKIEJ,gdynia/szkola-podstawowa/szkola-podstawowa-nr-37-im-obroncow-kepy-oksywskiej-4482,Gdynia,POMORSKIE,59.88,106,649,True
2025,mathematics,59,019c23e6-684b-7419-81fe-0a53b548460f,SZKOŁA PODSTAWOWA NR 43 IM. JANA KOCHANOWSKIEGO W GDAŃSKU,gdansk/szkola-podstawowa/szkola-podstawowa-nr-43-im-jana-kochanowskiego-w-gdansku-262207,Gdańsk,POMORSKIE,59.56,109,649,True
2025,mathematics,60,019c23d9-2ff9-7558-b408-a671ea287fd4,SZKOŁA PODSTAWOWA NR 77 W GDAŃSKU,gdansk/szkola-podstawowa/szkola-podstawowa-nr-77-w-gdansku-10388,Gdańsk,POMORSKIE,59.45,110,649,True
2025,mathematics,61,019c23d8-cacd-7a17-93b6-39278ecb5275,SZKOŁA PODSTAWOWA NR 47 IM FRANCISZKI CEGIELSKIEJ,gdynia/szkola-podstawowa/szkola-podstawowa-nr-47-im-franciszki-cegielskiej-7747,Gdynia,POMORSKIE,59.24,113,649,True
2025,mathematics,62,019c23a3-70f8-75de-8860-8173575c4202,SZKOŁA PODSTAWOWA NR 33 IM. OBROŃCÓW KĘPY OKSYWSKIEJ,gdynia/szkola-podstawowa/szkola-podstawowa-nr-33-im-obroncow-kepy-oksywskiej-4369,Gdynia,POMORSKIE,58.71,116,649,True
2025,mathematics,63,019c23c2-5021-765c-a5a1-10c9aa4aff6d,SZKOŁA PODSTAWOWA NR 29 IM. JERZEGO PUCKA W GDAŃSKU,gdansk/szkola-podstawowa/szkola-podstawowa-nr-29-im-jerzego-pucka-w-gdansku-5981,Gdańsk,POMORSKIE,58.25,119,649,True
2025,mathematics,64,019c23da-4809-7922-8ead-161d0e3c157b,ZESPÓŁ SZKOLNO-PRZEDSZKOLNY NR 5 SZKOŁA PODSTAWOWA NR 92 IM. KARD. STEFANA WYSZYŃSKIEGO PRYMASA TYSIĄCLECIA W GDAŃSKU,gdansk/szkola-podstawowa/zespol-szkolno-przedszkolny-nr-5-szkola-podstawowa-nr-92-im-kard-stefana-wyszynskiego-prymasa-tysiaclecia-w-gdansku-17348,Gdańsk,POMORSKIE,58.09,120,649,True
2025,mathematics,65,019c23d8-e07d-76cb-9b5e-85b1a751670d,SZKOŁA PODSTAWOWA NR 79 W GDAŃSKU,gdansk/szkola-podstawowa/szkola-podstawowa-nr-79-w-gdansku-8320,Gdańsk,POMORSKIE,58.05,121,649,True
2025,mathematics,66,019c23d8-c2ba-7bcd-8948-9b3fcebc65ac,SZKOŁA PODSTAWOWA NR 44 IM. OBROŃCÓW WYBRZEŻA,gdynia/szkola-podstawowa/szkola-podstawowa-nr-44-im-obroncow-wybrzeza-7580,Gdynia,POMORSKIE,57.62,124,649,True
2025,mathematics,67,019c23e6-684d-706a-997d-2aa666099a4c,ZESPÓŁ SZKÓŁ OGÓLNOKSZTAŁCĄCYCH NR 7 SZKOŁA PODSTAWOWA NR 3 IM. JANA PAWŁA II W GDAŃSKU,gdansk/szkola-podstawowa/zespol-szkol-ogolnoksztalcacych-nr-7-szkola-podstawowa-nr-3-im-jana-pawla-ii-w-gdansku-262214,Gdańsk,POMORSKIE,57.19,126,649,True
2025,mathematics,68,019c23e6-6335-7afe-bf27-af1cd30a158a,SZKOŁA PODSTAWOWA NR 51 W GDYNI,gdynia/szkola-podstawowa/szkola-podstawowa-nr-51-w-gdyni-196334,Gdynia,POMORSKIE,56.9,128,649,True
2025,mathematics,69,019c23a3-70e8-7c0e-af43-3222d4fabbed,SZKOŁA PODSTAWOWA NR 21 IM. LUDZI MORZA I MARZEŃ W GDYNI,gdynia/szkola-podstawowa/szkola-podstawowa-nr-21-im-ludzi-morza-i-marzen-w-gdyni-4342,Gdynia,POMORSKIE,56.75,129,649,True
2025,mathematics,70,019c23d8-e07a-727a-8b07-778131cb9584,SZKOŁA PODSTAWOWA NR 23 IM.DZIECI ŚWIATA W GDAŃSKU,gdansk/szkola-podstawowa/szkola-podstawowa-nr-23-im-dzieci-swiata-w-gdansku-8315,Gdańsk,POMORSKIE,56.72,131,649,True
2025,mathematics,71,019c23da-c063-757a-ada4-fa8901bb4825,SZKOŁA PODSTAWOWA NR 85 IM. ZRZESZENIA KASZUBSKO-POMORSKIEGO W GDAŃSKU,gdansk/szkola-podstawowa/szkola-podstawowa-nr-85-im-zrzeszenia-kaszubsko-pomorskiego-w-gdansku-20267,Gdańsk,POMORSKIE,56.51,135,649,True
2025,mathematics,72,019c23d9-eba2-7f0f-b37d-bc2daa935d0b,ZESPÓŁ SZKÓŁ OGÓLNOKSZTAŁCĄCYCH NR 8 W GDAŃSKU - SZKOŁA PODSTAWOWA NR 5 IM. JANA PAWŁA II,gdansk/szkola-podstawowa/zespol-szkol-ogolnoksztalcacych-nr-8-w-gdansku-szkola-podstawowa-nr-5-im-jana-pawla-ii-15126,Gdańsk,POMORSKIE,56.33,138,649,True
2025,mathematics,73,019c23d9-5991-7ce9-bb1e-4e647aaddc8a,SZKOŁA PODSTAWOWA NR 48 IM. PROFESORA KAZIMIERZA DEMELA,gdynia/szkola-podstawowa/szkola-podstawowa-nr-48-im-profesora-kazimierza-demela-11470,Gdynia,POMORSKIE,56.25,139,649,True
2025,mathematics,74,019c23da-5197-7e67-b2b5-1afa97f67aed,ZESPÓŁ SZKOLNO - PRZEDSZKOLNY NR 1 W GDAŃSKU - SZKOŁA PODSTAWOWA NR 76 IM. JAROSŁAWA DĄBROWSKIEGO,gdansk/szkola-podstawowa/zespol-szkolno-przedszkolny-nr-1-w-gdansku-szkola-podstawowa-nr-76-im-jaroslawa-dabrowskiego-17523,Gdańsk,POMORSKIE,56.07,140,649,True
2025,mathematics,75,019c23dc-d54f-79dc-8565-c0afa55f1254,ZESPÓŁ SZKOLNO-PRZEDSZKOLNY NR 9 - SZKOŁA PODSTAWOWA NR 7 IM.MJRA MIECZYSŁAWA SŁABEGO,gdansk/szkola-podstawowa/zespol-szkolno-przedszkolny-nr-9-szkola-podstawowa-nr-7-im-mjra-mieczyslawa-slabego-39056,Gdańsk,POMORSKIE,55.81,145,649,True
2025,mathematics,76,019c23d9-eba5-7de0-b876-e70dfbffee51,SZKOŁA PODSTAWOWA NR 82 IM. PROF. JANA CZOCHRALSKIEGO W GDAŃSKU,gdansk/szkola-podstawowa/szkola-podstawowa-nr-82-im-prof-jana-czochralskiego-w-gdansku-15135,Gdańsk,POMORSKIE,55.21,151,649,True
2025,mathematics,77,019c23d8-c6c3-7bb7-8e43-445c8d4a0b6a,SZKOŁA PODSTAWOWA NR 27 IM. DZIECI ZJEDNOCZONEJ EUROPY W GDAŃSKU,gdansk/szkola-podstawowa/szkola-podstawowa-nr-27-im-dzieci-zjednoczonej-europy-w-gdansku-7678,Gdańsk,POMORSKIE,55.06,152,649,True
2025,mathematics,78,019c23d9-0ead-7630-9204-e6b92d9fecdb,SZKOŁA PODSTAWOWA NR 15 IM. DR URSZULI MROCZKIEWICZ W GDAŃSKU,gdansk/szkola-podstawowa/szkola-podstawowa-nr-15-im-dr-urszuli-mroczkiewicz-w-gdansku-9540,Gdańsk,POMORSKIE,54.85,155,649,True
2025,mathematics,79,019c23e4-353d-7512-9435-8d4aefd8c29a,CHRZEŚCIJAŃSKA SZKOŁA MONTESSORI,gdansk/szkola-podstawowa/chrzescijanska-szkola-montessori-120645,Gdańsk,POMORSKIE,54.73,159,649,False
2025,mathematics,80,019c23da-6f03-7a2c-aca0-ea29a1b765a7,ZESPÓŁ SZKÓŁ SPORTOWYCH I MISTRZOSTWA SPORTOWEGO IM. JANUSZA KUSOCIŃSKIEGO SPORTOWA SZKOŁA PODSTAWOWA NR 75 Z ODDZIAŁAMI MISTRZOSTWA SPORTOWEGO IM. JANUSZA KUSOCIŃSKIEGO W GDAŃSKU,gdansk/szkola-podstawowa/zespol-szkol-sportowych-i-mistrzostwa-sportowego-im-janusza-kusocinskiego-sportowa-szkola-podstawowa-nr-75-z-oddzialami-mistrzostwa-sportowego-im-janusza-kusocinskiego-w-gdansku-18269,Gdańsk,POMORSKIE,54.59,161,649,True
2025,mathematics,81,019c23d9-0619-720a-93a6-8edb2759c6b2,SZKOŁA PODSTAWOWA NR 14 IM. KS. GRZEGORZA PIRAMOWICZA W GDAŃSKU,gdansk/szkola-podstawowa/szkola-podstawowa-nr-14-im-ks-grzegorza-piramowicza-w-gdansku-9378,Gdańsk,POMORSKIE,54.37,163,649,True
2025,mathematics,82,019c23d8-d727-7bf3-b3fe-24b3ada1fc95,ZESPÓŁ SZKOLNO-PRZEDSZKOLNY NR 8 SZKOŁA PODSTAWOWA NR 8 W GDAŃSKU IM. PRZYJACIÓŁ ZIEMI,gdansk/szkola-podstawowa/zespol-szkolno-przedszkolny-nr-8-szkola-podstawowa-nr-8-w-gdansku-im-przyjaciol-ziemi-8060,Gdańsk,POMORSKIE,54.18,166,649,True
2025,mathematics,83,019c23e6-3628-785b-a4dc-cc72df55f50b,ZESPÓŁ SZKÓŁ OGÓLNOKSZTAŁCĄCYCH NR 6 SZKOŁA PODSTAWOWA MISTRZOSTWA SPORTOWEGO NR 94 IM. HANZY W GDAŃSKU,gdansk/szkola-podstawowa/zespol-szkol-ogolnoksztalcacych-nr-6-szkola-podstawowa-mistrzostwa-sportowego-nr-94-im-hanzy-w-gdansku-133139,Gdańsk,POMORSKIE,54,168,649,True
2025,mathematics,84,019c23d9-345c-7ea2-b61b-48027c766a69,SZKOŁA PODSTAWOWA NR 35 Z ODDZIAŁAMI SPORTOWYMI IM. JANA PARANDOWSKIEGO W GDAŃSKU,gdansk/szkola-podstawowa/szkola-podstawowa-nr-35-z-oddzialami-sportowymi-im-jana-parandowskiego-w-gdansku-10561,Gdańsk,POMORSKIE,53.9,169,649,True
2025,mathematics,85,019c23da-16a7-7bae-bd8f-f15b4d7b4094,SZKOŁA PODSTAWOWA NR 58 IM. KAZIMIERZA SOŁTYSIKA W GDAŃSKU,gdansk/szkola-podstawowa/szkola-podstawowa-nr-58-im-kazimierza-soltysika-w-gdansku-16171,Gdańsk,POMORSKIE,53.1,181,649,True
2025,mathematics,86,019c23df-42b0-741e-a372-78fd58048094,"GDAŃSKA SZKOŁA PODSTAWOWA ""LINGWISTA"" IM. ZJEDNOCZONEJ EUROPY",gdansk/szkola-podstawowa/gdanska-szkola-podstawowa-lingwista-im-zjednoczonej-europy-66313,Gdańsk,POMORSKIE,52.36,191,649,False
2025,mathematics,87,019c23a3-6c51-7e63-8e84-358314c7f2f7,SZKOŁA PODSTAWOWA NR 23,gdynia/szkola-podstawowa/szkola-podstawowa-nr-23-4277,Gdynia,POMORSKIE,52.36,191,649,True
2025,mathematics,88,019c23d8-a4ff-73a3-b479-b9299e17310f,SZKOŁA PODSTAWOWA NR 42 IM. KRÓLOWEJ JADWIGI,gdynia/szkola-podstawowa/szkola-podstawowa-nr-42-im-krolowej-jadwigi-6783,Gdynia,POMORSKIE,51.52,204,649,True
2025,mathematics,89,019c23a3-7a00-7af2-af5c-a2ea233a5be0,SZKOŁA PODSTAWOWA NR 28 IM. LOTNIKÓW POLSKICH,gdynia/szkola-podstawowa/szkola-podstawowa-nr-28-im-lotnikow-polskich-4529,Gdynia,POMORSKIE,51.27,206,649,True
2025,mathematics,90,019c23e7-2804-7c8c-82a9-e0fdb5ab5be2,ZESPÓŁ SZKOLNO-PRZEDSZKOLNY NR 6 SZKOŁA PODSTAWOWA NR 6 W GDAŃSKU,gdansk/szkola-podstawowa/zespol-szkolno-przedszkolny-nr-6-szkola-podstawowa-nr-6-w-gdansku-270564,Gdańsk,POMORSKIE,50.55,217,649,True
2025,mathematics,91,019c23da-519a-7c2e-8060-0ebab795da65,SZKOŁA PODSTAWOWA NR 86 IM. PROF. JERZEGO SAMPA W GDAŃSKU,gdansk/szkola-podstawowa/szkola-podstawowa-nr-86-im-prof-jerzego-sampa-w-gdansku-17531,Gdańsk,POMORSKIE,50.12,225,649,True
2025,mathematics,92,019c23e6-8234-7079-9edf-7a0a14cbe30e,NIEPUBLICZNA SZKOŁA PODSTAWOWA MISTRZOSTWA SPORTOWEGO GDAŃSKIEGO KLUBU SPORTOWEGO GEDANIA 1922,gdansk/szkola-podstawowa/niepubliczna-szkola-podstawowa-mistrzostwa-sportowego-gdanskiego-klubu-sportowego-gedania-1922-262911,Gdańsk,POMORSKIE,50.11,227,649,False
2025,mathematics,93,019c23e0-d61a-7512-8943-90c776299544,GDAŃSKA SZKOŁA PODSTAWOWA,gdansk/szkola-podstawowa/gdanska-szkola-podstawowa-81749,Gdańsk,POMORSKIE,50,230,649,False
2025,mathematics,94,019c23da-3e61-71e4-b691-c712f00f4e4e,SZKOŁA PODSTAWOWA NR 38 IM. GEN. STANISŁAWA MACZKA W GDAŃSKU,gdansk/szkola-podstawowa/szkola-podstawowa-nr-38-im-gen-stanislawa-maczka-w-gdansku-17066,Gdańsk,POMORSKIE,49.81,235,649,True
2025,mathematics,95,019c23dc-b40a-798a-ba95-5692bb2959f6,SZKOŁA PODSTAWOWA NR 43 IM. WICEADMIRAŁA KAZIMIERZA PORĘBSKIEGO,gdynia/szkola-podstawowa/szkola-podstawowa-nr-43-im-wiceadmirala-kazimierza-porebskiego-35190,Gdynia,POMORSKIE,49.68,237,649,True
2025,mathematics,96,019c23a3-6c42-73aa-8216-7415b651b210,SZKOŁA PODSTAWOWA NR 6 IM. ANTONIEGO ABRAHAMA,gdynia/szkola-podstawowa/szkola-podstawowa-nr-6-im-antoniego-abrahama-4254,Gdynia,POMORSKIE,49.45,241,649,True
2025,mathematics,97,019c23da-4cec-7562-b8d2-47abc21f2b67,SZKOŁA PODSTAWOWA NR 69 IM GENERAŁA STANISŁAWA SOSABOWSKIEGO W GDAŃSKU,gdansk/szkola-podstawowa/szkola-podstawowa-nr-69-im-generala-stanislawa-sosabowskiego-w-gdansku-17410,Gdańsk,POMORSKIE,47.94,268,649,True
2025,mathematics,98,019c23dd-35b0-701e-8d37-e6dba044228e,SZKOŁA PODSTAWOWA NR 40 IM. KPT. Ż. W. K. O. BORCHARDTA W GDYNI,gdynia/szkola-podstawowa/szkola-podstawowa-nr-40-im-kpt-z-w-k-o-borchardta-w-gdyni-42897,Gdynia,POMORSKIE,47.9,269,649,True
2025,mathematics,99,019c23e6-6336-74b1-a323-90ae58f27aae,SZKOŁA PODSTAWOWA NR 53 W GDYNI,gdynia/szkola-podstawowa/szkola-podstawowa-nr-53-w-gdyni-196340,Gdynia,POMORSKIE,47.54,279,649,True
2025,mathematics,100,019c23e6-360d-759c-84e6-ceea1e717cdf,"PUBLICZNA SZKOŁA PODSTAWOWA ""OLIMPIJCZYK"" W GDAŃSKU Z ODDZIAŁAMI SPORTOWYMI",gdansk/szkola-podstawowa/publiczna-szkola-podstawowa-olimpijczyk-w-gdansku-z-oddzialami-sportowymi-133053,Gdańsk,POMORSKIE,47.32,284,649,True
2025,mathematics,101,019c23e6-684c-7a8a-9df3-39367fc0f6da,SZKOŁA PODSTAWOWA NR 67 IM. KAPITANA ŻEGLUGI WIELKIEJ TADEUSZA ZIÓŁKOWSKIEGO,gdansk/szkola-podstawowa/szkola-podstawowa-nr-67-im-kapitana-zeglugi-wielkiej-tadeusza-ziolkowskiego-262208,Gdańsk,POMORSKIE,47.27,285,649,True
2025,mathematics,102,019c23d9-40b0-79b5-9655-7cab9095c18f,SZKOŁA PODSTAWOWA NR 20 W GDAŃSKU IM. KMDR PPOR. JANA GRUDZIŃSKIEGO,gdansk/szkola-podstawowa/szkola-podstawowa-nr-20-w-gdansku-im-kmdr-ppor-jana-grudzinskiego-10842,Gdańsk,POMORSKIE,47.15,289,649,True
2025,mathematics,103,019c23e5-2a6a-73ce-975e-592aeded4b87,SZKOŁA PODSTAWOWA AKADEMII DOBREJ EDUKACJI IM. MACIEJA PŁAŻYŃSKIEGO,gdansk/szkola-podstawowa/szkola-podstawowa-akademii-dobrej-edukacji-im-macieja-plazynskiego-126944,Gdańsk,POMORSKIE,46.5,302,649,False
2025,mathematics,104,019c23a3-6c54-7172-91cf-67b2ea639da9,SZKOŁA PODSTAWOWA NR 29 IM. STEFANA ŻEROMSKIEGO,gdynia/szkola-podstawowa/szkola-podstawowa-nr-29-im-stefana-zeromskiego-4282,Gdynia,POMORSKIE,46.41,304,649,True
2025,mathematics,105,019c23d9-f91c-7724-b746-258e3d238951,SZKOŁA PODSTAWOWA NR 57 IM. GEN. WŁADYSŁAWA ANDERSA W GDAŃSKU,gdansk/szkola-podstawowa/szkola-podstawowa-nr-57-im-gen-wladyslawa-andersa-w-gdansku-15431,Gdańsk,POMORSKIE,46.33,305,649,True
2025,mathematics,106,019c23d9-3446-7a8e-ab24-a3631d3f5f55,SZKOŁA PODSTAWOWA NR 17 IM. HETMANA STEFANA CZARNIECKIEGO W GDAŃSKU,gdansk/szkola-podstawowa/szkola-podstawowa-nr-17-im-hetmana-stefana-czarnieckiego-w-gdansku-10509,Gdańsk,POMORSKIE,46.22,308,649,True
2025,mathematics,107,019c23d9-1ebc-7f7f-8e28-6fd73a5690e0,SZKOŁA PODSTAWOWA NR 21 IM. KPT. Ż. W. OLGIERDA BORCHARDTA W GDAŃSKU,gdansk/szkola-podstawowa/szkola-podstawowa-nr-21-im-kpt-z-w-olgierda-borchardta-w-gdansku-10067,Gdańsk,POMORSKIE,45.71,318,649,True
2025,mathematics,108,019c23da-4cf4-7a92-9517-c95e57d65bf2,ZESPÓŁ SZKÓŁ OGÓLNOKSZTAŁCĄCYCH NR 10 IM. EUGENIUSZA KWIATKOWSKIEGO W GDAŃSKU - SZKOŁA PODSTAWOWA NR 18,gdansk/szkola-podstawowa/zespol-szkol-ogolnoksztalcacych-nr-10-im-eugeniusza-kwiatkowskiego-w-gdansku-szkola-podstawowa-nr-18-17430,Gdańsk,POMORSKIE,45.14,328,649,True
2025,mathematics,109,019c23d9-e794-7627-b7b8-61c1032c9f2c,SZKOŁA PODSTAWOWA NR 52 IM. TADEUSZA KOŚCIUSZKI W GDAŃSKU,gdansk/szkola-podstawowa/szkola-podstawowa-nr-52-im-tadeusza-kosciuszki-w-gdansku-15022,Gdańsk,POMORSKIE,43.52,356,649,True
2025,mathematics,110,019c23d9-22dc-76f3-9e2a-664f7586c774,SZKOŁA PODSTAWOWA NR 45 IM. BOHATERÓW WESTERPLATTE W GDAŃSKU,gdansk/szkola-podstawowa/szkola-podstawowa-nr-45-im-bohaterow-westerplatte-w-gdansku-10166,Gdańsk,POMORSKIE,43.41,362,649,True
2025,mathematics,111,019c23d8-a94f-7be1-9898-adc01a806e7d,SZKOŁA PODSTAWOWA NR 11 IM. BOHATERÓW ZAŁOGI ORP GROM,gdynia/szkola-podstawowa/szkola-podstawowa-nr-11-im-bohaterow-zalogi-orp-grom-6970,Gdynia,POMORSKIE,43,375,649,True
2025,mathematics,112,019c23a3-6c25-78e2-83db-aa6e190a852b,SZKOŁA PODSTAWOWA NR 39 IM. KPT Ż. W. KAZIMIERZA JURKIEWICZA,gdynia/szkola-podstawowa/szkola-podstawowa-nr-39-im-kpt-z-w-kazimierza-jurkiewicza-4221,Gdynia,POMORSKIE,41.03,412,649,True
2025,mathematics,113,019c23d8-b206-7f8a-bf08-fb2a039dbb74,SZKOŁA PODSTAWOWA NR 31 IM. SYNÓW PUŁKU,gdynia/szkola-podstawowa/szkola-podstawowa-nr-31-im-synow-pulku-7112,Gdynia,POMORSKIE,40.92,416,649,True
2025,mathematics,114,019c23da-0a47-79b7-8d48-cb89702169f5,SZKOŁA PODSTAWOWA NR 59 IM. I DYWIZJI PANCERNEJ GEN. STANISŁAWA MACZKA W GDAŃSKU,gdansk/szkola-podstawowa/szkola-podstawowa-nr-59-im-i-dywizji-pancernej-gen-stanislawa-maczka-w-gdansku-15831,Gdańsk,POMORSKIE,40.65,424,649,True
2025,mathematics,115,019c23c2-3f92-75cb-905d-13b1f3eabd7d,SZKOŁA PODSTAWOWA NR 13 IM. LUCJANA CYLKOWSKIEGO,gdynia/szkola-podstawowa/szkola-podstawowa-nr-13-im-lucjana-cylkowskiego-5534,Gdynia,POMORSKIE,40.48,428,649,True
2025,mathematics,116,019c23d9-f4a4-71d1-8578-220dc18ef7eb,SZKOŁA PODSTAWOWA NR 60 W GDAŃSKU,gdansk/szkola-podstawowa/szkola-podstawowa-nr-60-w-gdansku-15253,Gdańsk,POMORSKIE,40,437,649,True
2025,mathematics,117,019c23d9-eba1-7f39-bab8-3a23a758f192,ZESPÓŁ SZKOLNO-PRZEDSZKOLNY NR 7 SZKOŁA PODSTAWOWA NR 55 IM. JANA HEWELIUSZA W GDAŃSKU,gdansk/szkola-podstawowa/zespol-szkolno-przedszkolny-nr-7-szkola-podstawowa-nr-55-im-jana-heweliusza-w-gdansku-15122,Gdańsk,POMORSKIE,39.82,440,649,True
2025,mathematics,118,019c23da-2000-7339-9fe0-e64502f79156,SZKOŁA PODSTAWOWA NR 88 IM. DANIELA GABRIELA FAHRENHEITA W GDAŃSKU,gdansk/szkola-podstawowa/szkola-podstawowa-nr-88-im-daniela-gabriela-fahrenheita-w-gdansku-16374,Gdańsk,POMORSKIE,39.55,451,649,True
2025,mathematics,119,019c23d9-12c5-7174-806b-5519c4e30380,SZKOŁA PODSTAWOWA NR 56 IM. ANDRZEJA STRUGA W GDAŃSKU,gdansk/szkola-podstawowa/szkola-podstawowa-nr-56-im-andrzeja-struga-w-gdansku-9704,Gdańsk,POMORSKIE,39.32,457,649,True
2025,mathematics,120,019c23da-2801-7317-a118-0261767bd083,ZESPÓŁ SZKOLNO-PRZEDSZKOLNY NR 11- SZKOŁA PODSTAWOWA NR 61 IM. JÓZEFA WYBICKIEGO W GDAŃSKU,gdansk/szkola-podstawowa/zespol-szkolno-przedszkolny-nr-11-szkola-podstawowa-nr-61-im-jozefa-wybickiego-w-gdansku-16564,Gdańsk,POMORSKIE,39,459,649,True
2025,mathematics,121,019c23a3-6c55-7725-83c1-8f8655b3fd79,SZKOŁA PODSTAWOWA NR 35 IM. KPT. STANISŁAWA KOSKO,gdynia/szkola-podstawowa/szkola-podstawowa-nr-35-im-kpt-stanislawa-kosko-4284,Gdynia,POMORSKIE,38.19,474,649,True
2025,mathematics,122,019c23da-282c-7c40-8042-3e6d22bcad3e,SZKOŁA PODSTAWOWA NR 62 W GDAŃSKU,gdansk/szkola-podstawowa/szkola-podstawowa-nr-62-w-gdansku-16641,Gdańsk,POMORSKIE,36.44,509,649,True
2025,mathematics,123,019c23e6-6336-74b1-a323-90ae57d82d2b,SZKOŁA PODSTAWOWA NR 52 W GDYNI,gdynia/szkola-podstawowa/szkola-podstawowa-nr-52-w-gdyni-196336,Gdynia,POMORSKIE,36.3,512,649,True
2025,mathematics,124,019c23e7-52ca-784c-811e-bda62a5e0807,NIEPUBLICZNA SZKOŁA PODSTAWOWA ŻYRAFIA OSADA,gdansk/szkola-podstawowa/niepubliczna-szkola-podstawowa-zyrafia-osada-272459,Gdańsk,POMORSKIE,34.33,533,649,False
2025,mathematics,125,019c23d8-fd9d-744e-9f82-5950635e30d5,SZKOŁA PODSTAWOWA NR 40 IM. KPT. LEONIDA TELIGI W GDAŃSKU,gdansk/szkola-podstawowa/szkola-podstawowa-nr-40-im-kpt-leonida-teligi-w-gdansku-9081,Gdańsk,POMORSKIE,33.91,538,649,True
2025,mathematics,126,019c23da-47f8-70d9-9ef8-b86e471b170f,ZESPÓŁ SZKOLNO-PRZEDSZKOLNY NR 4 SZKOŁA PODSTAWOWA NR 11 IM. NA BURSZTYNOWYM SZLAKU W GDAŃSKU,gdansk/szkola-podstawowa/zespol-szkolno-przedszkolny-nr-4-szkola-podstawowa-nr-11-im-na-bursztynowym-szlaku-w-gdansku-17319,Gdańsk,POMORSKIE,32.96,553,649,True
2025,mathematics,127,019c23da-9c15-72ac-ab7f-c6b1a8a99cd9,SZKOŁA PODSTAWOWA NR 83 IM. ŻOŁNIERZY Z WESTERPLATTE W GDAŃSKU,gdansk/szkola-podstawowa/szkola-podstawowa-nr-83-im-zolnierzy-z-westerplatte-w-gdansku-19432,Gdańsk,POMORSKIE,31.43,567,649,True
2025,mathematics,128,019c23da-431f-7c71-94e8-8342096d9b44,SZKOŁA PODSTAWOWA NR 4 IM. KRÓLA KAZIMIERZA JAGIELLOŃCZYKA W GDAŃSKU,gdansk/szkola-podstawowa/szkola-podstawowa-nr-4-im-krola-kazimierza-jagiellonczyka-w-gdansku-17192,Gdańsk,POMORSKIE,31,578,649,True
2025,mathematics,129,019c23d9-2b49-7cd5-adb2-cca317fb715b,SZKOŁA PODSTAWOWA NR 16 IM. WŁADYSŁAWA BRONIEWSKIEGO W GDAŃSKU,gdansk/szkola-podstawowa/szkola-podstawowa-nr-16-im-wladyslawa-broniewskiego-w-gdansku-10294,Gdańsk,POMORSKIE,30.84,582,649,True
2025,mathematics,130,019c23a3-70b9-7839-89f4-5c8c3b97c69d,SZKOŁA PODSTAWOWA NR 10 IM. EUGENIUSZA KWIATKOWSKIEGO,gdynia/szkola-podstawowa/szkola-podstawowa-nr-10-im-eugeniusza-kwiatkowskiego-4300,Gdynia,POMORSKIE,30.03,592,649,True
2025,mathematics,131,019c23da-ae03-724a-85aa-1dc846c7c42b,SZKOŁA PODSTAWOWA NR 65 IM. ALFA LICZMAŃSKIEGO W GDAŃSKU,gdansk/szkola-podstawowa/szkola-podstawowa-nr-65-im-alfa-liczmanskiego-w-gdansku-19820,Gdańsk,POMORSKIE,30,593,649,True
2025,mathematics,132,019c23d9-4d0e-782d-8261-01f1fb99f1ce,SZKOŁA PODSTAWOWA NR 49 IM. KS. BRONISŁAWA KOMOROWSKIEGO W GDAŃSKU,gdansk/szkola-podstawowa/szkola-podstawowa-nr-49-im-ks-bronislawa-komorowskiego-w-gdansku-11179,Gdańsk,POMORSKIE,20.21,631,649,True
2025,mathematics,133,019c23dc-d556-7fff-be9c-9054842b9126,SZKOŁA PODSTAWOWA SPECJALNA NR 28,gdansk/szkola-podstawowa/szkola-podstawowa-specjalna-nr-28-39066,Gdańsk,POMORSKIE,14,644,649,True
2026,mathematics,1,019c23e1-7546-7a86-9791-e2c8d2fa541c,III SPOŁECZNA SZKOŁA PODSTAWOWA SPOŁECZNEGO TOWARZYSTWA OŚWIATOWEGO,gdansk/szkola-podstawowa/iii-spoleczna-szkola-podstawowa-spolecznego-towarzystwa-oswiatowego-86458,Gdańsk,POMORSKIE,94.94,1,667,False
2026,mathematics,2,019c23dc-0ac6-7b9c-beca-c8c521f0c7d0,NIEPUBLICZNA POLSKO-BRYTYJSKA SZKOŁA PODSTAWOWA NR 1,gdansk/szkola-podstawowa/niepubliczna-polsko-brytyjska-szkola-podstawowa-nr-1-28757,Gdańsk,POMORSKIE,94.27,2,667,False
2026,mathematics,3,019c23df-42af-7f75-a61d-e7cab4b0088e,"NIEPUBLICZNA SZKOŁA PODSTAWOWA ""SOKRATES""",gdansk/szkola-podstawowa/niepubliczna-szkola-podstawowa-sokrates-66309,Gdańsk,POMORSKIE,90.59,3,667,False
2026,mathematics,4,019c23c2-5015-788a-b0d6-d50600a116f4,PIERWSZA SZKOŁA SPOŁECZNA PODSTAWOWA IM.DZIECI ZJEDNOCZONEJ EUROPY,gdynia/szkola-podstawowa/pierwsza-szkola-spoleczna-podstawowa-im-dzieci-zjednoczonej-europy-5959,Gdynia,POMORSKIE,90.39,4,667,False
2026,mathematics,5,019c23e1-616e-74f1-adca-e1dedbc7bfcc,GDAŃSKIE SZKOŁY AUTONOMICZNE GDAŃSKA AUTONOMICZNA SZKOŁA PODSTAWOWA,gdansk/szkola-podstawowa/gdanskie-szkoly-autonomiczne-gdanska-autonomiczna-szkola-podstawowa-85999,Gdańsk,POMORSKIE,89.89,5,667,False
2026,mathematics,6,019c23e2-10a9-7973-9adf-79949fc7bf33,AMERYKAŃSKA SZKOŁA PODSTAWOWA Z WYKŁADOWYM JĘZYKIEM ANGIELSKIM,gdynia/szkola-podstawowa/amerykanska-szkola-podstawowa-z-wykladowym-jezykiem-angielskim-90298,Gdynia,POMORSKIE,88.43,7,667,False
2026,mathematics,7,019c23df-0382-744f-9214-164cfe6ca861,KATOLICKA SZKOŁA PODSTAWOWA IM ŚW. RODZINY W GDYNI,gdynia/szkola-podstawowa/katolicka-szkola-podstawowa-im-sw-rodziny-w-gdyni-62306,Gdynia,POMORSKIE,86.91,8,667,True
2026,mathematics,8,019c23e5-2a6a-73ce-975e-592aeded4b87,SZKOŁA PODSTAWOWA AKADEMII DOBREJ EDUKACJI IM. MACIEJA PŁAŻYŃSKIEGO,gdansk/szkola-podstawowa/szkola-podstawowa-akademii-dobrej-edukacji-im-macieja-plazynskiego-126944,Gdańsk,POMORSKIE,86.67,9,667,False
2026,mathematics,9,019c23e1-6b8c-747d-b86a-71d4163a5729,II SPOŁECZNA SZKOŁA PODSTAWOWA SPOŁECZNEGO TOWARZYSTWA OŚWIATOWEGO,gdansk/szkola-podstawowa/ii-spoleczna-szkola-podstawowa-spolecznego-towarzystwa-oswiatowego-86125,Gdańsk,POMORSKIE,86.5,10,667,False
2026,mathematics,10,019c23dd-3a9e-7e6f-80ef-4d360046bc2a,"PODSTAWOWA SZKOŁA SPOŁECZNA ""NIEDŹWIEDNIK""",gdansk/szkola-podstawowa/podstawowa-szkola-spoleczna-niedzwiednik-43412,Gdańsk,POMORSKIE,86.25,11,667,False
2026,mathematics,11,019c23e4-0df5-72c8-8d0a-f60a60b1d6aa,FREGATA SZKOŁA PODSTAWOWA DLA DZIEWCZĄT,gdansk/szkola-podstawowa/fregata-szkola-podstawowa-dla-dziewczat-119762,Gdańsk,POMORSKIE,85.22,14,667,False
2026,mathematics,12,019c23e0-a250-77d3-9f40-51c0eb31bc45,NOWY ŚWIAT NIEPUBLICZNA SZKOŁA PODSTAWOWA,gdansk/szkola-podstawowa/nowy-swiat-niepubliczna-szkola-podstawowa-80448,Gdańsk,POMORSKIE,84.43,16,667,False
2026,mathematics,13,019c23dc-4f7e-7b00-893f-76a6c05182cb,"""FREGATA"" SZKOŁA PODSTAWOWA DLA CHŁOPCÓW",gdansk/szkola-podstawowa/fregata-szkola-podstawowa-dla-chlopcow-30613,Gdańsk,POMORSKIE,83.08,17,667,False
2026,mathematics,14,019c23e1-7027-749c-bb81-1e9b35e222db,SZKOŁA PODSTAWOWA IM. ŚW. JANA DE LA SALLE,gdansk/szkola-podstawowa/szkola-podstawowa-im-sw-jana-de-la-salle-86264,Gdańsk,POMORSKIE,82.94,18,667,False
2026,mathematics,15,019c23e1-702a-7a7b-ac88-3904f32de525,KATOLICKA SZKOŁA PODSTAWOWA IM. ŚW. KAZIMIERZA W GDAŃSKU,gdansk/szkola-podstawowa/katolicka-szkola-podstawowa-im-sw-kazimierza-w-gdansku-86270,Gdańsk,POMORSKIE,81.82,19,667,False
2026,mathematics,16,019c23e6-0057-7286-81e5-64c55679732b,SZKOŁA PODSTAWOWA BE MONTESSORI SCHOOL GDAŃSK,gdansk/szkola-podstawowa/szkola-podstawowa-be-montessori-school-gdansk-131758,Gdańsk,POMORSKIE,81.38,20,667,False
2026,mathematics,17,019c23e6-8743-7bcc-93e1-e404525427ad,KATOLICKA SZKOŁA PODSTAWOWA IM. ŚW. JANA PAWŁA II W GDYNI,gdynia/szkola-podstawowa/katolicka-szkola-podstawowa-im-sw-jana-pawla-ii-w-gdyni-263021,Gdynia,POMORSKIE,80.59,21,667,True
2026,mathematics,18,019c23d9-1e9b-77ef-b38a-df73b6885e86,GDAŃSKA SZKOŁA SZERMIERKI - SZKOŁA PODSTAWOWA NR 70 Z ODDZIAŁAMI SPORTOWYMI W GDAŃSKU,gdansk/szkola-podstawowa/gdanska-szkola-szermierki-szkola-podstawowa-nr-70-z-oddzialami-sportowymi-w-gdansku-9987,Gdańsk,POMORSKIE,80.43,23,667,True
2026,mathematics,19,019c23e4-e46e-77cd-9898-1265e6b8e72a,"SZKOŁA PODSTAWOWA TOWARZYSTWA EDUKACYJNEGO ""VIZJA""",gdansk/szkola-podstawowa/szkola-podstawowa-towarzystwa-edukacyjnego-vizja-125174,Gdańsk,POMORSKIE,80,27,667,False
2026,mathematics,20,019c23e6-8232-73bf-b6e1-7a35421bad2a,GDAŃSKA SZKOŁA PODSTAWOWA LINGWISTA IM. HYMNU NARODOWEGO,gdansk/szkola-podstawowa/gdanska-szkola-podstawowa-lingwista-im-hymnu-narodowego-262904,Gdańsk,POMORSKIE,79.42,29,667,False
2026,mathematics,21,019c23a3-638e-77f5-a650-11ec5780f3a1,SZKOŁA PODSTAWOWA NR 20 IM. 2 MORSKIEGO PUŁKU STRZELCÓW,gdynia/szkola-podstawowa/szkola-podstawowa-nr-20-im-2-morskiego-pulku-strzelcow-4053,Gdynia,POMORSKIE,79.14,30,667,True
2026,mathematics,22,019c23d8-c6c3-7bb7-8e43-445c8d4a0b6a,SZKOŁA PODSTAWOWA NR 27 IM. DZIECI ZJEDNOCZONEJ EUROPY W GDAŃSKU,gdansk/szkola-podstawowa/szkola-podstawowa-nr-27-im-dzieci-zjednoczonej-europy-w-gdansku-7678,Gdańsk,POMORSKIE,77.6,31,667,True
2026,mathematics,23,019c23a3-75b0-7d7e-86dd-3343db3b43a5,SZKOŁA PODSTAWOWA NR 34 Z ODDZIAŁAMI INTEGRACYJNYMI IM. LEONIDA TELIGI,gdynia/szkola-podstawowa/szkola-podstawowa-nr-34-z-oddzialami-integracyjnymi-im-leonida-teligi-4419,Gdynia,POMORSKIE,77.55,32,667,True
2026,mathematics,24,019c23a3-7a25-7a48-9035-f6ee0586e79e,SZKOŁA PODSTAWOWA NR 18 IM. KORNELA MAKUSZYŃSKIEGO,gdynia/szkola-podstawowa/szkola-podstawowa-nr-18-im-kornela-makuszynskiego-4563,Gdynia,POMORSKIE,76.47,36,667,True
2026,mathematics,25,019c23e6-684d-706a-997d-2aa66781268f,ZESPÓŁ SZKÓŁ OGÓLNOKSZTAŁCĄCYCH NR 2 SZKOŁA PODSTAWOWA NR 33 IM. STEFANA BANACHA W GDAŃSKU,gdansk/szkola-podstawowa/zespol-szkol-ogolnoksztalcacych-nr-2-szkola-podstawowa-nr-33-im-stefana-banacha-w-gdansku-262215,Gdańsk,POMORSKIE,73.37,39,667,True
2026,mathematics,26,019c23e1-6bad-7a57-91d1-e87f5608fb63,I SPOŁECZNA SZKOŁA PODSTAWOWA SPOŁECZNEGO TOWARZYSTWA OŚWIATOWEGO,gdansk/szkola-podstawowa/i-spoleczna-szkola-podstawowa-spolecznego-towarzystwa-oswiatowego-86148,Gdańsk,POMORSKIE,72.53,43,667,False
2026,mathematics,27,019c23d9-2ff9-7558-b408-a671ea287fd4,SZKOŁA PODSTAWOWA NR 77 W GDAŃSKU,gdansk/szkola-podstawowa/szkola-podstawowa-nr-77-w-gdansku-10388,Gdańsk,POMORSKIE,72.46,44,667,True
2026,mathematics,28,019c23e6-44e2-71ff-9942-036eed85be55,SZKOŁA PODSTAWOWA JEZUITÓW Z ODDZIAŁAMI DWUJĘZYCZNYMI IM. ŚW. STANISŁAWA KOSTKI W GDYNI,gdynia/szkola-podstawowa/szkola-podstawowa-jezuitow-z-oddzialami-dwujezycznymi-im-sw-stanislawa-kostki-w-gdyni-133486,Gdynia,POMORSKIE,71.75,47,667,False
2026,mathematics,29,019c23d9-4902-7358-8dc6-56f76bc75175,SZKOŁA PODSTAWOWA NR 46 W GDAŃSKU,gdansk/szkola-podstawowa/szkola-podstawowa-nr-46-w-gdansku-11134,Gdańsk,POMORSKIE,71.65,48,667,True
2026,mathematics,30,019c23e4-b360-786c-ac20-381ed98490bd,POZYTYWNA SZKOŁA PODSTAWOWA IM. ARKADIUSZA ARAMA RYBICKIEGO W GDAŃSKU,gdansk/szkola-podstawowa/pozytywna-szkola-podstawowa-im-arkadiusza-arama-rybickiego-w-gdansku-124084,Gdańsk,POMORSKIE,71.55,50,667,True
2026,mathematics,31,019c23e2-287c-7ccd-8fc1-96afe989471e,GDYŃSKA SZKOŁA SPOŁECZNA,gdynia/szkola-podstawowa/gdynska-szkola-spoleczna-90963,Gdynia,POMORSKIE,70.96,51,667,False
2026,mathematics,32,019c23dc-d559-74be-95fd-718e8de6e0c7,SZKOŁA PODSTAWOWA NR 48 IM. GEN. JÓZEFA HALLERA W GDAŃSKU,gdansk/szkola-podstawowa/szkola-podstawowa-nr-48-im-gen-jozefa-hallera-w-gdansku-39070,Gdańsk,POMORSKIE,70.75,52,667,True
2026,mathematics,33,019c23dd-003a-7b91-bef7-d4aa330ccd8f,PODSTAWOWA SZKOŁA GEDANENSIS,gdansk/szkola-podstawowa/podstawowa-szkola-gedanensis-41069,Gdańsk,POMORSKIE,70.54,53,667,False
2026,mathematics,34,019c23d9-eba1-7f39-bab8-3a23a9c4095f,SZKOŁA PODSTAWOWA NR 1 IM. MARIUSZA ZARUSKIEGO W GDAŃSKU,gdansk/szkola-podstawowa/szkola-podstawowa-nr-1-im-mariusza-zaruskiego-w-gdansku-15124,Gdańsk,POMORSKIE,70.25,55,667,True
2026,mathematics,35,019c23e0-8b74-72e7-8e09-ed9226ceb02a,"NIEPUBLICZNA SZKOŁA PODSTAWOWA ""NASZA SZKOŁA""",gdansk/szkola-podstawowa/niepubliczna-szkola-podstawowa-nasza-szkola-79859,Gdańsk,POMORSKIE,70.07,57,667,False
2026,mathematics,36,019c23d9-389c-7d45-a285-0c4572f7f969,SZKOŁA PODSTAWOWA NR 24 IM. GUSTAWA MORCINKA W GDAŃSKU,gdansk/szkola-podstawowa/szkola-podstawowa-nr-24-im-gustawa-morcinka-w-gdansku-10634,Gdańsk,POMORSKIE,70,59,667,True
2026,mathematics,37,019c23d8-c6bd-799e-9b80-d85cac1026bb,SZKOŁA PODSTAWOWA NR 46,gdynia/szkola-podstawowa/szkola-podstawowa-nr-46-7669,Gdynia,POMORSKIE,69.95,60,667,True
2026,mathematics,38,019c23d8-e47c-7508-876a-98d51336b614,SZKOŁA PODSTAWOWA NR 8 IM. OBROŃCÓW HELU,gdynia/szkola-podstawowa/szkola-podstawowa-nr-8-im-obroncow-helu-8469,Gdynia,POMORSKIE,69.86,61,667,True
2026,mathematics,39,019c23d9-0619-720a-93a6-8edb2759c6b2,SZKOŁA PODSTAWOWA NR 14 IM. KS. GRZEGORZA PIRAMOWICZA W GDAŃSKU,gdansk/szkola-podstawowa/szkola-podstawowa-nr-14-im-ks-grzegorza-piramowicza-w-gdansku-9378,Gdańsk,POMORSKIE,69.59,63,667,True
2026,mathematics,40,019c23d8-c2ba-7bcd-8948-9b3fcebc65ac,SZKOŁA PODSTAWOWA NR 44 IM. OBROŃCÓW WYBRZEŻA,gdynia/szkola-podstawowa/szkola-podstawowa-nr-44-im-obroncow-wybrzeza-7580,Gdynia,POMORSKIE,69.56,64,667,True
2026,mathematics,41,019c23df-42b0-741e-a372-78fd58048094,"GDAŃSKA SZKOŁA PODSTAWOWA ""LINGWISTA"" IM. ZJEDNOCZONEJ EUROPY",gdansk/szkola-podstawowa/gdanska-szkola-podstawowa-lingwista-im-zjednoczonej-europy-66313,Gdańsk,POMORSKIE,69.44,65,667,False
2026,mathematics,42,019c23da-df6d-70fb-a550-320356e362db,SZKOŁA PODSTAWOWA NR 81 W GDAŃSKU IM. PROF. MICHAŁA SIEDLECKIEGO,gdansk/szkola-podstawowa/szkola-podstawowa-nr-81-w-gdansku-im-prof-michala-siedleckiego-21025,Gdańsk,POMORSKIE,69.21,66,667,True
2026,mathematics,43,019c23a3-75e9-7347-bd1d-1b2cbe30a2e8,SZKOŁA PODSTAWOWA NR 37 IM. OBROŃCÓW KĘPY OKSYWSKIEJ,gdynia/szkola-podstawowa/szkola-podstawowa-nr-37-im-obroncow-kepy-oksywskiej-4482,Gdynia,POMORSKIE,68.47,73,667,True
2026,mathematics,44,019c23da-3e61-71e4-b691-c712f00f4e4e,SZKOŁA PODSTAWOWA NR 38 IM. GEN. STANISŁAWA MACZKA W GDAŃSKU,gdansk/szkola-podstawowa/szkola-podstawowa-nr-38-im-gen-stanislawa-maczka-w-gdansku-17066,Gdańsk,POMORSKIE,68.44,74,667,True
2026,mathematics,45,019c23e6-684d-706a-997d-2aa666099a4c,ZESPÓŁ SZKÓŁ OGÓLNOKSZTAŁCĄCYCH NR 7 SZKOŁA PODSTAWOWA NR 3 IM. JANA PAWŁA II W GDAŃSKU,gdansk/szkola-podstawowa/zespol-szkol-ogolnoksztalcacych-nr-7-szkola-podstawowa-nr-3-im-jana-pawla-ii-w-gdansku-262214,Gdańsk,POMORSKIE,68.4,75,667,True
2026,mathematics,46,019c23da-4809-7922-8ead-161d0e3c157b,ZESPÓŁ SZKOLNO-PRZEDSZKOLNY NR 5 SZKOŁA PODSTAWOWA NR 92 IM. KARD. STEFANA WYSZYŃSKIEGO PRYMASA TYSIĄCLECIA W GDAŃSKU,gdansk/szkola-podstawowa/zespol-szkolno-przedszkolny-nr-5-szkola-podstawowa-nr-92-im-kard-stefana-wyszynskiego-prymasa-tysiaclecia-w-gdansku-17348,Gdańsk,POMORSKIE,68.38,76,667,True
2026,mathematics,47,019c23a3-70c6-7bb5-a755-019f996cf421,SZKOŁA PODSTAWOWA NR 17 IM. WICEADM. JÓZEFA UNRUGA,gdynia/szkola-podstawowa/szkola-podstawowa-nr-17-im-wiceadm-jozefa-unruga-4307,Gdynia,POMORSKIE,68.21,78,667,True
2026,mathematics,48,019c23df-d124-73b5-88a5-48d994aa5d99,BRITISH INTERNATIONAL SCHOOL GDAŃSK - SZKOLA PODSTAWOWA,gdansk/szkola-podstawowa/british-international-school-gdansk-szkola-podstawowa-71958,Gdańsk,POMORSKIE,67.86,81,667,False
2026,mathematics,49,019c23da-1b7c-792c-a0a7-e530093145c9,SZKOŁA PODSTAWOWA NR 19 IM. ZASŁUŻONYCH LUDZI MORZA W GDAŃSKU,gdansk/szkola-podstawowa/szkola-podstawowa-nr-19-im-zasluzonych-ludzi-morza-w-gdansku-16227,Gdańsk,POMORSKIE,67.85,82,667,True
2026,mathematics,50,019c23e6-96ba-7889-a06a-b4d79d97175a,CHRZEŚCIJAŃSKA SZKOŁA MONTESSORI NR 2,gdansk/szkola-podstawowa/chrzescijanska-szkola-montessori-nr-2-263516,Gdańsk,POMORSKIE,67.83,83,667,False
2026,mathematics,51,019c23d8-fd9e-761e-b612-0e8e151bc223,ZESPÓŁ SZKOLNO-PRZEDSZKOLNY NR 2 -SZKOŁA PODSTAWOWA NR 42 IM. IGNACEGO JANA PADEREWSKIEGO W GDAŃSKU,gdansk/szkola-podstawowa/zespol-szkolno-przedszkolny-nr-2-szkola-podstawowa-nr-42-im-ignacego-jana-paderewskiego-w-gdansku-9082,Gdańsk,POMORSKIE,67.79,84,667,True
2026,mathematics,52,019c23d9-2b63-75d2-adec-34a0b4117138,SZKOŁA PODSTAWOWA NR 47 IM. KASZUBSKIEJ BRYGADY WOP W GDAŃSKU,gdansk/szkola-podstawowa/szkola-podstawowa-nr-47-im-kaszubskiej-brygady-wop-w-gdansku-10347,Gdańsk,POMORSKIE,67.29,86,667,True
2026,mathematics,53,019c23da-6f03-7a2c-aca0-ea29a1b765a7,ZESPÓŁ SZKÓŁ SPORTOWYCH I MISTRZOSTWA SPORTOWEGO IM. JANUSZA KUSOCIŃSKIEGO SPORTOWA SZKOŁA PODSTAWOWA NR 75 Z ODDZIAŁAMI MISTRZOSTWA SPORTOWEGO IM. JANUSZA KUSOCIŃSKIEGO W GDAŃSKU,gdansk/szkola-podstawowa/zespol-szkol-sportowych-i-mistrzostwa-sportowego-im-janusza-kusocinskiego-sportowa-szkola-podstawowa-nr-75-z-oddzialami-mistrzostwa-sportowego-im-janusza-kusocinskiego-w-gdansku-18269,Gdańsk,POMORSKIE,67.02,88,667,True
2026,mathematics,54,019c23d8-ecbd-7091-915f-8b6001e8b49b,ZESPÓŁ SZKOLNO-PRZEDSZKOLNY NR 10 - SZKOŁA PODSTAWOWA NR 80 IM. BUDOWNICZYCH PORTU PÓŁNOCNEGO W GDAŃSKU,gdansk/szkola-podstawowa/zespol-szkolno-przedszkolny-nr-10-szkola-podstawowa-nr-80-im-budowniczych-portu-polnocnego-w-gdansku-8641,Gdańsk,POMORSKIE,66.98,90,667,True
2026,mathematics,55,019c23d9-0ead-7630-9204-e6b92d9fecdb,SZKOŁA PODSTAWOWA NR 15 IM. DR URSZULI MROCZKIEWICZ W GDAŃSKU,gdansk/szkola-podstawowa/szkola-podstawowa-nr-15-im-dr-urszuli-mroczkiewicz-w-gdansku-9540,Gdańsk,POMORSKIE,66.93,91,667,True
2026,mathematics,56,019c23da-c063-757a-ada4-fa8901bb4825,SZKOŁA PODSTAWOWA NR 85 IM. ZRZESZENIA KASZUBSKO-POMORSKIEGO W GDAŃSKU,gdansk/szkola-podstawowa/szkola-podstawowa-nr-85-im-zrzeszenia-kaszubsko-pomorskiego-w-gdansku-20267,Gdańsk,POMORSKIE,66.92,92,667,True
2026,mathematics,57,019c23e6-051e-7701-88cc-d1057025f38f,MORSKA SZKOŁA PODSTAWOWA IM. ALEKSANDRA DOBY W GDAŃSKU,gdansk/szkola-podstawowa/morska-szkola-podstawowa-im-aleksandra-doby-w-gdansku-131786,Gdańsk,POMORSKIE,66.73,94,667,True
2026,mathematics,58,019c23a3-70d2-7755-a470-e426e5a2be3f,SZKOŁA PODSTAWOWA NR 26 IM. ŻOŁNIERZY ARMII KRAJOWEJ,gdynia/szkola-podstawowa/szkola-podstawowa-nr-26-im-zolnierzy-armii-krajowej-4319,Gdynia,POMORSKIE,66.08,98,667,True
2026,mathematics,59,019c23da-ce21-7983-91bc-81d75501e8ec,SZKOŁA PODSTAWOWA NR 84 IM. JANA BRZECHWY W GDAŃSKU,gdansk/szkola-podstawowa/szkola-podstawowa-nr-84-im-jana-brzechwy-w-gdansku-20599,Gdańsk,POMORSKIE,66.05,99,667,True
2026,mathematics,60,019c23d9-5991-7ce9-bb1e-4e647aaddc8a,SZKOŁA PODSTAWOWA NR 48 IM. PROFESORA KAZIMIERZA DEMELA,gdynia/szkola-podstawowa/szkola-podstawowa-nr-48-im-profesora-kazimierza-demela-11470,Gdynia,POMORSKIE,65.97,101,667,True
2026,mathematics,61,019c23e6-6336-74b1-a323-90ae58f27aae,SZKOŁA PODSTAWOWA NR 53 W GDYNI,gdynia/szkola-podstawowa/szkola-podstawowa-nr-53-w-gdyni-196340,Gdynia,POMORSKIE,65.46,103,667,True
2026,mathematics,62,019c23d8-a4ff-73a3-b479-b9299e17310f,SZKOŁA PODSTAWOWA NR 42 IM. KRÓLOWEJ JADWIGI,gdynia/szkola-podstawowa/szkola-podstawowa-nr-42-im-krolowej-jadwigi-6783,Gdynia,POMORSKIE,65.02,107,667,True
2026,mathematics,63,019c23d9-22dc-76f3-9e2a-664f7586c774,SZKOŁA PODSTAWOWA NR 45 IM. BOHATERÓW WESTERPLATTE W GDAŃSKU,gdansk/szkola-podstawowa/szkola-podstawowa-nr-45-im-bohaterow-westerplatte-w-gdansku-10166,Gdańsk,POMORSKIE,64.83,110,667,True
2026,mathematics,64,019c23d9-553e-73e4-9ace-31fd26aede63,SZKOŁA PODSTAWOWA NR 2 Z ODDZIAŁAMI SPORTOWYMI IM. ARMII KRAJOWEJ W GDAŃSKU,gdansk/szkola-podstawowa/szkola-podstawowa-nr-2-z-oddzialami-sportowymi-im-armii-krajowej-w-gdansku-11368,Gdańsk,POMORSKIE,64.72,111,667,True
2026,mathematics,65,019c23e8-3026-748c-b0d9-c17836f616c0,NIEPUBLICZNA SZKOŁA PODSTAWOWA MENTAL ARTS,gdansk/szkola-podstawowa/niepubliczna-szkola-podstawowa-mental-arts-478563,Gdańsk,POMORSKIE,64.3,113,667,False
2026,mathematics,66,019c23da-519a-7c2e-8060-0ebab795da65,SZKOŁA PODSTAWOWA NR 86 IM. PROF. JERZEGO SAMPA W GDAŃSKU,gdansk/szkola-podstawowa/szkola-podstawowa-nr-86-im-prof-jerzego-sampa-w-gdansku-17531,Gdańsk,POMORSKIE,64.05,115,667,True
2026,mathematics,67,019c23d9-3461-76c2-9659-24047f985f67,SZKOŁA PODSTAWOWA NR 89 IM. TADEUSZA MAZOWIECKIEGO W GDAŃSKU,gdansk/szkola-podstawowa/szkola-podstawowa-nr-89-im-tadeusza-mazowieckiego-w-gdansku-10576,Gdańsk,POMORSKIE,64.04,116,667,True
2026,mathematics,68,019c23c2-5021-765c-a5a1-10c9aa4aff6d,SZKOŁA PODSTAWOWA NR 29 IM. JERZEGO PUCKA W GDAŃSKU,gdansk/szkola-podstawowa/szkola-podstawowa-nr-29-im-jerzego-pucka-w-gdansku-5981,Gdańsk,POMORSKIE,64,117,667,True
2026,mathematics,69,019c23e0-d61a-7512-8943-90c776299544,GDAŃSKA SZKOŁA PODSTAWOWA,gdansk/szkola-podstawowa/gdanska-szkola-podstawowa-81749,Gdańsk,POMORSKIE,63.2,125,667,False
2026,mathematics,70,019c23d8-a52a-7a3a-8268-ef536be69d0e,SZKOŁA PODSTAWOWA NR 12,gdynia/szkola-podstawowa/szkola-podstawowa-nr-12-6850,Gdynia,POMORSKIE,63.13,127,667,True
2026,mathematics,71,019c23a3-70f8-75de-8860-8173575c4202,SZKOŁA PODSTAWOWA NR 33 IM. OBROŃCÓW KĘPY OKSYWSKIEJ,gdynia/szkola-podstawowa/szkola-podstawowa-nr-33-im-obroncow-kepy-oksywskiej-4369,Gdynia,POMORSKIE,62.73,130,667,True
2026,mathematics,72,019c23d9-0ec4-7c18-aff6-30bef43c1c8a,SZKOŁA PODSTAWOWA NR 39 IM. WOJSKA POLSKIEGO W GDAŃSKU,gdansk/szkola-podstawowa/szkola-podstawowa-nr-39-im-wojska-polskiego-w-gdansku-9587,Gdańsk,POMORSKIE,62.02,137,667,True
2026,mathematics,73,019c23a3-70d7-774d-af73-159690741af8,SZKOŁA PODSTAWOWA NR 16 IM. ORŁA BIAŁEGO,gdynia/szkola-podstawowa/szkola-podstawowa-nr-16-im-orla-bialego-4324,Gdynia,POMORSKIE,61.86,139,667,True
2026,mathematics,74,019c23da-5197-7e67-b2b5-1afa97f67aed,ZESPÓŁ SZKOLNO - PRZEDSZKOLNY NR 1 W GDAŃSKU - SZKOŁA PODSTAWOWA NR 76 IM. JAROSŁAWA DĄBROWSKIEGO,gdansk/szkola-podstawowa/zespol-szkolno-przedszkolny-nr-1-w-gdansku-szkola-podstawowa-nr-76-im-jaroslawa-dabrowskiego-17523,Gdańsk,POMORSKIE,61.77,143,667,True
2026,mathematics,75,019c23d8-d727-7bf3-b3fe-24b3ada1fc95,ZESPÓŁ SZKOLNO-PRZEDSZKOLNY NR 8 SZKOŁA PODSTAWOWA NR 8 W GDAŃSKU IM. PRZYJACIÓŁ ZIEMI,gdansk/szkola-podstawowa/zespol-szkolno-przedszkolny-nr-8-szkola-podstawowa-nr-8-w-gdansku-im-przyjaciol-ziemi-8060,Gdańsk,POMORSKIE,61.63,146,667,True
2026,mathematics,76,019c23e6-684c-7a8a-9df3-3936816eaab3,ZESPÓŁ SZKOLNO-PRZEDSZKOLNY NR 3 SZKOŁA PODSTAWOWA NR 72 IM. OBROŃCÓW WESTERPLATTE W GDAŃSKU,gdansk/szkola-podstawowa/zespol-szkolno-przedszkolny-nr-3-szkola-podstawowa-nr-72-im-obroncow-westerplatte-w-gdansku-262209,Gdańsk,POMORSKIE,61.53,148,667,True
2026,mathematics,77,019c23a3-70e8-7c0e-af43-3222d4fabbed,SZKOŁA PODSTAWOWA NR 21 IM. LUDZI MORZA I MARZEŃ W GDYNI,gdynia/szkola-podstawowa/szkola-podstawowa-nr-21-im-ludzi-morza-i-marzen-w-gdyni-4342,Gdynia,POMORSKIE,61.48,149,667,True
2026,mathematics,78,019c23d8-e470-7b69-baa6-781b51f124ca,SZKOŁA PODSTAWOWA NR 12 IM. PRZYJACIÓŁ GDAŃSKA,gdansk/szkola-podstawowa/szkola-podstawowa-nr-12-im-przyjaciol-gdanska-8438,Gdańsk,POMORSKIE,61.2,153,667,True
2026,mathematics,79,019c23d8-cacd-7a17-93b6-39278ecb5275,SZKOŁA PODSTAWOWA NR 47 IM FRANCISZKI CEGIELSKIEJ,gdynia/szkola-podstawowa/szkola-podstawowa-nr-47-im-franciszki-cegielskiej-7747,Gdynia,POMORSKIE,60.8,157,667,True
2026,mathematics,80,019c23a3-6c54-7172-91cf-67b2ea639da9,SZKOŁA PODSTAWOWA NR 29 IM. STEFANA ŻEROMSKIEGO,gdynia/szkola-podstawowa/szkola-podstawowa-nr-29-im-stefana-zeromskiego-4282,Gdynia,POMORSKIE,60.68,159,667,True
2026,mathematics,81,019c23e7-2804-7c8c-82a9-e0fdb5ab5be2,ZESPÓŁ SZKOLNO-PRZEDSZKOLNY NR 6 SZKOŁA PODSTAWOWA NR 6 W GDAŃSKU,gdansk/szkola-podstawowa/zespol-szkolno-przedszkolny-nr-6-szkola-podstawowa-nr-6-w-gdansku-270564,Gdańsk,POMORSKIE,60.62,160,667,True
2026,mathematics,82,019c23a3-6c42-73aa-8216-7415b651b210,SZKOŁA PODSTAWOWA NR 6 IM. ANTONIEGO ABRAHAMA,gdynia/szkola-podstawowa/szkola-podstawowa-nr-6-im-antoniego-abrahama-4254,Gdynia,POMORSKIE,60.61,161,667,True
2026,mathematics,83,019c23d9-3446-7a8e-ab24-a3631d3f5f55,SZKOŁA PODSTAWOWA NR 17 IM. HETMANA STEFANA CZARNIECKIEGO W GDAŃSKU,gdansk/szkola-podstawowa/szkola-podstawowa-nr-17-im-hetmana-stefana-czarnieckiego-w-gdansku-10509,Gdańsk,POMORSKIE,60.54,163,667,True
2026,mathematics,84,019c23d9-eba2-7f0f-b37d-bc2daa935d0b,ZESPÓŁ SZKÓŁ OGÓLNOKSZTAŁCĄCYCH NR 8 W GDAŃSKU - SZKOŁA PODSTAWOWA NR 5 IM. JANA PAWŁA II,gdansk/szkola-podstawowa/zespol-szkol-ogolnoksztalcacych-nr-8-w-gdansku-szkola-podstawowa-nr-5-im-jana-pawla-ii-15126,Gdańsk,POMORSKIE,60.07,172,667,True
2026,mathematics,85,019c23d9-40b0-79b5-9655-7cab9095c18f,SZKOŁA PODSTAWOWA NR 20 W GDAŃSKU IM. KMDR PPOR. JANA GRUDZIŃSKIEGO,gdansk/szkola-podstawowa/szkola-podstawowa-nr-20-w-gdansku-im-kmdr-ppor-jana-grudzinskiego-10842,Gdańsk,POMORSKIE,59.82,177,667,True
2026,mathematics,86,019c23e6-6335-7afe-bf27-af1cd30a158a,SZKOŁA PODSTAWOWA NR 51 W GDYNI,gdynia/szkola-podstawowa/szkola-podstawowa-nr-51-w-gdyni-196334,Gdynia,POMORSKIE,58.53,189,667,True
2026,mathematics,87,019c23d9-0a68-79f6-a021-c13fdb35a980,SZKOŁA PODSTAWOWA NR 44 IM. ADAMA MICKIEWICZA W GDAŃSKU,gdansk/szkola-podstawowa/szkola-podstawowa-nr-44-im-adama-mickiewicza-w-gdansku-9480,Gdańsk,POMORSKIE,58.05,195,667,True
2026,mathematics,88,019c23d9-345c-7ea2-b61b-48027c766a69,SZKOŁA PODSTAWOWA NR 35 Z ODDZIAŁAMI SPORTOWYMI IM. JANA PARANDOWSKIEGO W GDAŃSKU,gdansk/szkola-podstawowa/szkola-podstawowa-nr-35-z-oddzialami-sportowymi-im-jana-parandowskiego-w-gdansku-10561,Gdańsk,POMORSKIE,57.91,198,667,True
2026,mathematics,89,019c23e6-684b-7419-81fe-0a53b548460f,SZKOŁA PODSTAWOWA NR 43 IM. JANA KOCHANOWSKIEGO W GDAŃSKU,gdansk/szkola-podstawowa/szkola-podstawowa-nr-43-im-jana-kochanowskiego-w-gdansku-262207,Gdańsk,POMORSKIE,57.85,199,667,True
2026,mathematics,90,019c23e6-684c-7a8a-9df3-39367fc0f6da,SZKOŁA PODSTAWOWA NR 67 IM. KAPITANA ŻEGLUGI WIELKIEJ TADEUSZA ZIÓŁKOWSKIEGO,gdansk/szkola-podstawowa/szkola-podstawowa-nr-67-im-kapitana-zeglugi-wielkiej-tadeusza-ziolkowskiego-262208,Gdańsk,POMORSKIE,56.76,215,667,True
2026,mathematics,91,019c23dd-35b0-701e-8d37-e6dba044228e,SZKOŁA PODSTAWOWA NR 40 IM. KPT. Ż. W. K. O. BORCHARDTA W GDYNI,gdynia/szkola-podstawowa/szkola-podstawowa-nr-40-im-kpt-z-w-k-o-borchardta-w-gdyni-42897,Gdynia,POMORSKIE,56.65,218,667,True
2026,mathematics,92,019c23a3-6c55-7725-83c1-8f8655b3fd79,SZKOŁA PODSTAWOWA NR 35 IM. KPT. STANISŁAWA KOSKO,gdynia/szkola-podstawowa/szkola-podstawowa-nr-35-im-kpt-stanislawa-kosko-4284,Gdynia,POMORSKIE,56.18,225,667,True
2026,mathematics,93,019c23d8-e07a-727a-8b07-778131cb9584,SZKOŁA PODSTAWOWA NR 23 IM.DZIECI ŚWIATA W GDAŃSKU,gdansk/szkola-podstawowa/szkola-podstawowa-nr-23-im-dzieci-swiata-w-gdansku-8315,Gdańsk,POMORSKIE,55.86,226,667,True
2026,mathematics,94,019c23d8-e07d-76cb-9b5e-85b1a751670d,SZKOŁA PODSTAWOWA NR 79 W GDAŃSKU,gdansk/szkola-podstawowa/szkola-podstawowa-nr-79-w-gdansku-8320,Gdańsk,POMORSKIE,55.55,234,667,True
2026,mathematics,95,019c23d9-eba5-7de0-b876-e70dfbffee51,SZKOŁA PODSTAWOWA NR 82 IM. PROF. JANA CZOCHRALSKIEGO W GDAŃSKU,gdansk/szkola-podstawowa/szkola-podstawowa-nr-82-im-prof-jana-czochralskiego-w-gdansku-15135,Gdańsk,POMORSKIE,54.84,256,667,True
2026,mathematics,96,019c23e6-8234-7079-9edf-7a0a14cbe30e,NIEPUBLICZNA SZKOŁA PODSTAWOWA MISTRZOSTWA SPORTOWEGO GDAŃSKIEGO KLUBU SPORTOWEGO GEDANIA 1922,gdansk/szkola-podstawowa/niepubliczna-szkola-podstawowa-mistrzostwa-sportowego-gdanskiego-klubu-sportowego-gedania-1922-262911,Gdańsk,POMORSKIE,54.58,264,667,False
2026,mathematics,97,019c23dc-1811-7223-957c-286dc340975f,ZESPÓŁ KSZTAŁCENIA PODSTAWOWEGO I PRZEDSZKOLNEGO NR 1 W GDAŃSKU - SZKOŁA PODSTAWOWA NR 87,gdansk/szkola-podstawowa/zespol-ksztalcenia-podstawowego-i-przedszkolnego-nr-1-w-gdansku-szkola-podstawowa-nr-87-29329,Gdańsk,POMORSKIE,53.44,282,667,True
2026,mathematics,98,019c23d9-da46-7c1b-9c39-986de2e79ab4,SZKOŁA PODSTAWOWA NR 50 IM. E.PLATER W GDAŃSKU,gdansk/szkola-podstawowa/szkola-podstawowa-nr-50-im-e-plater-w-gdansku-14699,Gdańsk,POMORSKIE,52.97,292,667,True
2026,mathematics,99,019c23e1-6622-77f7-a4ee-d5f098fbba0c,ELEMENTARY INTERNATIONAL SCHOOL OF GDANSK/MIĘDZYNARODOWA SZKOŁA PODSTAWOWA W GDAŃSKU,gdansk/szkola-podstawowa/elementary-international-school-of-gdansk-miedzynarodowa-szkola-podstawowa-w-gdansku-86063,Gdańsk,POMORSKIE,52.86,294,667,False
2026,mathematics,100,019c23da-9c15-72ac-ab7f-c6b1a8a99cd9,SZKOŁA PODSTAWOWA NR 83 IM. ŻOŁNIERZY Z WESTERPLATTE W GDAŃSKU,gdansk/szkola-podstawowa/szkola-podstawowa-nr-83-im-zolnierzy-z-westerplatte-w-gdansku-19432,Gdańsk,POMORSKIE,52.63,297,667,True
2026,mathematics,101,019c23dc-d54f-79dc-8565-c0afa55f1254,ZESPÓŁ SZKOLNO-PRZEDSZKOLNY NR 9 - SZKOŁA PODSTAWOWA NR 7 IM.MJRA MIECZYSŁAWA SŁABEGO,gdansk/szkola-podstawowa/zespol-szkolno-przedszkolny-nr-9-szkola-podstawowa-nr-7-im-mjra-mieczyslawa-slabego-39056,Gdańsk,POMORSKIE,52.46,301,667,True
2026,mathematics,102,019c23e4-353d-7512-9435-8d4aefd8c29a,CHRZEŚCIJAŃSKA SZKOŁA MONTESSORI,gdansk/szkola-podstawowa/chrzescijanska-szkola-montessori-120645,Gdańsk,POMORSKIE,52.43,304,667,False
2026,mathematics,103,019c23c2-3f92-75cb-905d-13b1f3eabd7d,SZKOŁA PODSTAWOWA NR 13 IM. LUCJANA CYLKOWSKIEGO,gdynia/szkola-podstawowa/szkola-podstawowa-nr-13-im-lucjana-cylkowskiego-5534,Gdynia,POMORSKIE,52.39,307,667,True
2026,mathematics,104,019c23dc-b40a-798a-ba95-5692bb2959f6,SZKOŁA PODSTAWOWA NR 43 IM. WICEADMIRAŁA KAZIMIERZA PORĘBSKIEGO,gdynia/szkola-podstawowa/szkola-podstawowa-nr-43-im-wiceadmirala-kazimierza-porebskiego-35190,Gdynia,POMORSKIE,52.27,311,667,True
2026,mathematics,105,019c23da-0a47-79b7-8d48-cb89702169f5,SZKOŁA PODSTAWOWA NR 59 IM. I DYWIZJI PANCERNEJ GEN. STANISŁAWA MACZKA W GDAŃSKU,gdansk/szkola-podstawowa/szkola-podstawowa-nr-59-im-i-dywizji-pancernej-gen-stanislawa-maczka-w-gdansku-15831,Gdańsk,POMORSKIE,51.88,315,667,True
2026,mathematics,106,019c23d9-e794-7627-b7b8-61c1032c9f2c,SZKOŁA PODSTAWOWA NR 52 IM. TADEUSZA KOŚCIUSZKI W GDAŃSKU,gdansk/szkola-podstawowa/szkola-podstawowa-nr-52-im-tadeusza-kosciuszki-w-gdansku-15022,Gdańsk,POMORSKIE,51,332,667,True
2026,mathematics,107,019c23a3-6c25-78e2-83db-aa6e190a852b,SZKOŁA PODSTAWOWA NR 39 IM. KPT Ż. W. KAZIMIERZA JURKIEWICZA,gdynia/szkola-podstawowa/szkola-podstawowa-nr-39-im-kpt-z-w-kazimierza-jurkiewicza-4221,Gdynia,POMORSKIE,50.37,346,667,True
2026,mathematics,108,019c23d9-2b49-7cd5-adb2-cca317fb715b,SZKOŁA PODSTAWOWA NR 16 IM. WŁADYSŁAWA BRONIEWSKIEGO W GDAŃSKU,gdansk/szkola-podstawowa/szkola-podstawowa-nr-16-im-wladyslawa-broniewskiego-w-gdansku-10294,Gdańsk,POMORSKIE,50.27,348,667,True
2026,mathematics,109,019c23a3-7a00-7af2-af5c-a2ea233a5be0,SZKOŁA PODSTAWOWA NR 28 IM. LOTNIKÓW POLSKICH,gdynia/szkola-podstawowa/szkola-podstawowa-nr-28-im-lotnikow-polskich-4529,Gdynia,POMORSKIE,50.04,352,667,True
2026,mathematics,110,019c23da-4cf4-7a92-9517-c95e57d65bf2,ZESPÓŁ SZKÓŁ OGÓLNOKSZTAŁCĄCYCH NR 10 IM. EUGENIUSZA KWIATKOWSKIEGO W GDAŃSKU - SZKOŁA PODSTAWOWA NR 18,gdansk/szkola-podstawowa/zespol-szkol-ogolnoksztalcacych-nr-10-im-eugeniusza-kwiatkowskiego-w-gdansku-szkola-podstawowa-nr-18-17430,Gdańsk,POMORSKIE,50,353,667,True
2026,mathematics,111,019c23d8-fd9d-744e-9f82-5950635e30d5,SZKOŁA PODSTAWOWA NR 40 IM. KPT. LEONIDA TELIGI W GDAŃSKU,gdansk/szkola-podstawowa/szkola-podstawowa-nr-40-im-kpt-leonida-teligi-w-gdansku-9081,Gdańsk,POMORSKIE,49.44,370,667,True
2026,mathematics,112,019c23da-16a7-7bae-bd8f-f15b4d7b4094,SZKOŁA PODSTAWOWA NR 58 IM. KAZIMIERZA SOŁTYSIKA W GDAŃSKU,gdansk/szkola-podstawowa/szkola-podstawowa-nr-58-im-kazimierza-soltysika-w-gdansku-16171,Gdańsk,POMORSKIE,48.88,385,667,True
2026,mathematics,113,019c23e6-3628-785b-a4dc-cc72df55f50b,ZESPÓŁ SZKÓŁ OGÓLNOKSZTAŁCĄCYCH NR 6 SZKOŁA PODSTAWOWA MISTRZOSTWA SPORTOWEGO NR 94 IM. HANZY W GDAŃSKU,gdansk/szkola-podstawowa/zespol-szkol-ogolnoksztalcacych-nr-6-szkola-podstawowa-mistrzostwa-sportowego-nr-94-im-hanzy-w-gdansku-133139,Gdańsk,POMORSKIE,48.67,389,667,True
2026,mathematics,114,019c23d8-b206-7f8a-bf08-fb2a039dbb74,SZKOŁA PODSTAWOWA NR 31 IM. SYNÓW PUŁKU,gdynia/szkola-podstawowa/szkola-podstawowa-nr-31-im-synow-pulku-7112,Gdynia,POMORSKIE,48.51,392,667,True
2026,mathematics,115,019c23d9-12c5-7174-806b-5519c4e30380,SZKOŁA PODSTAWOWA NR 56 IM. ANDRZEJA STRUGA W GDAŃSKU,gdansk/szkola-podstawowa/szkola-podstawowa-nr-56-im-andrzeja-struga-w-gdansku-9704,Gdańsk,POMORSKIE,48.41,394,667,True
2026,mathematics,116,019c23e8-659e-72be-9f6e-474cded9d05c,MORSKA SZKOŁA PODSTAWOWA GDAŃSK-POŁUDNIE,gdansk/szkola-podstawowa/morska-szkola-podstawowa-gdansk-poludnie-480742,Gdańsk,POMORSKIE,47.68,408,667,True
2026,mathematics,117,019c23e7-52ca-784c-811e-bda62a5e0807,NIEPUBLICZNA SZKOŁA PODSTAWOWA ŻYRAFIA OSADA,gdansk/szkola-podstawowa/niepubliczna-szkola-podstawowa-zyrafia-osada-272459,Gdańsk,POMORSKIE,46.65,427,667,False
2026,mathematics,118,019c23e6-360d-759c-84e6-ceea1e717cdf,"PUBLICZNA SZKOŁA PODSTAWOWA ""OLIMPIJCZYK"" W GDAŃSKU Z ODDZIAŁAMI SPORTOWYMI",gdansk/szkola-podstawowa/publiczna-szkola-podstawowa-olimpijczyk-w-gdansku-z-oddzialami-sportowymi-133053,Gdańsk,POMORSKIE,46.39,430,667,True
2026,mathematics,119,019c23d8-a94f-7be1-9898-adc01a806e7d,SZKOŁA PODSTAWOWA NR 11 IM. BOHATERÓW ZAŁOGI ORP GROM,gdynia/szkola-podstawowa/szkola-podstawowa-nr-11-im-bohaterow-zalogi-orp-grom-6970,Gdynia,POMORSKIE,45.69,454,667,True
2026,mathematics,120,019c23a3-70b9-7839-89f4-5c8c3b97c69d,SZKOŁA PODSTAWOWA NR 10 IM. EUGENIUSZA KWIATKOWSKIEGO,gdynia/szkola-podstawowa/szkola-podstawowa-nr-10-im-eugeniusza-kwiatkowskiego-4300,Gdynia,POMORSKIE,45.24,464,667,True
2026,mathematics,121,019c23a3-6c51-7e63-8e84-358314c7f2f7,SZKOŁA PODSTAWOWA NR 23,gdynia/szkola-podstawowa/szkola-podstawowa-nr-23-4277,Gdynia,POMORSKIE,44.93,467,667,True
2026,mathematics,122,019c23da-ae03-724a-85aa-1dc846c7c42b,SZKOŁA PODSTAWOWA NR 65 IM. ALFA LICZMAŃSKIEGO W GDAŃSKU,gdansk/szkola-podstawowa/szkola-podstawowa-nr-65-im-alfa-liczmanskiego-w-gdansku-19820,Gdańsk,POMORSKIE,44.7,471,667,True
2026,mathematics,123,019c23e6-6336-74b1-a323-90ae57d82d2b,SZKOŁA PODSTAWOWA NR 52 W GDYNI,gdynia/szkola-podstawowa/szkola-podstawowa-nr-52-w-gdyni-196336,Gdynia,POMORSKIE,44.64,474,667,True
2026,mathematics,124,019c23d9-1ebc-7f7f-8e28-6fd73a5690e0,SZKOŁA PODSTAWOWA NR 21 IM. KPT. Ż. W. OLGIERDA BORCHARDTA W GDAŃSKU,gdansk/szkola-podstawowa/szkola-podstawowa-nr-21-im-kpt-z-w-olgierda-borchardta-w-gdansku-10067,Gdańsk,POMORSKIE,43.67,493,667,True
2026,mathematics,125,019c23da-282c-7c40-8042-3e6d22bcad3e,SZKOŁA PODSTAWOWA NR 62 W GDAŃSKU,gdansk/szkola-podstawowa/szkola-podstawowa-nr-62-w-gdansku-16641,Gdańsk,POMORSKIE,43.44,500,667,True
2026,mathematics,126,019c23e7-a912-7e55-98fb-7e95644024c0,AUTONOMICZNA SZKOŁA PODSTAWOWA W GDYNI,gdynia/szkola-podstawowa/autonomiczna-szkola-podstawowa-w-gdyni-275665,Gdynia,POMORSKIE,43.29,505,667,False
2026,mathematics,127,019c23d9-eba1-7f39-bab8-3a23a758f192,ZESPÓŁ SZKOLNO-PRZEDSZKOLNY NR 7 SZKOŁA PODSTAWOWA NR 55 IM. JANA HEWELIUSZA W GDAŃSKU,gdansk/szkola-podstawowa/zespol-szkolno-przedszkolny-nr-7-szkola-podstawowa-nr-55-im-jana-heweliusza-w-gdansku-15122,Gdańsk,POMORSKIE,42,523,667,True
2026,mathematics,128,019c23da-431f-7c71-94e8-8342096d9b44,SZKOŁA PODSTAWOWA NR 4 IM. KRÓLA KAZIMIERZA JAGIELLOŃCZYKA W GDAŃSKU,gdansk/szkola-podstawowa/szkola-podstawowa-nr-4-im-krola-kazimierza-jagiellonczyka-w-gdansku-17192,Gdańsk,POMORSKIE,39.1,562,667,True
2026,mathematics,129,019c23da-47f8-70d9-9ef8-b86e471b170f,ZESPÓŁ SZKOLNO-PRZEDSZKOLNY NR 4 SZKOŁA PODSTAWOWA NR 11 IM. NA BURSZTYNOWYM SZLAKU W GDAŃSKU,gdansk/szkola-podstawowa/zespol-szkolno-przedszkolny-nr-4-szkola-podstawowa-nr-11-im-na-bursztynowym-szlaku-w-gdansku-17319,Gdańsk,POMORSKIE,38.63,570,667,True
2026,mathematics,130,019c23da-2000-7339-9fe0-e64502f79156,SZKOŁA PODSTAWOWA NR 88 IM. DANIELA GABRIELA FAHRENHEITA W GDAŃSKU,gdansk/szkola-podstawowa/szkola-podstawowa-nr-88-im-daniela-gabriela-fahrenheita-w-gdansku-16374,Gdańsk,POMORSKIE,37.93,581,667,True
2026,mathematics,131,019c23da-2801-7317-a118-0261767bd083,ZESPÓŁ SZKOLNO-PRZEDSZKOLNY NR 11- SZKOŁA PODSTAWOWA NR 61 IM. JÓZEFA WYBICKIEGO W GDAŃSKU,gdansk/szkola-podstawowa/zespol-szkolno-przedszkolny-nr-11-szkola-podstawowa-nr-61-im-jozefa-wybickiego-w-gdansku-16564,Gdańsk,POMORSKIE,37.04,593,667,True
2026,mathematics,132,019c23da-4cec-7562-b8d2-47abc21f2b67,SZKOŁA PODSTAWOWA NR 69 IM GENERAŁA STANISŁAWA SOSABOWSKIEGO W GDAŃSKU,gdansk/szkola-podstawowa/szkola-podstawowa-nr-69-im-generala-stanislawa-sosabowskiego-w-gdansku-17410,Gdańsk,POMORSKIE,34.24,616,667,True
2026,mathematics,133,019c23d9-4d0e-782d-8261-01f1fb99f1ce,SZKOŁA PODSTAWOWA NR 49 IM. KS. BRONISŁAWA KOMOROWSKIEGO W GDAŃSKU,gdansk/szkola-podstawowa/szkola-podstawowa-nr-49-im-ks-bronislawa-komorowskiego-w-gdansku-11179,Gdańsk,POMORSKIE,27.78,642,667,True
2026,mathematics,134,019c23d9-f4a4-71d1-8578-220dc18ef7eb,SZKOŁA PODSTAWOWA NR 60 W GDAŃSKU,gdansk/szkola-podstawowa/szkola-podstawowa-nr-60-w-gdansku-15253,Gdańsk,POMORSKIE,23.29,652,667,True
2026,mathematics,135,019c23dc-d556-7fff-be9c-9054842b9126,SZKOŁA PODSTAWOWA SPECJALNA NR 28,gdansk/szkola-podstawowa/szkola-podstawowa-specjalna-nr-28-39066,Gdańsk,POMORSKIE,14.63,664,667,True
